{"type":"FeatureCollection","name":"Smithsonian Holocene Volcanoes","features":[{"type":"Feature","geometry":{"type":"Point","coordinates":[6.85,50.17]},"properties":{"Volcano Number":210010,"Volcano Name":"West Eifel Volcanic Field","Country":"Germany","Volcanic Region Group":"European Volcanic Regions","Volcanic Region":"Central European Volcanic Province","Volcano Landform":"Cluster","Primary Volcano Type":"Volcanic field","Type Group":"Volcanic fields","Type Description":"Areas with many vents spread across a wider landscape.","Activity Evidence":"Eruption Dated","Activity Class":"Dated eruption","Last Known Eruption":"8300 BCE","Eruption Year":-8300.0,"Eruption Period":"BCE record","Elevation (m)":600,"Elevation Class":"0-999 m","Tectonic Setting":"Rift zone / Continental crust (>25 km)","Tectonic Group":"Rift","Dominant Rock Type":"Foidite"}},{"type":"Feature","geometry":{"type":"Point","coordinates":[2.981,45.786]},"properties":{"Volcano Number":210020,"Volcano Name":"Chaine des Puys","Country":"France","Volcanic Region Group":"European Volcanic Regions","Volcanic Region":"Western European Volcanic Province","Volcano Landform":"Cluster","Primary Volcano Type":"Lava dome(s)","Type Group":"Lava domes","Type Description":"Steep mounds built by thick lava that piles up near the vent.","Activity Evidence":"Eruption Dated","Activity Class":"Dated eruption","Last Known Eruption":"4040 BCE","Eruption Year":-4040.0,"Eruption Period":"BCE record","Elevation (m)":1464,"Elevation Class":"1,000-2,999 m","Tectonic Setting":"Rift zone / Continental crust (>25 km)","Tectonic Group":"Rift","Dominant Rock Type":"Basalt / Picro-Basalt"}},{"type":"Feature","geometry":{"type":"Point","coordinates":[2.53,42.17]},"properties":{"Volcano Number":210030,"Volcano Name":"Olot Volcanic Field","Country":"Spain","Volcanic Region Group":"European Volcanic Regions","Volcanic Region":"Western European Volcanic Province","Volcano Landform":"Cluster","Primary Volcano Type":"Volcanic field","Type Group":"Volcanic fields","Type Description":"Areas with many vents spread across a wider landscape.","Activity Evidence":"Evidence Credible","Activity Class":"Credible evidence","Last Known Eruption":"Unknown","Eruption Year":null,"Eruption Period":"BCE record","Elevation (m)":893,"Elevation Class":"0-999 m","Tectonic Setting":"Intraplate / Continental crust (>25 km)","Tectonic Group":"Intraplate","Dominant Rock Type":"Trachybasalt / Tephrite Basanite"}},{"type":"Feature","geometry":{"type":"Point","coordinates":[-4.02,38.87]},"properties":{"Volcano Number":210040,"Volcano Name":"Calatrava Volcanic Field","Country":"Spain","Volcanic Region Group":"European Volcanic Regions","Volcanic Region":"Western European Volcanic Province","Volcano Landform":"Cluster","Primary Volcano Type":"Volcanic field","Type Group":"Volcanic fields","Type Description":"Areas with many vents spread across a wider landscape.","Activity Evidence":"Eruption Dated","Activity Class":"Dated eruption","Last Known Eruption":"3600 BCE","Eruption Year":-3600.0,"Eruption Period":"BCE record","Elevation (m)":1117,"Elevation Class":"1,000-2,999 m","Tectonic Setting":"Intraplate / Continental crust (>25 km)","Tectonic Group":"Intraplate","Dominant Rock Type":"Basalt / Picro-Basalt"}},{"type":"Feature","geometry":{"type":"Point","coordinates":[12.7251,41.7569]},"properties":{"Volcano Number":211004,"Volcano Name":"Colli Albani","Country":"Italy","Volcanic Region Group":"European Volcanic Regions","Volcanic Region":"Italian Peninsula Volcanic Provinces","Volcano Landform":"Caldera","Primary Volcano Type":"Caldera","Type Group":"Calderas","Type Description":"Large collapse basins that can form after major eruptions empty magma chambers.","Activity Evidence":"Evidence Uncertain","Activity Class":"Uncertain evidence","Last Known Eruption":"Unknown","Eruption Year":null,"Eruption Period":"BCE record","Elevation (m)":949,"Elevation Class":"0-999 m","Tectonic Setting":"Subduction zone / Continental crust (>25 km)","Tectonic Group":"Subduction","Dominant Rock Type":"Foidite"}},{"type":"Feature","geometry":{"type":"Point","coordinates":[14.139,40.827]},"properties":{"Volcano Number":211010,"Volcano Name":"Campi Flegrei","Country":"Italy","Volcanic Region Group":"European Volcanic Regions","Volcanic Region":"Italian Peninsula Volcanic Provinces","Volcano Landform":"Caldera","Primary Volcano Type":"Caldera","Type Group":"Calderas","Type Description":"Large collapse basins that can form after major eruptions empty magma chambers.","Activity Evidence":"Eruption Observed","Activity Class":"Observed eruption","Last Known Eruption":"1538 CE","Eruption Year":1538.0,"Eruption Period":"1500-1899","Elevation (m)":458,"Elevation Class":"0-999 m","Tectonic Setting":"Subduction zone / Continental crust (>25 km)","Tectonic Group":"Subduction","Dominant Rock Type":"Trachyte / Trachydacite"}},{"type":"Feature","geometry":{"type":"Point","coordinates":[14.426,40.821]},"properties":{"Volcano Number":211020,"Volcano Name":"Vesuvius","Country":"Italy","Volcanic Region Group":"European Volcanic Regions","Volcanic Region":"Italian Peninsula Volcanic Provinces","Volcano Landform":"Composite","Primary Volcano Type":"Stratovolcano","Type Group":"Cone volcanoes","Type Description":"Tall, steep volcanoes often built by alternating lava and ash layers.","Activity Evidence":"Eruption Observed","Activity Class":"Observed eruption","Last Known Eruption":"1944 CE","Eruption Year":1944.0,"Eruption Period":"Since 1900","Elevation (m)":1281,"Elevation Class":"1,000-2,999 m","Tectonic Setting":"Subduction zone / Continental crust (>25 km)","Tectonic Group":"Subduction","Dominant Rock Type":"Phono-tephrite /  Tephri-phonolite"}},{"type":"Feature","geometry":{"type":"Point","coordinates":[13.897,40.73]},"properties":{"Volcano Number":211030,"Volcano Name":"Ischia","Country":"Italy","Volcanic Region Group":"European Volcanic Regions","Volcanic Region":"Italian Peninsula Volcanic Provinces","Volcano Landform":"Composite","Primary Volcano Type":"Complex","Type Group":"Complex volcanoes","Type Description":"Volcanoes with multiple vents, cones, or overlapping eruptive centers.","Activity Evidence":"Eruption Observed","Activity Class":"Observed eruption","Last Known Eruption":"1302 CE","Eruption Year":1302.0,"Eruption Period":"1-1499 CE","Elevation (m)":789,"Elevation Class":"0-999 m","Tectonic Setting":"Subduction zone / Continental crust (>25 km)","Tectonic Group":"Subduction","Dominant Rock Type":"Trachyte / Trachydacite"}},{"type":"Feature","geometry":{"type":"Point","coordinates":[14.83,39.48]},"properties":{"Volcano Number":211031,"Volcano Name":"Palinuro","Country":"Italy","Volcanic Region Group":"European Volcanic Regions","Volcanic Region":"Aeolian Volcanic Arc","Volcano Landform":"Composite","Primary Volcano Type":"Compound","Type Group":"Other or unknown","Type Description":"The database lists a less common or unspecified volcano form.","Activity Evidence":"Eruption Dated","Activity Class":"Dated eruption","Last Known Eruption":"8040 BCE","Eruption Year":-8040.0,"Eruption Period":"BCE record","Elevation (m)":-70,"Elevation Class":"Below sea level","Tectonic Setting":"Subduction zone / Continental crust (>25 km)","Tectonic Group":"Subduction","Dominant Rock Type":"Phonolite"}},{"type":"Feature","geometry":{"type":"Point","coordinates":[15.213,38.789]},"properties":{"Volcano Number":211040,"Volcano Name":"Stromboli","Country":"Italy","Volcanic Region Group":"European Volcanic Regions","Volcanic Region":"Aeolian Volcanic Arc","Volcano Landform":"Composite","Primary Volcano Type":"Stratovolcano","Type Group":"Cone volcanoes","Type Description":"Tall, steep volcanoes often built by alternating lava and ash layers.","Activity Evidence":"Eruption Observed","Activity Class":"Observed eruption","Last Known Eruption":"2026 CE","Eruption Year":2026.0,"Eruption Period":"Since 1900","Elevation (m)":924,"Elevation Class":"0-999 m","Tectonic Setting":"Subduction zone / Continental crust (>25 km)","Tectonic Group":"Subduction","Dominant Rock Type":"Trachyandesite / Basaltic Trachyandesite"}},{"type":"Feature","geometry":{"type":"Point","coordinates":[15.064,38.638]},"properties":{"Volcano Number":211041,"Volcano Name":"Panarea","Country":"Italy","Volcanic Region Group":"European Volcanic Regions","Volcanic Region":"Aeolian Volcanic Arc","Volcano Landform":"Composite","Primary Volcano Type":"Stratovolcano","Type Group":"Cone volcanoes","Type Description":"Tall, steep volcanoes often built by alternating lava and ash layers.","Activity Evidence":"Evidence Uncertain","Activity Class":"Uncertain evidence","Last Known Eruption":"Unknown","Eruption Year":null,"Eruption Period":"BCE record","Elevation (m)":399,"Elevation Class":"0-999 m","Tectonic Setting":"Subduction zone / Continental crust (>25 km)","Tectonic Group":"Subduction","Dominant Rock Type":"Andesite / Basaltic Andesite"}},{"type":"Feature","geometry":{"type":"Point","coordinates":[14.933,38.49]},"properties":{"Volcano Number":211042,"Volcano Name":"Lipari","Country":"Italy","Volcanic Region Group":"European Volcanic Regions","Volcanic Region":"Aeolian Volcanic Arc","Volcano Landform":"Composite","Primary Volcano Type":"Stratovolcano(es)","Type Group":"Cone volcanoes","Type Description":"Tall, steep volcanoes often built by alternating lava and ash layers.","Activity Evidence":"Eruption Dated","Activity Class":"Dated eruption","Last Known Eruption":"1230 CE","Eruption Year":1230.0,"Eruption Period":"1-1499 CE","Elevation (m)":590,"Elevation Class":"0-999 m","Tectonic Setting":"Subduction zone / Continental crust (>25 km)","Tectonic Group":"Subduction","Dominant Rock Type":"Rhyolite"}},{"type":"Feature","geometry":{"type":"Point","coordinates":[14.962,38.404]},"properties":{"Volcano Number":211050,"Volcano Name":"Vulcano","Country":"Italy","Volcanic Region Group":"European Volcanic Regions","Volcanic Region":"Aeolian Volcanic Arc","Volcano Landform":"Composite","Primary Volcano Type":"Stratovolcano(es)","Type Group":"Cone volcanoes","Type Description":"Tall, steep volcanoes often built by alternating lava and ash layers.","Activity Evidence":"Eruption Observed","Activity Class":"Observed eruption","Last Known Eruption":"1890 CE","Eruption Year":1890.0,"Eruption Period":"1500-1899","Elevation (m)":500,"Elevation Class":"0-999 m","Tectonic Setting":"Subduction zone / Continental crust (>25 km)","Tectonic Group":"Subduction","Dominant Rock Type":"Trachybasalt / Tephrite Basanite"}},{"type":"Feature","geometry":{"type":"Point","coordinates":[14.999,37.748]},"properties":{"Volcano Number":211060,"Volcano Name":"Etna","Country":"Italy","Volcanic Region Group":"European Volcanic Regions","Volcanic Region":"Sicily Volcanic Province","Volcano Landform":"Composite","Primary Volcano Type":"Stratovolcano(es)","Type Group":"Cone volcanoes","Type Description":"Tall, steep volcanoes often built by alternating lava and ash layers.","Activity Evidence":"Eruption Observed","Activity Class":"Observed eruption","Last Known Eruption":"2026 CE","Eruption Year":2026.0,"Eruption Period":"Since 1900","Elevation (m)":3357,"Elevation Class":"3,000 m and above","Tectonic Setting":"Subduction zone / Continental crust (>25 km)","Tectonic Group":"Subduction","Dominant Rock Type":"Trachybasalt / Tephrite Basanite"}},{"type":"Feature","geometry":{"type":"Point","coordinates":[12.7,37.1]},"properties":{"Volcano Number":211070,"Volcano Name":"Campi Flegrei del Mar di Sicilia","Country":"Italy","Volcanic Region Group":"European Volcanic Regions","Volcanic Region":"Sicily Volcanic Province","Volcano Landform":"Cluster","Primary Volcano Type":"Volcanic field","Type Group":"Volcanic fields","Type Description":"Areas with many vents spread across a wider landscape.","Activity Evidence":"Eruption Observed","Activity Class":"Observed eruption","Last Known Eruption":"1867 CE","Eruption Year":1867.0,"Eruption Period":"1500-1899","Elevation (m)":-8,"Elevation Class":"Below sea level","Tectonic Setting":"Rift zone / Continental crust (>25 km)","Tectonic Group":"Rift","Dominant Rock Type":"Trachybasalt / Tephrite Basanite"}},{"type":"Feature","geometry":{"type":"Point","coordinates":[12.02,36.77]},"properties":{"Volcano Number":211071,"Volcano Name":"Pantelleria","Country":"Italy","Volcanic Region Group":"European Volcanic Regions","Volcanic Region":"Sicily Volcanic Province","Volcano Landform":"Shield","Primary Volcano Type":"Shield","Type Group":"Shield volcanoes","Type Description":"Broad volcanoes formed by fluid lava flows that can spread far from the vent.","Activity Evidence":"Eruption Observed","Activity Class":"Observed eruption","Last Known Eruption":"1891 CE","Eruption Year":1891.0,"Eruption Period":"1500-1899","Elevation (m)":836,"Elevation Class":"0-999 m","Tectonic Setting":"Rift zone / Continental crust (>25 km)","Tectonic Group":"Rift","Dominant Rock Type":"Rhyolite"}},{"type":"Feature","geometry":{"type":"Point","coordinates":[14.399,39.284]},"properties":{"Volcano Number":211080,"Volcano Name":"Marsili","Country":"Italy","Volcanic Region Group":"European Volcanic Regions","Volcanic Region":"Aeolian Volcanic Arc","Volcano Landform":"Composite","Primary Volcano Type":"Complex","Type Group":"Complex volcanoes","Type Description":"Volcanoes with multiple vents, cones, or overlapping eruptive centers.","Activity Evidence":"Eruption Dated","Activity Class":"Dated eruption","Last Known Eruption":"1050 BCE","Eruption Year":-1050.0,"Eruption Period":"BCE record","Elevation (m)":-779,"Elevation Class":"Below sea level","Tectonic Setting":null,"Tectonic Group":"Other setting","Dominant Rock Type":null}},{"type":"Feature","geometry":{"type":"Point","coordinates":[23.3331,37.6186]},"properties":{"Volcano Number":212020,"Volcano Name":"Methana","Country":"Greece","Volcanic Region Group":"European Volcanic Regions","Volcanic Region":"Hellenic Volcanic Arc","Volcano Landform":"Minor (Basaltic)","Primary Volcano Type":"Lava dome(s)","Type Group":"Lava domes","Type Description":"Steep mounds built by thick lava that piles up near the vent.","Activity Evidence":"Eruption Observed","Activity Class":"Observed eruption","Last Known Eruption":"258 BCE","Eruption Year":-258.0,"Eruption Period":"BCE record","Elevation (m)":380,"Elevation Class":"0-999 m","Tectonic Setting":"Subduction zone / Continental crust (>25 km)","Tectonic Group":"Subduction","Dominant Rock Type":"Andesite / Basaltic Andesite"}},{"type":"Feature","geometry":{"type":"Point","coordinates":[24.439,36.699]},"properties":{"Volcano Number":212030,"Volcano Name":"Milos","Country":"Greece","Volcanic Region Group":"European Volcanic Regions","Volcanic Region":"Hellenic Volcanic Arc","Volcano Landform":"Composite","Primary Volcano Type":"Stratovolcano(es)","Type Group":"Cone volcanoes","Type Description":"Tall, steep volcanoes often built by alternating lava and ash layers.","Activity Evidence":"Eruption Dated","Activity Class":"Dated eruption","Last Known Eruption":"140 CE","Eruption Year":140.0,"Eruption Period":"1-1499 CE","Elevation (m)":751,"Elevation Class":"0-999 m","Tectonic Setting":"Subduction zone / Continental crust (>25 km)","Tectonic Group":"Subduction","Dominant Rock Type":"Rhyolite"}},{"type":"Feature","geometry":{"type":"Point","coordinates":[25.396,36.404]},"properties":{"Volcano Number":212040,"Volcano Name":"Santorini","Country":"Greece","Volcanic Region Group":"European Volcanic Regions","Volcanic Region":"Hellenic Volcanic Arc","Volcano Landform":"Shield","Primary Volcano Type":"Shield(s)","Type Group":"Shield volcanoes","Type Description":"Broad volcanoes formed by fluid lava flows that can spread far from the vent.","Activity Evidence":"Eruption Observed","Activity Class":"Observed eruption","Last Known Eruption":"1950 CE","Eruption Year":1950.0,"Eruption Period":"Since 1900","Elevation (m)":367,"Elevation Class":"0-999 m","Tectonic Setting":"Subduction zone / Continental crust (>25 km)","Tectonic Group":"Subduction","Dominant Rock Type":"Dacite"}},{"type":"Feature","geometry":{"type":"Point","coordinates":[25.483,36.524]},"properties":{"Volcano Number":212042,"Volcano Name":"Kolumbo","Country":"Greece","Volcanic Region Group":"European Volcanic Regions","Volcanic Region":"Hellenic Volcanic Arc","Volcano Landform":"Cluster","Primary Volcano Type":"Complex","Type Group":"Complex volcanoes","Type Description":"Volcanoes with multiple vents, cones, or overlapping eruptive centers.","Activity Evidence":"Eruption Dated","Activity Class":"Dated eruption","Last Known Eruption":"1650 CE","Eruption Year":1650.0,"Eruption Period":"1500-1899","Elevation (m)":-18,"Elevation Class":"Below sea level","Tectonic Setting":null,"Tectonic Group":"Other setting","Dominant Rock Type":null}},{"type":"Feature","geometry":{"type":"Point","coordinates":[27.1553,36.5888]},"properties":{"Volcano Number":212050,"Volcano Name":"Nisyros","Country":"Greece","Volcanic Region Group":"European Volcanic Regions","Volcanic Region":"Hellenic Volcanic Arc","Volcano Landform":"Composite","Primary Volcano Type":"Stratovolcano","Type Group":"Cone volcanoes","Type Description":"Tall, steep volcanoes often built by alternating lava and ash layers.","Activity Evidence":"Eruption Observed","Activity Class":"Observed eruption","Last Known Eruption":"1888 CE","Eruption Year":1888.0,"Eruption Period":"1500-1899","Elevation (m)":698,"Elevation Class":"0-999 m","Tectonic Setting":"Subduction zone / Continental crust (>25 km)","Tectonic Group":"Subduction","Dominant Rock Type":"Dacite"}},{"type":"Feature","geometry":{"type":"Point","coordinates":[28.52,38.58]},"properties":{"Volcano Number":213000,"Volcano Name":"Kula","Country":"Turkiye","Volcanic Region Group":"European Volcanic Regions","Volcanic Region":"Western Anatolian Volcanic Province","Volcano Landform":"Cluster","Primary Volcano Type":"Volcanic field","Type Group":"Volcanic fields","Type Description":"Areas with many vents spread across a wider landscape.","Activity Evidence":"Evidence Credible","Activity Class":"Credible evidence","Last Known Eruption":"Unknown","Eruption Year":null,"Eruption Period":"BCE record","Elevation (m)":750,"Elevation Class":"0-999 m","Tectonic Setting":"Intraplate / Continental crust (>25 km)","Tectonic Group":"Intraplate","Dominant Rock Type":"Trachybasalt / Tephrite Basanite"}},{"type":"Feature","geometry":{"type":"Point","coordinates":[34.17,38.13]},"properties":{"Volcano Number":213002,"Volcano Name":"Hasandag-Keciboyduran Volcanic Complex","Country":"Turkiye","Volcanic Region Group":"European Volcanic Regions","Volcanic Region":"Western Anatolian Volcanic Province","Volcano Landform":"Cluster","Primary Volcano Type":"Stratovolcano","Type Group":"Cone volcanoes","Type Description":"Tall, steep volcanoes often built by alternating lava and ash layers.","Activity Evidence":"Evidence Credible","Activity Class":"Credible evidence","Last Known Eruption":"Unknown","Eruption Year":null,"Eruption Period":"BCE record","Elevation (m)":3253,"Elevation Class":"3,000 m and above","Tectonic Setting":"Intraplate / Continental crust (>25 km)","Tectonic Group":"Intraplate","Dominant Rock Type":"Dacite"}},{"type":"Feature","geometry":{"type":"Point","coordinates":[35.447,38.531]},"properties":{"Volcano Number":213010,"Volcano Name":"Erciyes Volcanic Complex","Country":"Turkiye","Volcanic Region Group":"European Volcanic Regions","Volcanic Region":"Western Anatolian Volcanic Province","Volcano Landform":"Composite","Primary Volcano Type":"Stratovolcano","Type Group":"Cone volcanoes","Type Description":"Tall, steep volcanoes often built by alternating lava and ash layers.","Activity Evidence":"Eruption Dated","Activity Class":"Dated eruption","Last Known Eruption":"6880 BCE","Eruption Year":-6880.0,"Eruption Period":"BCE record","Elevation (m)":3864,"Elevation Class":"3,000 m and above","Tectonic Setting":"Intraplate / Continental crust (>25 km)","Tectonic Group":"Intraplate","Dominant Rock Type":"Dacite"}},{"type":"Feature","geometry":{"type":"Point","coordinates":[39.83,37.67]},"properties":{"Volcano Number":213011,"Volcano Name":"Karaca Dag","Country":"Turkiye","Volcanic Region Group":"Arabia-Central Asia Volcanic Regions","Volcanic Region":"Northern Arabia Volcanic Province","Volcano Landform":"Shield","Primary Volcano Type":"Shield","Type Group":"Shield volcanoes","Type Description":"Broad volcanoes formed by fluid lava flows that can spread far from the vent.","Activity Evidence":"Evidence Credible","Activity Class":"Credible evidence","Last Known Eruption":"Unknown","Eruption Year":null,"Eruption Period":"BCE record","Elevation (m)":1957,"Elevation Class":"1,000-2,999 m","Tectonic Setting":"Intraplate / Continental crust (>25 km)","Tectonic Group":"Intraplate","Dominant Rock Type":"Basalt / Picro-Basalt"}},{"type":"Feature","geometry":{"type":"Point","coordinates":[42.229,38.654]},"properties":{"Volcano Number":213020,"Volcano Name":"Nemrut Dagi","Country":"Turkiye","Volcanic Region Group":"Arabia-Central Asia Volcanic Regions","Volcanic Region":"Central Anatolian Volcanic Province","Volcano Landform":"Composite","Primary Volcano Type":"Stratovolcano","Type Group":"Cone volcanoes","Type Description":"Tall, steep volcanoes often built by alternating lava and ash layers.","Activity Evidence":"Eruption Observed","Activity Class":"Observed eruption","Last Known Eruption":"1650 CE","Eruption Year":1650.0,"Eruption Period":"1500-1899","Elevation (m)":2948,"Elevation Class":"1,000-2,999 m","Tectonic Setting":"Intraplate / Continental crust (>25 km)","Tectonic Group":"Intraplate","Dominant Rock Type":"Rhyolite"}},{"type":"Feature","geometry":{"type":"Point","coordinates":[43.874,39.356]},"properties":{"Volcano Number":213030,"Volcano Name":"Tenduruk Dagi","Country":"Turkiye","Volcanic Region Group":"Arabia-Central Asia Volcanic Regions","Volcanic Region":"Central Anatolian Volcanic Province","Volcano Landform":"Shield","Primary Volcano Type":"Shield","Type Group":"Shield volcanoes","Type Description":"Broad volcanoes formed by fluid lava flows that can spread far from the vent.","Activity Evidence":"Eruption Observed","Activity Class":"Observed eruption","Last Known Eruption":"1855 CE","Eruption Year":1855.0,"Eruption Period":"1500-1899","Elevation (m)":3514,"Elevation Class":"3,000 m and above","Tectonic Setting":"Intraplate / Continental crust (>25 km)","Tectonic Group":"Intraplate","Dominant Rock Type":"Basalt / Picro-Basalt"}},{"type":"Feature","geometry":{"type":"Point","coordinates":[44.3,39.7]},"properties":{"Volcano Number":213040,"Volcano Name":"Ararat","Country":"Turkiye","Volcanic Region Group":"Arabia-Central Asia Volcanic Regions","Volcanic Region":"Central Anatolian Volcanic Province","Volcano Landform":"Composite","Primary Volcano Type":"Stratovolcano","Type Group":"Cone volcanoes","Type Description":"Tall, steep volcanoes often built by alternating lava and ash layers.","Activity Evidence":"Eruption Observed","Activity Class":"Observed eruption","Last Known Eruption":"1840 CE","Eruption Year":1840.0,"Eruption Period":"1500-1899","Elevation (m)":5165,"Elevation Class":"3,000 m and above","Tectonic Setting":"Intraplate / Continental crust (>25 km)","Tectonic Group":"Intraplate","Dominant Rock Type":"Andesite / Basaltic Andesite"}},{"type":"Feature","geometry":{"type":"Point","coordinates":[42.442,43.351]},"properties":{"Volcano Number":214010,"Volcano Name":"Elbrus","Country":"Russia","Volcanic Region Group":"Arabia-Central Asia Volcanic Regions","Volcanic Region":"Caucasus Volcanic Province","Volcano Landform":"Composite","Primary Volcano Type":"Stratovolcano","Type Group":"Cone volcanoes","Type Description":"Tall, steep volcanoes often built by alternating lava and ash layers.","Activity Evidence":"Eruption Dated","Activity Class":"Dated eruption","Last Known Eruption":"50 CE","Eruption Year":50.0,"Eruption Period":"1-1499 CE","Elevation (m)":5642,"Elevation Class":"3,000 m and above","Tectonic Setting":"Intraplate / Continental crust (>25 km)","Tectonic Group":"Intraplate","Dominant Rock Type":"Dacite"}},{"type":"Feature","geometry":{"type":"Point","coordinates":[44.5184,42.697]},"properties":{"Volcano Number":214020,"Volcano Name":"Kazbek","Country":"Georgia","Volcanic Region Group":"Arabia-Central Asia Volcanic Regions","Volcanic Region":"Caucasus Volcanic Province","Volcano Landform":"Composite","Primary Volcano Type":"Stratovolcano","Type Group":"Cone volcanoes","Type Description":"Tall, steep volcanoes often built by alternating lava and ash layers.","Activity Evidence":"Eruption Dated","Activity Class":"Dated eruption","Last Known Eruption":"750 BCE","Eruption Year":-750.0,"Eruption Period":"BCE record","Elevation (m)":5004,"Elevation Class":"3,000 m and above","Tectonic Setting":"Intraplate / Continental crust (>25 km)","Tectonic Group":"Intraplate","Dominant Rock Type":"Andesite / Basaltic Andesite"}},{"type":"Feature","geometry":{"type":"Point","coordinates":[43.7,41.542]},"properties":{"Volcano Number":214050,"Volcano Name":"Samsari Volcanic Center","Country":"Georgia","Volcanic Region Group":"Arabia-Central Asia Volcanic Regions","Volcanic Region":"Caucasus Volcanic Province","Volcano Landform":"Cluster","Primary Volcano Type":"Volcanic field","Type Group":"Volcanic fields","Type Description":"Areas with many vents spread across a wider landscape.","Activity Evidence":"Evidence Uncertain","Activity Class":"Uncertain evidence","Last Known Eruption":"Unknown","Eruption Year":null,"Eruption Period":"BCE record","Elevation (m)":3290,"Elevation Class":"3,000 m and above","Tectonic Setting":"Intraplate / Continental crust (>25 km)","Tectonic Group":"Intraplate","Dominant Rock Type":"Andesite / Basaltic Andesite"}},{"type":"Feature","geometry":{"type":"Point","coordinates":[44.2,40.53]},"properties":{"Volcano Number":214060,"Volcano Name":"Aragats","Country":"Armenia","Volcanic Region Group":"Arabia-Central Asia Volcanic Regions","Volcanic Region":"Caucasus Volcanic Province","Volcano Landform":"Composite","Primary Volcano Type":"Stratovolcano","Type Group":"Cone volcanoes","Type Description":"Tall, steep volcanoes often built by alternating lava and ash layers.","Activity Evidence":"Evidence Credible","Activity Class":"Credible evidence","Last Known Eruption":"Unknown","Eruption Year":null,"Eruption Period":"BCE record","Elevation (m)":4095,"Elevation Class":"3,000 m and above","Tectonic Setting":"Intraplate / Continental crust (>25 km)","Tectonic Group":"Intraplate","Dominant Rock Type":"Andesite / Basaltic Andesite"}},{"type":"Feature","geometry":{"type":"Point","coordinates":[45.0,40.283]},"properties":{"Volcano Number":214070,"Volcano Name":"Ghegham Volcanic Ridge","Country":"Armenia","Volcanic Region Group":"Arabia-Central Asia Volcanic Regions","Volcanic Region":"Caucasus Volcanic Province","Volcano Landform":"Cluster","Primary Volcano Type":"Volcanic field","Type Group":"Volcanic fields","Type Description":"Areas with many vents spread across a wider landscape.","Activity Evidence":"Eruption Dated","Activity Class":"Dated eruption","Last Known Eruption":"1900 BCE","Eruption Year":-1900.0,"Eruption Period":"BCE record","Elevation (m)":3597,"Elevation Class":"3,000 m and above","Tectonic Setting":"Intraplate / Continental crust (>25 km)","Tectonic Group":"Intraplate","Dominant Rock Type":"Andesite / Basaltic Andesite"}},{"type":"Feature","geometry":{"type":"Point","coordinates":[45.497,39.797]},"properties":{"Volcano Number":214080,"Volcano Name":"Vaiyots-Sar","Country":"Armenia","Volcanic Region Group":"Arabia-Central Asia Volcanic Regions","Volcanic Region":"Caucasus Volcanic Province","Volcano Landform":"Minor (Basaltic)","Primary Volcano Type":"Pyroclastic cone(s)","Type Group":"Small cones","Type Description":"Smaller volcanic cones or explosion craters formed by ash, cinders, or steam blasts.","Activity Evidence":"Eruption Dated","Activity Class":"Dated eruption","Last Known Eruption":"2000 BCE","Eruption Year":-2000.0,"Eruption Period":"BCE record","Elevation (m)":2575,"Elevation Class":"1,000-2,999 m","Tectonic Setting":"Intraplate / Continental crust (>25 km)","Tectonic Group":"Intraplate","Dominant Rock Type":"Andesite / Basaltic Andesite"}},{"type":"Feature","geometry":{"type":"Point","coordinates":[45.74,40.028]},"properties":{"Volcano Number":214090,"Volcano Name":"Porak","Country":"Armenia-Azerbaijan","Volcanic Region Group":"Arabia-Central Asia Volcanic Regions","Volcanic Region":"Caucasus Volcanic Province","Volcano Landform":"Cluster","Primary Volcano Type":"Volcanic field","Type Group":"Volcanic fields","Type Description":"Areas with many vents spread across a wider landscape.","Activity Evidence":"Eruption Dated","Activity Class":"Dated eruption","Last Known Eruption":"778 BCE","Eruption Year":-778.0,"Eruption Period":"BCE record","Elevation (m)":3029,"Elevation Class":"3,000 m and above","Tectonic Setting":"Intraplate / Continental crust (>25 km)","Tectonic Group":"Intraplate","Dominant Rock Type":"Andesite / Basaltic Andesite"}},{"type":"Feature","geometry":{"type":"Point","coordinates":[45.992,39.742]},"properties":{"Volcano Number":214100,"Volcano Name":"Tskhouk-Karckar","Country":"Armenia-Azerbaijan","Volcanic Region Group":"Arabia-Central Asia Volcanic Regions","Volcanic Region":"Caucasus Volcanic Province","Volcano Landform":"Cluster","Primary Volcano Type":"Pyroclastic cone(s)","Type Group":"Small cones","Type Description":"Smaller volcanic cones or explosion craters formed by ash, cinders, or steam blasts.","Activity Evidence":"Eruption Dated","Activity Class":"Dated eruption","Last Known Eruption":"3000 BCE","Eruption Year":-3000.0,"Eruption Period":"BCE record","Elevation (m)":3139,"Elevation Class":"3,000 m and above","Tectonic Setting":"Intraplate / Continental crust (>25 km)","Tectonic Group":"Intraplate","Dominant Rock Type":"Andesite / Basaltic Andesite"}},{"type":"Feature","geometry":{"type":"Point","coordinates":[41.83,15.55]},"properties":{"Volcano Number":221010,"Volcano Name":"Tair, Jebel at","Country":"Yemen","Volcanic Region Group":"Eastern Africa Volcanic Regions","Volcanic Region":"Red Sea Rift Volcanic Province","Volcano Landform":"Composite","Primary Volcano Type":"Stratovolcano","Type Group":"Cone volcanoes","Type Description":"Tall, steep volcanoes often built by alternating lava and ash layers.","Activity Evidence":"Eruption Observed","Activity Class":"Observed eruption","Last Known Eruption":"2008 CE","Eruption Year":2008.0,"Eruption Period":"Since 1900","Elevation (m)":244,"Elevation Class":"0-999 m","Tectonic Setting":"Rift zone / Oceanic crust (< 15 km)","Tectonic Group":"Rift","Dominant Rock Type":"Trachybasalt / Tephrite Basanite"}},{"type":"Feature","geometry":{"type":"Point","coordinates":[42.18,15.05]},"properties":{"Volcano Number":221020,"Volcano Name":"Zubair Group","Country":"Yemen","Volcanic Region Group":"Eastern Africa Volcanic Regions","Volcanic Region":"Red Sea Rift Volcanic Province","Volcano Landform":"Shield","Primary Volcano Type":"Shield","Type Group":"Shield volcanoes","Type Description":"Broad volcanoes formed by fluid lava flows that can spread far from the vent.","Activity Evidence":"Eruption Observed","Activity Class":"Observed eruption","Last Known Eruption":"2013 CE","Eruption Year":2013.0,"Eruption Period":"Since 1900","Elevation (m)":191,"Elevation Class":"0-999 m","Tectonic Setting":"Rift zone / Oceanic crust (< 15 km)","Tectonic Group":"Rift","Dominant Rock Type":"Basalt / Picro-Basalt"}},{"type":"Feature","geometry":{"type":"Point","coordinates":[42.75,14.02]},"properties":{"Volcano Number":221021,"Volcano Name":"Zukur","Country":"Yemen","Volcanic Region Group":"Eastern Africa Volcanic Regions","Volcanic Region":"Red Sea Rift Volcanic Province","Volcano Landform":"Shield","Primary Volcano Type":"Shield","Type Group":"Shield volcanoes","Type Description":"Broad volcanoes formed by fluid lava flows that can spread far from the vent.","Activity Evidence":"Evidence Credible","Activity Class":"Credible evidence","Last Known Eruption":"Unknown","Eruption Year":null,"Eruption Period":"BCE record","Elevation (m)":624,"Elevation Class":"0-999 m","Tectonic Setting":"Rift zone / Oceanic crust (< 15 km)","Tectonic Group":"Rift","Dominant Rock Type":"Basalt / Picro-Basalt"}},{"type":"Feature","geometry":{"type":"Point","coordinates":[42.73,13.72]},"properties":{"Volcano Number":221022,"Volcano Name":"Hanish","Country":"Yemen","Volcanic Region Group":"Eastern Africa Volcanic Regions","Volcanic Region":"Red Sea Rift Volcanic Province","Volcano Landform":"Shield","Primary Volcano Type":"Shield","Type Group":"Shield volcanoes","Type Description":"Broad volcanoes formed by fluid lava flows that can spread far from the vent.","Activity Evidence":"Evidence Credible","Activity Class":"Credible evidence","Last Known Eruption":"Unknown","Eruption Year":null,"Eruption Period":"BCE record","Elevation (m)":422,"Elevation Class":"0-999 m","Tectonic Setting":"Rift zone / Oceanic crust (< 15 km)","Tectonic Group":"Rift","Dominant Rock Type":"Basalt / Picro-Basalt"}},{"type":"Feature","geometry":{"type":"Point","coordinates":[39.92,14.88]},"properties":{"Volcano Number":221040,"Volcano Name":"Alid","Country":"Eritrea","Volcanic Region Group":"Eastern Africa Volcanic Regions","Volcanic Region":"Afar Rift Volcanic Province","Volcano Landform":"Composite","Primary Volcano Type":"Stratovolcano","Type Group":"Cone volcanoes","Type Description":"Tall, steep volcanoes often built by alternating lava and ash layers.","Activity Evidence":"Evidence Credible","Activity Class":"Credible evidence","Last Known Eruption":"Unknown","Eruption Year":null,"Eruption Period":"BCE record","Elevation (m)":904,"Elevation Class":"0-999 m","Tectonic Setting":"Rift zone / Intermediate crust (15-25 km)","Tectonic Group":"Rift","Dominant Rock Type":"Rhyolite"}},{"type":"Feature","geometry":{"type":"Point","coordinates":[40.3,14.242]},"properties":{"Volcano Number":221041,"Volcano Name":"Dallol","Country":"Ethiopia","Volcanic Region Group":"Eastern Africa Volcanic Regions","Volcanic Region":"Afar Rift Volcanic Province","Volcano Landform":"Minor (Basaltic)","Primary Volcano Type":"Explosion crater(s)","Type Group":"Other or unknown","Type Description":"The database lists a less common or unspecified volcano form.","Activity Evidence":"Eruption Observed","Activity Class":"Observed eruption","Last Known Eruption":"2011 CE","Eruption Year":2011.0,"Eruption Period":"Since 1900","Elevation (m)":-48,"Elevation Class":"Below sea level","Tectonic Setting":"Rift zone / Intermediate crust (15-25 km)","Tectonic Group":"Rift","Dominant Rock Type":"No Data (checked)"}},{"type":"Feature","geometry":{"type":"Point","coordinates":[40.408,13.975]},"properties":{"Volcano Number":221050,"Volcano Name":"Gada Ale","Country":"Ethiopia","Volcanic Region Group":"Eastern Africa Volcanic Regions","Volcanic Region":"Afar Rift Volcanic Province","Volcano Landform":"Composite","Primary Volcano Type":"Stratovolcano","Type Group":"Cone volcanoes","Type Description":"Tall, steep volcanoes often built by alternating lava and ash layers.","Activity Evidence":"Evidence Credible","Activity Class":"Credible evidence","Last Known Eruption":"Unknown","Eruption Year":null,"Eruption Period":"BCE record","Elevation (m)":287,"Elevation Class":"0-999 m","Tectonic Setting":"Rift zone / Intermediate crust (15-25 km)","Tectonic Group":"Rift","Dominant Rock Type":"Basalt / Picro-Basalt"}},{"type":"Feature","geometry":{"type":"Point","coordinates":[40.553,13.793]},"properties":{"Volcano Number":221060,"Volcano Name":"Alu-Dalafilla","Country":"Ethiopia","Volcanic Region Group":"Eastern Africa Volcanic Regions","Volcanic Region":"Afar Rift Volcanic Province","Volcano Landform":"Cluster","Primary Volcano Type":"Fissure vent(s)","Type Group":"Fissure vents","Type Description":"Linear cracks where lava erupts along a line rather than from one central cone.","Activity Evidence":"Eruption Observed","Activity Class":"Observed eruption","Last Known Eruption":"2008 CE","Eruption Year":2008.0,"Eruption Period":"Since 1900","Elevation (m)":578,"Elevation Class":"0-999 m","Tectonic Setting":"Rift zone / Intermediate crust (15-25 km)","Tectonic Group":"Rift","Dominant Rock Type":"Basalt / Picro-Basalt"}},{"type":"Feature","geometry":{"type":"Point","coordinates":[40.6,13.725]},"properties":{"Volcano Number":221071,"Volcano Name":"Bora Ale","Country":"Ethiopia","Volcanic Region Group":"Eastern Africa Volcanic Regions","Volcanic Region":"Afar Rift Volcanic Province","Volcano Landform":"Composite","Primary Volcano Type":"Stratovolcano","Type Group":"Cone volcanoes","Type Description":"Tall, steep volcanoes often built by alternating lava and ash layers.","Activity Evidence":"Evidence Credible","Activity Class":"Credible evidence","Last Known Eruption":"Unknown","Eruption Year":null,"Eruption Period":"BCE record","Elevation (m)":668,"Elevation Class":"0-999 m","Tectonic Setting":"Rift zone / Intermediate crust (15-25 km)","Tectonic Group":"Rift","Dominant Rock Type":"Basalt / Picro-Basalt"}},{"type":"Feature","geometry":{"type":"Point","coordinates":[40.666,13.601]},"properties":{"Volcano Number":221080,"Volcano Name":"Erta Ale","Country":"Ethiopia","Volcanic Region Group":"Eastern Africa Volcanic Regions","Volcanic Region":"Afar Rift Volcanic Province","Volcano Landform":"Shield","Primary Volcano Type":"Shield","Type Group":"Shield volcanoes","Type Description":"Broad volcanoes formed by fluid lava flows that can spread far from the vent.","Activity Evidence":"Eruption Observed","Activity Class":"Observed eruption","Last Known Eruption":"2025 CE","Eruption Year":2025.0,"Eruption Period":"Since 1900","Elevation (m)":585,"Elevation Class":"0-999 m","Tectonic Setting":"Rift zone / Intermediate crust (15-25 km)","Tectonic Group":"Rift","Dominant Rock Type":"Basalt / Picro-Basalt"}},{"type":"Feature","geometry":{"type":"Point","coordinates":[40.631,13.512]},"properties":{"Volcano Number":221090,"Volcano Name":"Ale Bagu","Country":"Ethiopia","Volcanic Region Group":"Eastern Africa Volcanic Regions","Volcanic Region":"Afar Rift Volcanic Province","Volcano Landform":"Composite","Primary Volcano Type":"Stratovolcano","Type Group":"Cone volcanoes","Type Description":"Tall, steep volcanoes often built by alternating lava and ash layers.","Activity Evidence":"Evidence Credible","Activity Class":"Credible evidence","Last Known Eruption":"Unknown","Eruption Year":null,"Eruption Period":"BCE record","Elevation (m)":988,"Elevation Class":"0-999 m","Tectonic Setting":"Rift zone / Intermediate crust (15-25 km)","Tectonic Group":"Rift","Dominant Rock Type":"Basalt / Picro-Basalt"}},{"type":"Feature","geometry":{"type":"Point","coordinates":[40.7161,13.5111]},"properties":{"Volcano Number":221091,"Volcano Name":"Hayli Gubbi","Country":"Ethiopia","Volcanic Region Group":"Eastern Africa Volcanic Regions","Volcanic Region":"Afar Rift Volcanic Province","Volcano Landform":"Shield","Primary Volcano Type":"Shield","Type Group":"Shield volcanoes","Type Description":"Broad volcanoes formed by fluid lava flows that can spread far from the vent.","Activity Evidence":"Eruption Observed","Activity Class":"Observed eruption","Last Known Eruption":"2025 CE","Eruption Year":2025.0,"Eruption Period":"Since 1900","Elevation (m)":493,"Elevation Class":"0-999 m","Tectonic Setting":"Rift zone / Intermediate crust (15-25 km)","Tectonic Group":"Rift","Dominant Rock Type":"Basalt / Picro-Basalt"}},{"type":"Feature","geometry":{"type":"Point","coordinates":[41.809,13.579]},"properties":{"Volcano Number":221100,"Volcano Name":"Dubbi","Country":"Eritrea","Volcanic Region Group":"Eastern Africa Volcanic Regions","Volcanic Region":"Afar Rift Volcanic Province","Volcano Landform":"Composite","Primary Volcano Type":"Stratovolcano","Type Group":"Cone volcanoes","Type Description":"Tall, steep volcanoes often built by alternating lava and ash layers.","Activity Evidence":"Eruption Observed","Activity Class":"Observed eruption","Last Known Eruption":"1861 CE","Eruption Year":1861.0,"Eruption Period":"1500-1899","Elevation (m)":1625,"Elevation Class":"1,000-2,999 m","Tectonic Setting":"Rift zone / Intermediate crust (15-25 km)","Tectonic Group":"Rift","Dominant Rock Type":"Basalt / Picro-Basalt"}},{"type":"Feature","geometry":{"type":"Point","coordinates":[41.7,13.37]},"properties":{"Volcano Number":221101,"Volcano Name":"Nabro","Country":"Eritrea","Volcanic Region Group":"Eastern Africa Volcanic Regions","Volcanic Region":"Afar Rift Volcanic Province","Volcano Landform":"Composite","Primary Volcano Type":"Stratovolcano","Type Group":"Cone volcanoes","Type Description":"Tall, steep volcanoes often built by alternating lava and ash layers.","Activity Evidence":"Eruption Observed","Activity Class":"Observed eruption","Last Known Eruption":"2012 CE","Eruption Year":2012.0,"Eruption Period":"Since 1900","Elevation (m)":2218,"Elevation Class":"1,000-2,999 m","Tectonic Setting":"Rift zone / Intermediate crust (15-25 km)","Tectonic Group":"Rift","Dominant Rock Type":"Trachyte / Trachydacite"}},{"type":"Feature","geometry":{"type":"Point","coordinates":[41.65,13.27]},"properties":{"Volcano Number":221102,"Volcano Name":"Mallahle","Country":"Ethiopia-Eritrea","Volcanic Region Group":"Eastern Africa Volcanic Regions","Volcanic Region":"Afar Rift Volcanic Province","Volcano Landform":"Composite","Primary Volcano Type":"Stratovolcano","Type Group":"Cone volcanoes","Type Description":"Tall, steep volcanoes often built by alternating lava and ash layers.","Activity Evidence":"Evidence Uncertain","Activity Class":"Uncertain evidence","Last Known Eruption":"Unknown","Eruption Year":null,"Eruption Period":"BCE record","Elevation (m)":1875,"Elevation Class":"1,000-2,999 m","Tectonic Setting":"Rift zone / Intermediate crust (15-25 km)","Tectonic Group":"Rift","Dominant Rock Type":"Trachyte / Trachydacite"}},{"type":"Feature","geometry":{"type":"Point","coordinates":[41.725,13.18]},"properties":{"Volcano Number":221103,"Volcano Name":"Sork Ale","Country":"Ethiopia-Eritrea","Volcanic Region Group":"Eastern Africa Volcanic Regions","Volcanic Region":"Afar Rift Volcanic Province","Volcano Landform":"Composite","Primary Volcano Type":"Stratovolcano","Type Group":"Cone volcanoes","Type Description":"Tall, steep volcanoes often built by alternating lava and ash layers.","Activity Evidence":"Evidence Uncertain","Activity Class":"Uncertain evidence","Last Known Eruption":"Unknown","Eruption Year":null,"Eruption Period":"BCE record","Elevation (m)":1611,"Elevation Class":"1,000-2,999 m","Tectonic Setting":"Rift zone / Intermediate crust (15-25 km)","Tectonic Group":"Rift","Dominant Rock Type":"Basalt / Picro-Basalt"}},{"type":"Feature","geometry":{"type":"Point","coordinates":[41.599,13.098]},"properties":{"Volcano Number":221104,"Volcano Name":"Asavyo","Country":"Ethiopia","Volcanic Region Group":"Eastern Africa Volcanic Regions","Volcanic Region":"Afar Rift Volcanic Province","Volcano Landform":"Shield","Primary Volcano Type":"Shield","Type Group":"Shield volcanoes","Type Description":"Broad volcanoes formed by fluid lava flows that can spread far from the vent.","Activity Evidence":"Evidence Credible","Activity Class":"Credible evidence","Last Known Eruption":"Unknown","Eruption Year":null,"Eruption Period":"BCE record","Elevation (m)":1338,"Elevation Class":"1,000-2,999 m","Tectonic Setting":"Rift zone / Intermediate crust (15-25 km)","Tectonic Group":"Rift","Dominant Rock Type":"Basalt / Picro-Basalt"}},{"type":"Feature","geometry":{"type":"Point","coordinates":[41.161,13.106]},"properties":{"Volcano Number":221105,"Volcano Name":"Mat Ala","Country":"Ethiopia","Volcanic Region Group":"Eastern Africa Volcanic Regions","Volcanic Region":"Afar Rift Volcanic Province","Volcano Landform":"Shield","Primary Volcano Type":"Shield","Type Group":"Shield volcanoes","Type Description":"Broad volcanoes formed by fluid lava flows that can spread far from the vent.","Activity Evidence":"Evidence Credible","Activity Class":"Credible evidence","Last Known Eruption":"Unknown","Eruption Year":null,"Eruption Period":"BCE record","Elevation (m)":493,"Elevation Class":"0-999 m","Tectonic Setting":"Rift zone / Intermediate crust (15-25 km)","Tectonic Group":"Rift","Dominant Rock Type":"Basalt / Picro-Basalt"}},{"type":"Feature","geometry":{"type":"Point","coordinates":[41.063,13.284]},"properties":{"Volcano Number":221106,"Volcano Name":"Tat Ali","Country":"Ethiopia","Volcanic Region Group":"Eastern Africa Volcanic Regions","Volcanic Region":"Afar Rift Volcanic Province","Volcano Landform":"Shield","Primary Volcano Type":"Shield","Type Group":"Shield volcanoes","Type Description":"Broad volcanoes formed by fluid lava flows that can spread far from the vent.","Activity Evidence":"Evidence Credible","Activity Class":"Credible evidence","Last Known Eruption":"Unknown","Eruption Year":null,"Eruption Period":"BCE record","Elevation (m)":655,"Elevation Class":"0-999 m","Tectonic Setting":"Rift zone / Intermediate crust (15-25 km)","Tectonic Group":"Rift","Dominant Rock Type":"Basalt / Picro-Basalt"}},{"type":"Feature","geometry":{"type":"Point","coordinates":[40.987,13.304]},"properties":{"Volcano Number":221107,"Volcano Name":"Borawli","Country":"Ethiopia","Volcanic Region Group":"Eastern Africa Volcanic Regions","Volcanic Region":"Afar Rift Volcanic Province","Volcano Landform":"Composite","Primary Volcano Type":"Stratovolcano","Type Group":"Cone volcanoes","Type Description":"Tall, steep volcanoes often built by alternating lava and ash layers.","Activity Evidence":"Evidence Credible","Activity Class":"Credible evidence","Last Known Eruption":"Unknown","Eruption Year":null,"Eruption Period":"BCE record","Elevation (m)":784,"Elevation Class":"0-999 m","Tectonic Setting":"Rift zone / Intermediate crust (15-25 km)","Tectonic Group":"Rift","Dominant Rock Type":"Basalt / Picro-Basalt"}},{"type":"Feature","geometry":{"type":"Point","coordinates":[40.853,13.088]},"properties":{"Volcano Number":221110,"Volcano Name":"Afdera","Country":"Ethiopia","Volcanic Region Group":"Eastern Africa Volcanic Regions","Volcanic Region":"Afar Rift Volcanic Province","Volcano Landform":"Composite","Primary Volcano Type":"Stratovolcano","Type Group":"Cone volcanoes","Type Description":"Tall, steep volcanoes often built by alternating lava and ash layers.","Activity Evidence":"Evidence Uncertain","Activity Class":"Uncertain evidence","Last Known Eruption":"Unknown","Eruption Year":null,"Eruption Period":"BCE record","Elevation (m)":1250,"Elevation Class":"1,000-2,999 m","Tectonic Setting":"Rift zone / Intermediate crust (15-25 km)","Tectonic Group":"Rift","Dominant Rock Type":"Rhyolite"}},{"type":"Feature","geometry":{"type":"Point","coordinates":[40.185,13.013]},"properties":{"Volcano Number":221111,"Volcano Name":"Ma Alalta","Country":"Ethiopia","Volcanic Region Group":"Eastern Africa Volcanic Regions","Volcanic Region":"Afar Rift Volcanic Province","Volcano Landform":"Composite","Primary Volcano Type":"Stratovolcano","Type Group":"Cone volcanoes","Type Description":"Tall, steep volcanoes often built by alternating lava and ash layers.","Activity Evidence":"Evidence Credible","Activity Class":"Credible evidence","Last Known Eruption":"Unknown","Eruption Year":null,"Eruption Period":"BCE record","Elevation (m)":1745,"Elevation Class":"1,000-2,999 m","Tectonic Setting":"Rift zone / Intermediate crust (15-25 km)","Tectonic Group":"Rift","Dominant Rock Type":"Rhyolite"}},{"type":"Feature","geometry":{"type":"Point","coordinates":[40.573,12.888]},"properties":{"Volcano Number":221112,"Volcano Name":"Alayta","Country":"Ethiopia","Volcanic Region Group":"Eastern Africa Volcanic Regions","Volcanic Region":"Afar Rift Volcanic Province","Volcano Landform":"Shield","Primary Volcano Type":"Shield","Type Group":"Shield volcanoes","Type Description":"Broad volcanoes formed by fluid lava flows that can spread far from the vent.","Activity Evidence":"Eruption Observed","Activity Class":"Observed eruption","Last Known Eruption":"1915 CE","Eruption Year":1915.0,"Eruption Period":"Since 1900","Elevation (m)":1496,"Elevation Class":"1,000-2,999 m","Tectonic Setting":"Rift zone / Intermediate crust (15-25 km)","Tectonic Group":"Rift","Dominant Rock Type":"Basalt / Picro-Basalt"}},{"type":"Feature","geometry":{"type":"Point","coordinates":[40.48,12.595]},"properties":{"Volcano Number":221113,"Volcano Name":"Dabbahu","Country":"Ethiopia","Volcanic Region Group":"Eastern Africa Volcanic Regions","Volcanic Region":"Afar Rift Volcanic Province","Volcano Landform":"Composite","Primary Volcano Type":"Stratovolcano","Type Group":"Cone volcanoes","Type Description":"Tall, steep volcanoes often built by alternating lava and ash layers.","Activity Evidence":"Eruption Observed","Activity Class":"Observed eruption","Last Known Eruption":"2005 CE","Eruption Year":2005.0,"Eruption Period":"Since 1900","Elevation (m)":1401,"Elevation Class":"1,000-2,999 m","Tectonic Setting":"Rift zone / Intermediate crust (15-25 km)","Tectonic Group":"Rift","Dominant Rock Type":"Basalt / Picro-Basalt"}},{"type":"Feature","geometry":{"type":"Point","coordinates":[40.07,12.38]},"properties":{"Volcano Number":221114,"Volcano Name":"Dabbayra","Country":"Ethiopia","Volcanic Region Group":"Eastern Africa Volcanic Regions","Volcanic Region":"Afar Rift Volcanic Province","Volcano Landform":"Shield","Primary Volcano Type":"Shield","Type Group":"Shield volcanoes","Type Description":"Broad volcanoes formed by fluid lava flows that can spread far from the vent.","Activity Evidence":"Evidence Credible","Activity Class":"Credible evidence","Last Known Eruption":"Unknown","Eruption Year":null,"Eruption Period":"BCE record","Elevation (m)":1302,"Elevation Class":"1,000-2,999 m","Tectonic Setting":"Rift zone / Intermediate crust (15-25 km)","Tectonic Group":"Rift","Dominant Rock Type":"Basalt / Picro-Basalt"}},{"type":"Feature","geometry":{"type":"Point","coordinates":[40.82,12.17]},"properties":{"Volcano Number":221115,"Volcano Name":"Manda Hararo","Country":"Ethiopia","Volcanic Region Group":"Eastern Africa Volcanic Regions","Volcanic Region":"Afar Rift Volcanic Province","Volcano Landform":"Shield","Primary Volcano Type":"Shield(s)","Type Group":"Shield volcanoes","Type Description":"Broad volcanoes formed by fluid lava flows that can spread far from the vent.","Activity Evidence":"Eruption Observed","Activity Class":"Observed eruption","Last Known Eruption":"2009 CE","Eruption Year":2009.0,"Eruption Period":"Since 1900","Elevation (m)":600,"Elevation Class":"0-999 m","Tectonic Setting":"Rift zone / Intermediate crust (15-25 km)","Tectonic Group":"Rift","Dominant Rock Type":"Basalt / Picro-Basalt"}},{"type":"Feature","geometry":{"type":"Point","coordinates":[40.242,11.816]},"properties":{"Volcano Number":221116,"Volcano Name":"Groppo","Country":"Ethiopia","Volcanic Region Group":"Eastern Africa Volcanic Regions","Volcanic Region":"Afar Rift Volcanic Province","Volcano Landform":"Cluster","Primary Volcano Type":"Volcanic field","Type Group":"Volcanic fields","Type Description":"Areas with many vents spread across a wider landscape.","Activity Evidence":"Evidence Credible","Activity Class":"Credible evidence","Last Known Eruption":"Unknown","Eruption Year":null,"Eruption Period":"BCE record","Elevation (m)":852,"Elevation Class":"0-999 m","Tectonic Setting":"Rift zone / Intermediate crust (15-25 km)","Tectonic Group":"Rift","Dominant Rock Type":null}},{"type":"Feature","geometry":{"type":"Point","coordinates":[41.208,11.88]},"properties":{"Volcano Number":221120,"Volcano Name":"Kurub","Country":"Ethiopia","Volcanic Region Group":"Eastern Africa Volcanic Regions","Volcanic Region":"Afar Rift Volcanic Province","Volcano Landform":"Shield","Primary Volcano Type":"Shield","Type Group":"Shield volcanoes","Type Description":"Broad volcanoes formed by fluid lava flows that can spread far from the vent.","Activity Evidence":"Evidence Credible","Activity Class":"Credible evidence","Last Known Eruption":"Unknown","Eruption Year":null,"Eruption Period":"BCE record","Elevation (m)":625,"Elevation Class":"0-999 m","Tectonic Setting":"Rift zone / Intermediate crust (15-25 km)","Tectonic Group":"Rift","Dominant Rock Type":"Basalt / Picro-Basalt"}},{"type":"Feature","geometry":{"type":"Point","coordinates":[42.2,12.38]},"properties":{"Volcano Number":221122,"Volcano Name":"Manda-Inakir","Country":"Ethiopia-Djibouti","Volcanic Region Group":"Eastern Africa Volcanic Regions","Volcanic Region":"Afar Rift Volcanic Province","Volcano Landform":"Cluster","Primary Volcano Type":"Fissure vent(s)","Type Group":"Fissure vents","Type Description":"Linear cracks where lava erupts along a line rather than from one central cone.","Activity Evidence":"Eruption Observed","Activity Class":"Observed eruption","Last Known Eruption":"1928 CE","Eruption Year":1928.0,"Eruption Period":"Since 1900","Elevation (m)":600,"Elevation Class":"0-999 m","Tectonic Setting":"Rift zone / Intermediate crust (15-25 km)","Tectonic Group":"Rift","Dominant Rock Type":"Basalt / Picro-Basalt"}},{"type":"Feature","geometry":{"type":"Point","coordinates":[42.404,12.469]},"properties":{"Volcano Number":221123,"Volcano Name":"Mousa Alli","Country":"Ethiopia-Eritrea-Djibouti","Volcanic Region Group":"Eastern Africa Volcanic Regions","Volcanic Region":"Afar Rift Volcanic Province","Volcano Landform":"Composite","Primary Volcano Type":"Stratovolcano","Type Group":"Cone volcanoes","Type Description":"Tall, steep volcanoes often built by alternating lava and ash layers.","Activity Evidence":"Evidence Credible","Activity Class":"Credible evidence","Last Known Eruption":"Unknown","Eruption Year":null,"Eruption Period":"BCE record","Elevation (m)":1993,"Elevation Class":"1,000-2,999 m","Tectonic Setting":"Rift zone / Intermediate crust (15-25 km)","Tectonic Group":"Rift","Dominant Rock Type":"Rhyolite"}},{"type":"Feature","geometry":{"type":"Point","coordinates":[42.53,12.55]},"properties":{"Volcano Number":221124,"Volcano Name":"Gufa","Country":"Eritrea-Djibouti","Volcanic Region Group":"Eastern Africa Volcanic Regions","Volcanic Region":"Afar Rift Volcanic Province","Volcano Landform":"Cluster","Primary Volcano Type":"Volcanic field","Type Group":"Volcanic fields","Type Description":"Areas with many vents spread across a wider landscape.","Activity Evidence":"Evidence Credible","Activity Class":"Credible evidence","Last Known Eruption":"Unknown","Eruption Year":null,"Eruption Period":"BCE record","Elevation (m)":600,"Elevation Class":"0-999 m","Tectonic Setting":"Rift zone / Intermediate crust (15-25 km)","Tectonic Group":"Rift","Dominant Rock Type":"Basalt / Picro-Basalt"}},{"type":"Feature","geometry":{"type":"Point","coordinates":[42.43,12.95]},"properties":{"Volcano Number":221125,"Volcano Name":"Assab Volcanic Field","Country":"Eritrea","Volcanic Region Group":"Eastern Africa Volcanic Regions","Volcanic Region":"Afar Rift Volcanic Province","Volcano Landform":"Cluster","Primary Volcano Type":"Volcanic field","Type Group":"Volcanic fields","Type Description":"Areas with many vents spread across a wider landscape.","Activity Evidence":"Evidence Credible","Activity Class":"Credible evidence","Last Known Eruption":"Unknown","Eruption Year":null,"Eruption Period":"BCE record","Elevation (m)":987,"Elevation Class":"0-999 m","Tectonic Setting":"Rift zone / Intermediate crust (15-25 km)","Tectonic Group":"Rift","Dominant Rock Type":"Basalt / Picro-Basalt"}},{"type":"Feature","geometry":{"type":"Point","coordinates":[42.47,11.58]},"properties":{"Volcano Number":221126,"Volcano Name":"Ardoukoba","Country":"Djibouti","Volcanic Region Group":"Eastern Africa Volcanic Regions","Volcanic Region":"Afar Rift Volcanic Province","Volcano Landform":"Cluster","Primary Volcano Type":"Fissure vent(s)","Type Group":"Fissure vents","Type Description":"Linear cracks where lava erupts along a line rather than from one central cone.","Activity Evidence":"Eruption Observed","Activity Class":"Observed eruption","Last Known Eruption":"1978 CE","Eruption Year":1978.0,"Eruption Period":"Since 1900","Elevation (m)":298,"Elevation Class":"0-999 m","Tectonic Setting":"Rift zone / Intermediate crust (15-25 km)","Tectonic Group":"Rift","Dominant Rock Type":"Basalt / Picro-Basalt"}},{"type":"Feature","geometry":{"type":"Point","coordinates":[41.48,11.75]},"properties":{"Volcano Number":221127,"Volcano Name":"Manda Gargori","Country":"Ethiopia","Volcanic Region Group":"Eastern Africa Volcanic Regions","Volcanic Region":"Afar Rift Volcanic Province","Volcano Landform":"Cluster","Primary Volcano Type":"Fissure vent(s)","Type Group":"Fissure vents","Type Description":"Linear cracks where lava erupts along a line rather than from one central cone.","Activity Evidence":"Evidence Credible","Activity Class":"Credible evidence","Last Known Eruption":"Unknown","Eruption Year":null,"Eruption Period":"BCE record","Elevation (m)":700,"Elevation Class":"0-999 m","Tectonic Setting":"Rift zone / Intermediate crust (15-25 km)","Tectonic Group":"Rift","Dominant Rock Type":"Basalt / Picro-Basalt"}},{"type":"Feature","geometry":{"type":"Point","coordinates":[41.63,11.28]},"properties":{"Volcano Number":221141,"Volcano Name":"Dama Ali","Country":"Ethiopia","Volcanic Region Group":"Eastern Africa Volcanic Regions","Volcanic Region":"Main Ethiopian Rift Volcanic Province","Volcano Landform":"Shield","Primary Volcano Type":"Shield","Type Group":"Shield volcanoes","Type Description":"Broad volcanoes formed by fluid lava flows that can spread far from the vent.","Activity Evidence":"Eruption Observed","Activity Class":"Observed eruption","Last Known Eruption":"1631 CE","Eruption Year":1631.0,"Eruption Period":"1500-1899","Elevation (m)":1068,"Elevation Class":"1,000-2,999 m","Tectonic Setting":"Rift zone / Intermediate crust (15-25 km)","Tectonic Group":"Rift","Dominant Rock Type":"Basalt / Picro-Basalt"}},{"type":"Feature","geometry":{"type":"Point","coordinates":[41.27,11.08]},"properties":{"Volcano Number":221150,"Volcano Name":"Gabillema","Country":"Ethiopia","Volcanic Region Group":"Eastern Africa Volcanic Regions","Volcanic Region":"Main Ethiopian Rift Volcanic Province","Volcano Landform":"Composite","Primary Volcano Type":"Stratovolcano","Type Group":"Cone volcanoes","Type Description":"Tall, steep volcanoes often built by alternating lava and ash layers.","Activity Evidence":"Evidence Credible","Activity Class":"Credible evidence","Last Known Eruption":"Unknown","Eruption Year":null,"Eruption Period":"BCE record","Elevation (m)":1459,"Elevation Class":"1,000-2,999 m","Tectonic Setting":"Rift zone / Intermediate crust (15-25 km)","Tectonic Group":"Rift","Dominant Rock Type":"Rhyolite"}},{"type":"Feature","geometry":{"type":"Point","coordinates":[41.042,10.58]},"properties":{"Volcano Number":221151,"Volcano Name":"Yangudi","Country":"Ethiopia","Volcanic Region Group":"Eastern Africa Volcanic Regions","Volcanic Region":"Main Ethiopian Rift Volcanic Province","Volcano Landform":"Composite","Primary Volcano Type":"Complex","Type Group":"Complex volcanoes","Type Description":"Volcanoes with multiple vents, cones, or overlapping eruptive centers.","Activity Evidence":"Evidence Credible","Activity Class":"Credible evidence","Last Known Eruption":"Unknown","Eruption Year":null,"Eruption Period":"BCE record","Elevation (m)":1383,"Elevation Class":"1,000-2,999 m","Tectonic Setting":"Rift zone / Intermediate crust (15-25 km)","Tectonic Group":"Rift","Dominant Rock Type":"Rhyolite"}},{"type":"Feature","geometry":{"type":"Point","coordinates":[40.702,10.082]},"properties":{"Volcano Number":221160,"Volcano Name":"Ayelu","Country":"Ethiopia","Volcanic Region Group":"Eastern Africa Volcanic Regions","Volcanic Region":"Main Ethiopian Rift Volcanic Province","Volcano Landform":"Composite","Primary Volcano Type":"Stratovolcano","Type Group":"Cone volcanoes","Type Description":"Tall, steep volcanoes often built by alternating lava and ash layers.","Activity Evidence":"Evidence Credible","Activity Class":"Credible evidence","Last Known Eruption":"Unknown","Eruption Year":null,"Eruption Period":"BCE record","Elevation (m)":2145,"Elevation Class":"1,000-2,999 m","Tectonic Setting":"Rift zone / Intermediate crust (15-25 km)","Tectonic Group":"Rift","Dominant Rock Type":"Rhyolite"}},{"type":"Feature","geometry":{"type":"Point","coordinates":[40.831,10.063]},"properties":{"Volcano Number":221170,"Volcano Name":"Adwa","Country":"Ethiopia","Volcanic Region Group":"Eastern Africa Volcanic Regions","Volcanic Region":"Main Ethiopian Rift Volcanic Province","Volcano Landform":"Composite","Primary Volcano Type":"Stratovolcano","Type Group":"Cone volcanoes","Type Description":"Tall, steep volcanoes often built by alternating lava and ash layers.","Activity Evidence":"Evidence Credible","Activity Class":"Credible evidence","Last Known Eruption":"Unknown","Eruption Year":null,"Eruption Period":"BCE record","Elevation (m)":1670,"Elevation Class":"1,000-2,999 m","Tectonic Setting":"Rift zone / Intermediate crust (15-25 km)","Tectonic Group":"Rift","Dominant Rock Type":"Rhyolite"}},{"type":"Feature","geometry":{"type":"Point","coordinates":[40.33,9.78]},"properties":{"Volcano Number":221171,"Volcano Name":"Hertali","Country":"Ethiopia","Volcanic Region Group":"Eastern Africa Volcanic Regions","Volcanic Region":"Main Ethiopian Rift Volcanic Province","Volcano Landform":"Cluster","Primary Volcano Type":"Fissure vent","Type Group":"Other or unknown","Type Description":"The database lists a less common or unspecified volcano form.","Activity Evidence":"Evidence Credible","Activity Class":"Credible evidence","Last Known Eruption":"Unknown","Eruption Year":null,"Eruption Period":"BCE record","Elevation (m)":900,"Elevation Class":"0-999 m","Tectonic Setting":"Rift zone / Intermediate crust (15-25 km)","Tectonic Group":"Rift","Dominant Rock Type":"Basalt / Picro-Basalt"}},{"type":"Feature","geometry":{"type":"Point","coordinates":[40.28,9.57]},"properties":{"Volcano Number":221172,"Volcano Name":"Liado Hayk","Country":"Ethiopia","Volcanic Region Group":"Eastern Africa Volcanic Regions","Volcanic Region":"Main Ethiopian Rift Volcanic Province","Volcano Landform":"Cluster","Primary Volcano Type":"Volcanic field","Type Group":"Volcanic fields","Type Description":"Areas with many vents spread across a wider landscape.","Activity Evidence":"Evidence Uncertain","Activity Class":"Uncertain evidence","Last Known Eruption":"Unknown","Eruption Year":null,"Eruption Period":"BCE record","Elevation (m)":878,"Elevation Class":"0-999 m","Tectonic Setting":"Rift zone / Continental crust (>25 km)","Tectonic Group":"Rift","Dominant Rock Type":"No Data (checked)"}},{"type":"Feature","geometry":{"type":"Point","coordinates":[40.13,9.35]},"properties":{"Volcano Number":221180,"Volcano Name":"Dofen","Country":"Ethiopia","Volcanic Region Group":"Eastern Africa Volcanic Regions","Volcanic Region":"Main Ethiopian Rift Volcanic Province","Volcano Landform":"Shield","Primary Volcano Type":"Shield","Type Group":"Shield volcanoes","Type Description":"Broad volcanoes formed by fluid lava flows that can spread far from the vent.","Activity Evidence":"Evidence Credible","Activity Class":"Credible evidence","Last Known Eruption":"Unknown","Eruption Year":null,"Eruption Period":"BCE record","Elevation (m)":1151,"Elevation Class":"1,000-2,999 m","Tectonic Setting":"Rift zone / Continental crust (>25 km)","Tectonic Group":"Rift","Dominant Rock Type":"Rhyolite"}},{"type":"Feature","geometry":{"type":"Point","coordinates":[39.906,8.985]},"properties":{"Volcano Number":221190,"Volcano Name":"Fentale","Country":"Ethiopia","Volcanic Region Group":"Eastern Africa Volcanic Regions","Volcanic Region":"Main Ethiopian Rift Volcanic Province","Volcano Landform":"Composite","Primary Volcano Type":"Stratovolcano","Type Group":"Cone volcanoes","Type Description":"Tall, steep volcanoes often built by alternating lava and ash layers.","Activity Evidence":"Eruption Observed","Activity Class":"Observed eruption","Last Known Eruption":"1789 CE","Eruption Year":1789.0,"Eruption Period":"1500-1899","Elevation (m)":2007,"Elevation Class":"1,000-2,999 m","Tectonic Setting":"Rift zone / Continental crust (>25 km)","Tectonic Group":"Rift","Dominant Rock Type":"Rhyolite"}},{"type":"Feature","geometry":{"type":"Point","coordinates":[39.75,8.95]},"properties":{"Volcano Number":221191,"Volcano Name":"Beru","Country":"Ethiopia","Volcanic Region Group":"Eastern Africa Volcanic Regions","Volcanic Region":"Main Ethiopian Rift Volcanic Province","Volcano Landform":"Cluster","Primary Volcano Type":"Volcanic field","Type Group":"Volcanic fields","Type Description":"Areas with many vents spread across a wider landscape.","Activity Evidence":"Evidence Credible","Activity Class":"Credible evidence","Last Known Eruption":"Unknown","Eruption Year":null,"Eruption Period":"BCE record","Elevation (m)":1100,"Elevation Class":"1,000-2,999 m","Tectonic Setting":"Rift zone / Continental crust (>25 km)","Tectonic Group":"Rift","Dominant Rock Type":"Basalt / Picro-Basalt"}},{"type":"Feature","geometry":{"type":"Point","coordinates":[39.6946,8.8105]},"properties":{"Volcano Number":221200,"Volcano Name":"Kone","Country":"Ethiopia","Volcanic Region Group":"Eastern Africa Volcanic Regions","Volcanic Region":"Main Ethiopian Rift Volcanic Province","Volcano Landform":"Caldera","Primary Volcano Type":"Caldera(s)","Type Group":"Other or unknown","Type Description":"The database lists a less common or unspecified volcano form.","Activity Evidence":"Eruption Observed","Activity Class":"Observed eruption","Last Known Eruption":"1820 CE","Eruption Year":1820.0,"Eruption Period":"1500-1899","Elevation (m)":1380,"Elevation Class":"1,000-2,999 m","Tectonic Setting":"Rift zone / Continental crust (>25 km)","Tectonic Group":"Rift","Dominant Rock Type":"Rhyolite"}},{"type":"Feature","geometry":{"type":"Point","coordinates":[39.475,8.558]},"properties":{"Volcano Number":221210,"Volcano Name":"Boset","Country":"Ethiopia","Volcanic Region Group":"Eastern Africa Volcanic Regions","Volcanic Region":"Main Ethiopian Rift Volcanic Province","Volcano Landform":"Composite","Primary Volcano Type":"Stratovolcano(es)","Type Group":"Cone volcanoes","Type Description":"Tall, steep volcanoes often built by alternating lava and ash layers.","Activity Evidence":"Evidence Credible","Activity Class":"Credible evidence","Last Known Eruption":"Unknown","Eruption Year":null,"Eruption Period":"BCE record","Elevation (m)":2447,"Elevation Class":"1,000-2,999 m","Tectonic Setting":"Rift zone / Continental crust (>25 km)","Tectonic Group":"Rift","Dominant Rock Type":"Rhyolite"}},{"type":"Feature","geometry":{"type":"Point","coordinates":[38.98,8.78]},"properties":{"Volcano Number":221220,"Volcano Name":"Bishoftu Volcanic Field","Country":"Ethiopia","Volcanic Region Group":"Eastern Africa Volcanic Regions","Volcanic Region":"Main Ethiopian Rift Volcanic Province","Volcano Landform":"Cluster","Primary Volcano Type":"Volcanic field","Type Group":"Volcanic fields","Type Description":"Areas with many vents spread across a wider landscape.","Activity Evidence":"Evidence Credible","Activity Class":"Credible evidence","Last Known Eruption":"Unknown","Eruption Year":null,"Eruption Period":"BCE record","Elevation (m)":1850,"Elevation Class":"1,000-2,999 m","Tectonic Setting":"Rift zone / Continental crust (>25 km)","Tectonic Group":"Rift","Dominant Rock Type":"Basalt / Picro-Basalt"}},{"type":"Feature","geometry":{"type":"Point","coordinates":[39.35,8.43]},"properties":{"Volcano Number":221222,"Volcano Name":"Melkassa","Country":"Ethiopia","Volcanic Region Group":"Eastern Africa Volcanic Regions","Volcanic Region":"Main Ethiopian Rift Volcanic Province","Volcano Landform":"Cluster","Primary Volcano Type":"Volcanic field","Type Group":"Volcanic fields","Type Description":"Areas with many vents spread across a wider landscape.","Activity Evidence":"Evidence Credible","Activity Class":"Credible evidence","Last Known Eruption":"Unknown","Eruption Year":null,"Eruption Period":"BCE record","Elevation (m)":1765,"Elevation Class":"1,000-2,999 m","Tectonic Setting":"Intraplate / Continental crust (>25 km)","Tectonic Group":"Intraplate","Dominant Rock Type":"Basalt / Picro-Basalt"}},{"type":"Feature","geometry":{"type":"Point","coordinates":[39.172,8.363]},"properties":{"Volcano Number":221230,"Volcano Name":"Gedemsa","Country":"Ethiopia","Volcanic Region Group":"Eastern Africa Volcanic Regions","Volcanic Region":"Main Ethiopian Rift Volcanic Province","Volcano Landform":"Caldera","Primary Volcano Type":"Caldera","Type Group":"Calderas","Type Description":"Large collapse basins that can form after major eruptions empty magma chambers.","Activity Evidence":"Evidence Credible","Activity Class":"Credible evidence","Last Known Eruption":"Unknown","Eruption Year":null,"Eruption Period":"BCE record","Elevation (m)":1909,"Elevation Class":"1,000-2,999 m","Tectonic Setting":"Rift zone / Continental crust (>25 km)","Tectonic Group":"Rift","Dominant Rock Type":"Rhyolite"}},{"type":"Feature","geometry":{"type":"Point","coordinates":[39.0812,8.2114]},"properties":{"Volcano Number":221250,"Volcano Name":"Bora-Bericha-Tullu Moye","Country":"Ethiopia","Volcanic Region Group":"Eastern Africa Volcanic Regions","Volcanic Region":"Main Ethiopian Rift Volcanic Province","Volcano Landform":"Cluster","Primary Volcano Type":"Pyroclastic cone","Type Group":"Other or unknown","Type Description":"The database lists a less common or unspecified volcano form.","Activity Evidence":"Eruption Observed","Activity Class":"Observed eruption","Last Known Eruption":"1900 CE","Eruption Year":1900.0,"Eruption Period":"Since 1900","Elevation (m)":2345,"Elevation Class":"1,000-2,999 m","Tectonic Setting":"Rift zone / Continental crust (>25 km)","Tectonic Group":"Rift","Dominant Rock Type":"Rhyolite"}},{"type":"Feature","geometry":{"type":"Point","coordinates":[38.902,7.874]},"properties":{"Volcano Number":221252,"Volcano Name":"East Ziway","Country":"Ethiopia","Volcanic Region Group":"Eastern Africa Volcanic Regions","Volcanic Region":"Main Ethiopian Rift Volcanic Province","Volcano Landform":"Cluster","Primary Volcano Type":"Fissure vent(s)","Type Group":"Fissure vents","Type Description":"Linear cracks where lava erupts along a line rather than from one central cone.","Activity Evidence":"Evidence Credible","Activity Class":"Credible evidence","Last Known Eruption":"Unknown","Eruption Year":null,"Eruption Period":"BCE record","Elevation (m)":1889,"Elevation Class":"1,000-2,999 m","Tectonic Setting":"Rift zone / Continental crust (>25 km)","Tectonic Group":"Rift","Dominant Rock Type":"Basalt / Picro-Basalt"}},{"type":"Feature","geometry":{"type":"Point","coordinates":[38.35,8.05]},"properties":{"Volcano Number":221260,"Volcano Name":"Butajiri-Silti Field","Country":"Ethiopia","Volcanic Region Group":"Eastern Africa Volcanic Regions","Volcanic Region":"Main Ethiopian Rift Volcanic Province","Volcano Landform":"Cluster","Primary Volcano Type":"Volcanic field","Type Group":"Volcanic fields","Type Description":"Areas with many vents spread across a wider landscape.","Activity Evidence":"Evidence Credible","Activity Class":"Credible evidence","Last Known Eruption":"Unknown","Eruption Year":null,"Eruption Period":"BCE record","Elevation (m)":2281,"Elevation Class":"1,000-2,999 m","Tectonic Setting":"Rift zone / Continental crust (>25 km)","Tectonic Group":"Rift","Dominant Rock Type":"Basalt / Picro-Basalt"}},{"type":"Feature","geometry":{"type":"Point","coordinates":[38.78,7.77]},"properties":{"Volcano Number":221270,"Volcano Name":"Aluto","Country":"Ethiopia","Volcanic Region Group":"Eastern Africa Volcanic Regions","Volcanic Region":"Main Ethiopian Rift Volcanic Province","Volcano Landform":"Composite","Primary Volcano Type":"Stratovolcano","Type Group":"Cone volcanoes","Type Description":"Tall, steep volcanoes often built by alternating lava and ash layers.","Activity Evidence":"Eruption Dated","Activity Class":"Dated eruption","Last Known Eruption":"1550 CE","Eruption Year":1550.0,"Eruption Period":"1500-1899","Elevation (m)":2335,"Elevation Class":"1,000-2,999 m","Tectonic Setting":"Rift zone / Continental crust (>25 km)","Tectonic Group":"Rift","Dominant Rock Type":"Rhyolite"}},{"type":"Feature","geometry":{"type":"Point","coordinates":[38.5571,7.4569]},"properties":{"Volcano Number":221280,"Volcano Name":"Shala","Country":"Ethiopia","Volcanic Region Group":"Eastern Africa Volcanic Regions","Volcanic Region":"Main Ethiopian Rift Volcanic Province","Volcano Landform":"Caldera","Primary Volcano Type":"Caldera","Type Group":"Calderas","Type Description":"Large collapse basins that can form after major eruptions empty magma chambers.","Activity Evidence":"Evidence Credible","Activity Class":"Credible evidence","Last Known Eruption":"Unknown","Eruption Year":null,"Eruption Period":"BCE record","Elevation (m)":2075,"Elevation Class":"1,000-2,999 m","Tectonic Setting":"Rift zone / Continental crust (>25 km)","Tectonic Group":"Rift","Dominant Rock Type":"Rhyolite"}},{"type":"Feature","geometry":{"type":"Point","coordinates":[38.39,7.193]},"properties":{"Volcano Number":221290,"Volcano Name":"Corbetti","Country":"Ethiopia","Volcanic Region Group":"Eastern Africa Volcanic Regions","Volcanic Region":"Main Ethiopian Rift Volcanic Province","Volcano Landform":"Caldera","Primary Volcano Type":"Caldera","Type Group":"Calderas","Type Description":"Large collapse basins that can form after major eruptions empty magma chambers.","Activity Evidence":"Evidence Credible","Activity Class":"Credible evidence","Last Known Eruption":"396 BCE","Eruption Year":-396.0,"Eruption Period":"BCE record","Elevation (m)":2289,"Elevation Class":"1,000-2,999 m","Tectonic Setting":"Rift zone / Continental crust (>25 km)","Tectonic Group":"Rift","Dominant Rock Type":"Rhyolite"}},{"type":"Feature","geometry":{"type":"Point","coordinates":[38.1,7.07]},"properties":{"Volcano Number":221291,"Volcano Name":"Bilate River Field","Country":"Ethiopia","Volcanic Region Group":"Eastern Africa Volcanic Regions","Volcanic Region":"Main Ethiopian Rift Volcanic Province","Volcano Landform":"Cluster","Primary Volcano Type":"Volcanic field","Type Group":"Volcanic fields","Type Description":"Areas with many vents spread across a wider landscape.","Activity Evidence":"Unrest / Holocene","Activity Class":"Unspecified","Last Known Eruption":"Unknown","Eruption Year":null,"Eruption Period":"BCE record","Elevation (m)":1700,"Elevation Class":"1,000-2,999 m","Tectonic Setting":"Intraplate / Continental crust (>25 km)","Tectonic Group":"Intraplate","Dominant Rock Type":"No Data (checked)"}},{"type":"Feature","geometry":{"type":"Point","coordinates":[37.97,6.76]},"properties":{"Volcano Number":221294,"Volcano Name":"Northern Lake Abaya Volcanic Field","Country":"Ethiopia","Volcanic Region Group":"Eastern Africa Volcanic Regions","Volcanic Region":"Main Ethiopian Rift Volcanic Province","Volcano Landform":"Cluster","Primary Volcano Type":"Volcanic field","Type Group":"Volcanic fields","Type Description":"Areas with many vents spread across a wider landscape.","Activity Evidence":"Evidence Credible","Activity Class":"Credible evidence","Last Known Eruption":"Unknown","Eruption Year":null,"Eruption Period":"BCE record","Elevation (m)":1594,"Elevation Class":"1,000-2,999 m","Tectonic Setting":"Intraplate / Continental crust (>25 km)","Tectonic Group":"Intraplate","Dominant Rock Type":null}},{"type":"Feature","geometry":{"type":"Point","coordinates":[35.892,5.117]},"properties":{"Volcano Number":221320,"Volcano Name":"Korath Range","Country":"Ethiopia","Volcanic Region Group":"Eastern Africa Volcanic Regions","Volcanic Region":"Kenyan Rift Volcanic Province","Volcano Landform":"Cluster","Primary Volcano Type":"Tuff cone(s)","Type Group":"Small cones","Type Description":"Smaller volcanic cones or explosion craters formed by ash, cinders, or steam blasts.","Activity Evidence":"Evidence Uncertain","Activity Class":"Uncertain evidence","Last Known Eruption":"Unknown","Eruption Year":null,"Eruption Period":"BCE record","Elevation (m)":912,"Elevation Class":"0-999 m","Tectonic Setting":"Rift zone / Intermediate crust (15-25 km)","Tectonic Group":"Rift","Dominant Rock Type":"Trachybasalt / Tephrite Basanite"}},{"type":"Feature","geometry":{"type":"Point","coordinates":[38.213,3.971]},"properties":{"Volcano Number":221330,"Volcano Name":"Mega Volcanic Field","Country":"Ethiopia","Volcanic Region Group":"Eastern Africa Volcanic Regions","Volcanic Region":"Kenyan Rift Volcanic Province","Volcano Landform":"Cluster","Primary Volcano Type":"Volcanic field","Type Group":"Volcanic fields","Type Description":"Areas with many vents spread across a wider landscape.","Activity Evidence":"Evidence Credible","Activity Class":"Credible evidence","Last Known Eruption":"Unknown","Eruption Year":null,"Eruption Period":"BCE record","Elevation (m)":1500,"Elevation Class":"1,000-2,999 m","Tectonic Setting":"Rift zone / Intermediate crust (15-25 km)","Tectonic Group":"Rift","Dominant Rock Type":null}},{"type":"Feature","geometry":{"type":"Point","coordinates":[36.0458,4.0631]},"properties":{"Volcano Number":222001,"Volcano Name":"Lake Turkana North Island","Country":"Kenya","Volcanic Region Group":"Eastern Africa Volcanic Regions","Volcanic Region":"Kenyan Rift Volcanic Province","Volcano Landform":"Minor (Basaltic)","Primary Volcano Type":"Tuff cone(s)","Type Group":"Small cones","Type Description":"Smaller volcanic cones or explosion craters formed by ash, cinders, or steam blasts.","Activity Evidence":"Evidence Credible","Activity Class":"Credible evidence","Last Known Eruption":"Unknown","Eruption Year":null,"Eruption Period":"BCE record","Elevation (m)":490,"Elevation Class":"0-999 m","Tectonic Setting":"Rift zone / Continental crust (>25 km)","Tectonic Group":"Rift","Dominant Rock Type":"Trachyandesite / Basaltic Trachyandesite"}},{"type":"Feature","geometry":{"type":"Point","coordinates":[36.0365,3.496]},"properties":{"Volcano Number":222010,"Volcano Name":"Lake Turkana Central Island","Country":"Kenya","Volcanic Region Group":"Eastern Africa Volcanic Regions","Volcanic Region":"Kenyan Rift Volcanic Province","Volcano Landform":"Minor (Basaltic)","Primary Volcano Type":"Tuff cone(s)","Type Group":"Small cones","Type Description":"Smaller volcanic cones or explosion craters formed by ash, cinders, or steam blasts.","Activity Evidence":"Evidence Credible","Activity Class":"Credible evidence","Last Known Eruption":"Unknown","Eruption Year":null,"Eruption Period":"BCE record","Elevation (m)":518,"Elevation Class":"0-999 m","Tectonic Setting":"Rift zone / Continental crust (>25 km)","Tectonic Group":"Rift","Dominant Rock Type":"Basalt / Picro-Basalt"}},{"type":"Feature","geometry":{"type":"Point","coordinates":[36.5958,2.6364]},"properties":{"Volcano Number":222020,"Volcano Name":"Lake Turkana South Island","Country":"Kenya","Volcanic Region Group":"Eastern Africa Volcanic Regions","Volcanic Region":"Kenyan Rift Volcanic Province","Volcano Landform":"Shield","Primary Volcano Type":"Stratovolcano","Type Group":"Cone volcanoes","Type Description":"Tall, steep volcanoes often built by alternating lava and ash layers.","Activity Evidence":"Eruption Observed","Activity Class":"Observed eruption","Last Known Eruption":"1888 CE","Eruption Year":1888.0,"Eruption Period":"1500-1899","Elevation (m)":800,"Elevation Class":"0-999 m","Tectonic Setting":"Rift zone / Continental crust (>25 km)","Tectonic Group":"Rift","Dominant Rock Type":"Basalt / Picro-Basalt"}},{"type":"Feature","geometry":{"type":"Point","coordinates":[37.97,2.32]},"properties":{"Volcano Number":222021,"Volcano Name":"Marsabit","Country":"Kenya","Volcanic Region Group":"Eastern Africa Volcanic Regions","Volcanic Region":"Kenyan Rift Volcanic Province","Volcano Landform":"Shield","Primary Volcano Type":"Shield","Type Group":"Shield volcanoes","Type Description":"Broad volcanoes formed by fluid lava flows that can spread far from the vent.","Activity Evidence":"Evidence Uncertain","Activity Class":"Uncertain evidence","Last Known Eruption":"Unknown","Eruption Year":null,"Eruption Period":"BCE record","Elevation (m)":1707,"Elevation Class":"1,000-2,999 m","Tectonic Setting":"Rift zone / Continental crust (>25 km)","Tectonic Group":"Rift","Dominant Rock Type":"Basalt / Picro-Basalt"}},{"type":"Feature","geometry":{"type":"Point","coordinates":[36.57,2.32]},"properties":{"Volcano Number":222030,"Volcano Name":"Barrier, The","Country":"Kenya","Volcanic Region Group":"Eastern Africa Volcanic Regions","Volcanic Region":"Kenyan Rift Volcanic Province","Volcano Landform":"Shield","Primary Volcano Type":"Shield","Type Group":"Shield volcanoes","Type Description":"Broad volcanoes formed by fluid lava flows that can spread far from the vent.","Activity Evidence":"Eruption Observed","Activity Class":"Observed eruption","Last Known Eruption":"1921 CE","Eruption Year":1921.0,"Eruption Period":"Since 1900","Elevation (m)":1032,"Elevation Class":"1,000-2,999 m","Tectonic Setting":"Rift zone / Continental crust (>25 km)","Tectonic Group":"Rift","Dominant Rock Type":"Trachyte / Trachydacite"}},{"type":"Feature","geometry":{"type":"Point","coordinates":[36.43,1.98]},"properties":{"Volcano Number":222040,"Volcano Name":"Namarunu","Country":"Kenya","Volcanic Region Group":"Eastern Africa Volcanic Regions","Volcanic Region":"Kenyan Rift Volcanic Province","Volcano Landform":"Shield","Primary Volcano Type":"Shield","Type Group":"Shield volcanoes","Type Description":"Broad volcanoes formed by fluid lava flows that can spread far from the vent.","Activity Evidence":"Eruption Dated","Activity Class":"Dated eruption","Last Known Eruption":"6550 BCE","Eruption Year":-6550.0,"Eruption Period":"BCE record","Elevation (m)":817,"Elevation Class":"0-999 m","Tectonic Setting":"Rift zone / Continental crust (>25 km)","Tectonic Group":"Rift","Dominant Rock Type":"Basalt / Picro-Basalt"}},{"type":"Feature","geometry":{"type":"Point","coordinates":[37.9,1.57]},"properties":{"Volcano Number":222050,"Volcano Name":"Segererua Plateau","Country":"Kenya","Volcanic Region Group":"Eastern Africa Volcanic Regions","Volcanic Region":"Kenyan Rift Volcanic Province","Volcano Landform":"Cluster","Primary Volcano Type":"Pyroclastic cone(s)","Type Group":"Small cones","Type Description":"Smaller volcanic cones or explosion craters formed by ash, cinders, or steam blasts.","Activity Evidence":"Evidence Credible","Activity Class":"Credible evidence","Last Known Eruption":"Unknown","Eruption Year":null,"Eruption Period":"BCE record","Elevation (m)":699,"Elevation Class":"0-999 m","Tectonic Setting":"Rift zone / Continental crust (>25 km)","Tectonic Group":"Rift","Dominant Rock Type":"Basalt / Picro-Basalt"}},{"type":"Feature","geometry":{"type":"Point","coordinates":[36.33,1.5]},"properties":{"Volcano Number":222051,"Volcano Name":"Emuruangogolak","Country":"Kenya","Volcanic Region Group":"Eastern Africa Volcanic Regions","Volcanic Region":"Kenyan Rift Volcanic Province","Volcano Landform":"Shield","Primary Volcano Type":"Shield","Type Group":"Shield volcanoes","Type Description":"Broad volcanoes formed by fluid lava flows that can spread far from the vent.","Activity Evidence":"Eruption Dated","Activity Class":"Dated eruption","Last Known Eruption":"1910 CE","Eruption Year":1910.0,"Eruption Period":"Since 1900","Elevation (m)":1285,"Elevation Class":"1,000-2,999 m","Tectonic Setting":"Rift zone / Continental crust (>25 km)","Tectonic Group":"Rift","Dominant Rock Type":"Trachyte / Trachydacite"}},{"type":"Feature","geometry":{"type":"Point","coordinates":[36.23,1.15]},"properties":{"Volcano Number":222052,"Volcano Name":"Silali","Country":"Kenya","Volcanic Region Group":"Eastern Africa Volcanic Regions","Volcanic Region":"Kenyan Rift Volcanic Province","Volcano Landform":"Shield","Primary Volcano Type":"Shield","Type Group":"Shield volcanoes","Type Description":"Broad volcanoes formed by fluid lava flows that can spread far from the vent.","Activity Evidence":"Eruption Dated","Activity Class":"Dated eruption","Last Known Eruption":"5050 BCE","Eruption Year":-5050.0,"Eruption Period":"BCE record","Elevation (m)":1528,"Elevation Class":"1,000-2,999 m","Tectonic Setting":"Rift zone / Continental crust (>25 km)","Tectonic Group":"Rift","Dominant Rock Type":"Trachyte / Trachydacite"}},{"type":"Feature","geometry":{"type":"Point","coordinates":[36.18,0.92]},"properties":{"Volcano Number":222053,"Volcano Name":"Paka","Country":"Kenya","Volcanic Region Group":"Eastern Africa Volcanic Regions","Volcanic Region":"Kenyan Rift Volcanic Province","Volcano Landform":"Shield","Primary Volcano Type":"Shield","Type Group":"Shield volcanoes","Type Description":"Broad volcanoes formed by fluid lava flows that can spread far from the vent.","Activity Evidence":"Eruption Dated","Activity Class":"Dated eruption","Last Known Eruption":"7550 BCE","Eruption Year":-7550.0,"Eruption Period":"BCE record","Elevation (m)":1697,"Elevation Class":"1,000-2,999 m","Tectonic Setting":"Rift zone / Continental crust (>25 km)","Tectonic Group":"Rift","Dominant Rock Type":"Trachyte / Trachydacite"}},{"type":"Feature","geometry":{"type":"Point","coordinates":[36.12,0.77]},"properties":{"Volcano Number":222054,"Volcano Name":"Korosi","Country":"Kenya","Volcanic Region Group":"Eastern Africa Volcanic Regions","Volcanic Region":"Kenyan Rift Volcanic Province","Volcano Landform":"Shield","Primary Volcano Type":"Shield","Type Group":"Shield volcanoes","Type Description":"Broad volcanoes formed by fluid lava flows that can spread far from the vent.","Activity Evidence":"Evidence Credible","Activity Class":"Credible evidence","Last Known Eruption":"Unknown","Eruption Year":null,"Eruption Period":"BCE record","Elevation (m)":1446,"Elevation Class":"1,000-2,999 m","Tectonic Setting":"Rift zone / Continental crust (>25 km)","Tectonic Group":"Rift","Dominant Rock Type":"Trachyte / Trachydacite"}},{"type":"Feature","geometry":{"type":"Point","coordinates":[36.075,0.62]},"properties":{"Volcano Number":222055,"Volcano Name":"Ol Kokwe","Country":"Kenya","Volcanic Region Group":"Eastern Africa Volcanic Regions","Volcanic Region":"Kenyan Rift Volcanic Province","Volcano Landform":"Shield","Primary Volcano Type":"Shield","Type Group":"Shield volcanoes","Type Description":"Broad volcanoes formed by fluid lava flows that can spread far from the vent.","Activity Evidence":"Evidence Credible","Activity Class":"Credible evidence","Last Known Eruption":"Unknown","Eruption Year":null,"Eruption Period":"BCE record","Elevation (m)":1130,"Elevation Class":"1,000-2,999 m","Tectonic Setting":"Rift zone / Continental crust (>25 km)","Tectonic Group":"Rift","Dominant Rock Type":"Basalt / Picro-Basalt"}},{"type":"Feature","geometry":{"type":"Point","coordinates":[37.87,0.23]},"properties":{"Volcano Number":222056,"Volcano Name":"Nyambeni Hills","Country":"Kenya","Volcanic Region Group":"Eastern Africa Volcanic Regions","Volcanic Region":"Kenyan Rift Volcanic Province","Volcano Landform":"Shield","Primary Volcano Type":"Shield","Type Group":"Shield volcanoes","Type Description":"Broad volcanoes formed by fluid lava flows that can spread far from the vent.","Activity Evidence":"Evidence Credible","Activity Class":"Credible evidence","Last Known Eruption":"Unknown","Eruption Year":null,"Eruption Period":"BCE record","Elevation (m)":750,"Elevation Class":"0-999 m","Tectonic Setting":"Rift zone / Continental crust (>25 km)","Tectonic Group":"Rift","Dominant Rock Type":"Basalt / Picro-Basalt"}},{"type":"Feature","geometry":{"type":"Point","coordinates":[36.07,-0.2]},"properties":{"Volcano Number":222060,"Volcano Name":"Menengai","Country":"Kenya","Volcanic Region Group":"Eastern Africa Volcanic Regions","Volcanic Region":"Kenyan Rift Volcanic Province","Volcano Landform":"Shield","Primary Volcano Type":"Shield","Type Group":"Shield volcanoes","Type Description":"Broad volcanoes formed by fluid lava flows that can spread far from the vent.","Activity Evidence":"Eruption Dated","Activity Class":"Dated eruption","Last Known Eruption":"6050 BCE","Eruption Year":-6050.0,"Eruption Period":"BCE record","Elevation (m)":2278,"Elevation Class":"1,000-2,999 m","Tectonic Setting":"Rift zone / Continental crust (>25 km)","Tectonic Group":"Rift","Dominant Rock Type":"Trachyte / Trachydacite"}},{"type":"Feature","geometry":{"type":"Point","coordinates":[34.5,-0.38]},"properties":{"Volcano Number":222070,"Volcano Name":"Homa Mountain","Country":"Kenya","Volcanic Region Group":"Eastern Africa Volcanic Regions","Volcanic Region":"Kenyan Rift Volcanic Province","Volcano Landform":"Composite","Primary Volcano Type":"Complex","Type Group":"Complex volcanoes","Type Description":"Volcanoes with multiple vents, cones, or overlapping eruptive centers.","Activity Evidence":"Evidence Credible","Activity Class":"Credible evidence","Last Known Eruption":"Unknown","Eruption Year":null,"Eruption Period":"BCE record","Elevation (m)":1751,"Elevation Class":"1,000-2,999 m","Tectonic Setting":"Rift zone / Continental crust (>25 km)","Tectonic Group":"Rift","Dominant Rock Type":"Foidite"}},{"type":"Feature","geometry":{"type":"Point","coordinates":[36.249,-0.546]},"properties":{"Volcano Number":222071,"Volcano Name":"Elmenteita Badlands","Country":"Kenya","Volcanic Region Group":"Eastern Africa Volcanic Regions","Volcanic Region":"Kenyan Rift Volcanic Province","Volcano Landform":"Cluster","Primary Volcano Type":"Pyroclastic cone(s)","Type Group":"Small cones","Type Description":"Smaller volcanic cones or explosion craters formed by ash, cinders, or steam blasts.","Activity Evidence":"Evidence Credible","Activity Class":"Credible evidence","Last Known Eruption":"Unknown","Eruption Year":null,"Eruption Period":"BCE record","Elevation (m)":2126,"Elevation Class":"1,000-2,999 m","Tectonic Setting":"Rift zone / Continental crust (>25 km)","Tectonic Group":"Rift","Dominant Rock Type":"Basalt / Picro-Basalt"}},{"type":"Feature","geometry":{"type":"Point","coordinates":[36.22,-0.65]},"properties":{"Volcano Number":222080,"Volcano Name":"Eburru, Ol Doinyo","Country":"Kenya","Volcanic Region Group":"Eastern Africa Volcanic Regions","Volcanic Region":"Kenyan Rift Volcanic Province","Volcano Landform":"Composite","Primary Volcano Type":"Complex","Type Group":"Complex volcanoes","Type Description":"Volcanoes with multiple vents, cones, or overlapping eruptive centers.","Activity Evidence":"Evidence Credible","Activity Class":"Credible evidence","Last Known Eruption":"Unknown","Eruption Year":null,"Eruption Period":"BCE record","Elevation (m)":2856,"Elevation Class":"1,000-2,999 m","Tectonic Setting":"Rift zone / Continental crust (>25 km)","Tectonic Group":"Rift","Dominant Rock Type":"Rhyolite"}},{"type":"Feature","geometry":{"type":"Point","coordinates":[36.292,-0.904]},"properties":{"Volcano Number":222090,"Volcano Name":"Olkaria","Country":"Kenya","Volcanic Region Group":"Eastern Africa Volcanic Regions","Volcanic Region":"Kenyan Rift Volcanic Province","Volcano Landform":"Cluster","Primary Volcano Type":"Pyroclastic cone(s)","Type Group":"Small cones","Type Description":"Smaller volcanic cones or explosion craters formed by ash, cinders, or steam blasts.","Activity Evidence":"Eruption Dated","Activity Class":"Dated eruption","Last Known Eruption":"1770 CE","Eruption Year":1770.0,"Eruption Period":"1500-1899","Elevation (m)":2434,"Elevation Class":"1,000-2,999 m","Tectonic Setting":"Rift zone / Continental crust (>25 km)","Tectonic Group":"Rift","Dominant Rock Type":"Rhyolite"}},{"type":"Feature","geometry":{"type":"Point","coordinates":[36.446,-0.914]},"properties":{"Volcano Number":222100,"Volcano Name":"Longonot","Country":"Kenya","Volcanic Region Group":"Eastern Africa Volcanic Regions","Volcanic Region":"Kenyan Rift Volcanic Province","Volcano Landform":"Composite","Primary Volcano Type":"Stratovolcano","Type Group":"Cone volcanoes","Type Description":"Tall, steep volcanoes often built by alternating lava and ash layers.","Activity Evidence":"Eruption Dated","Activity Class":"Dated eruption","Last Known Eruption":"1863 CE","Eruption Year":1863.0,"Eruption Period":"1500-1899","Elevation (m)":2776,"Elevation Class":"1,000-2,999 m","Tectonic Setting":"Rift zone / Continental crust (>25 km)","Tectonic Group":"Rift","Dominant Rock Type":"Trachyte / Trachydacite"}},{"type":"Feature","geometry":{"type":"Point","coordinates":[36.357,-1.151]},"properties":{"Volcano Number":222110,"Volcano Name":"Suswa","Country":"Kenya","Volcanic Region Group":"Eastern Africa Volcanic Regions","Volcanic Region":"Kenyan Rift Volcanic Province","Volcano Landform":"Shield","Primary Volcano Type":"Shield","Type Group":"Shield volcanoes","Type Description":"Broad volcanoes formed by fluid lava flows that can spread far from the vent.","Activity Evidence":"Evidence Credible","Activity Class":"Credible evidence","Last Known Eruption":"Unknown","Eruption Year":null,"Eruption Period":"BCE record","Elevation (m)":2356,"Elevation Class":"1,000-2,999 m","Tectonic Setting":"Rift zone / Continental crust (>25 km)","Tectonic Group":"Rift","Dominant Rock Type":"Phonolite"}},{"type":"Feature","geometry":{"type":"Point","coordinates":[35.914,-2.764]},"properties":{"Volcano Number":222120,"Volcano Name":"Lengai, Ol Doinyo","Country":"Tanzania","Volcanic Region Group":"Eastern Africa Volcanic Regions","Volcanic Region":"Kenyan Rift Volcanic Province","Volcano Landform":"Composite","Primary Volcano Type":"Stratovolcano","Type Group":"Cone volcanoes","Type Description":"Tall, steep volcanoes often built by alternating lava and ash layers.","Activity Evidence":"Eruption Observed","Activity Class":"Observed eruption","Last Known Eruption":"2026 CE","Eruption Year":2026.0,"Eruption Period":"Since 1900","Elevation (m)":2962,"Elevation Class":"1,000-2,999 m","Tectonic Setting":"Rift zone / Continental crust (>25 km)","Tectonic Group":"Rift","Dominant Rock Type":"Foidite"}},{"type":"Feature","geometry":{"type":"Point","coordinates":[37.88,-2.68]},"properties":{"Volcano Number":222130,"Volcano Name":"Chyulu Hills","Country":"Kenya","Volcanic Region Group":"Eastern Africa Volcanic Regions","Volcanic Region":"Kenyan Rift Volcanic Province","Volcano Landform":"Cluster","Primary Volcano Type":"Volcanic field","Type Group":"Volcanic fields","Type Description":"Areas with many vents spread across a wider landscape.","Activity Evidence":"Eruption Dated","Activity Class":"Dated eruption","Last Known Eruption":"1855 CE","Eruption Year":1855.0,"Eruption Period":"1500-1899","Elevation (m)":2188,"Elevation Class":"1,000-2,999 m","Tectonic Setting":"Rift zone / Continental crust (>25 km)","Tectonic Group":"Rift","Dominant Rock Type":"Trachybasalt / Tephrite Basanite"}},{"type":"Feature","geometry":{"type":"Point","coordinates":[36.75,-3.244]},"properties":{"Volcano Number":222160,"Volcano Name":"Meru","Country":"Tanzania","Volcanic Region Group":"Eastern Africa Volcanic Regions","Volcanic Region":"Kenyan Rift Volcanic Province","Volcano Landform":"Composite","Primary Volcano Type":"Stratovolcano","Type Group":"Cone volcanoes","Type Description":"Tall, steep volcanoes often built by alternating lava and ash layers.","Activity Evidence":"Eruption Observed","Activity Class":"Observed eruption","Last Known Eruption":"1910 CE","Eruption Year":1910.0,"Eruption Period":"Since 1900","Elevation (m)":4550,"Elevation Class":"3,000 m and above","Tectonic Setting":"Rift zone / Continental crust (>25 km)","Tectonic Group":"Rift","Dominant Rock Type":"Phonolite"}},{"type":"Feature","geometry":{"type":"Point","coordinates":[33.552,-9.0036]},"properties":{"Volcano Number":222164,"Volcano Name":"Ngozi","Country":"Tanzania","Volcanic Region Group":"Eastern Africa Volcanic Regions","Volcanic Region":"Rukwa Rift Volcanic Province","Volcano Landform":"Caldera","Primary Volcano Type":"Caldera","Type Group":"Calderas","Type Description":"Large collapse basins that can form after major eruptions empty magma chambers.","Activity Evidence":"Eruption Dated","Activity Class":"Dated eruption","Last Known Eruption":"1450 CE","Eruption Year":1450.0,"Eruption Period":"1-1499 CE","Elevation (m)":2614,"Elevation Class":"1,000-2,999 m","Tectonic Setting":"Rift zone / Continental crust (>25 km)","Tectonic Group":"Rift","Dominant Rock Type":"Trachyte / Trachydacite"}},{"type":"Feature","geometry":{"type":"Point","coordinates":[33.668,-9.135]},"properties":{"Volcano Number":222166,"Volcano Name":"Rungwe","Country":"Tanzania","Volcanic Region Group":"Eastern Africa Volcanic Regions","Volcanic Region":"Rukwa Rift Volcanic Province","Volcano Landform":"Composite","Primary Volcano Type":"Stratovolcano","Type Group":"Cone volcanoes","Type Description":"Tall, steep volcanoes often built by alternating lava and ash layers.","Activity Evidence":"Eruption Dated","Activity Class":"Dated eruption","Last Known Eruption":"1250 CE","Eruption Year":1250.0,"Eruption Period":"1-1499 CE","Elevation (m)":2953,"Elevation Class":"1,000-2,999 m","Tectonic Setting":"Rift zone / Continental crust (>25 km)","Tectonic Group":"Rift","Dominant Rock Type":"Trachyte / Trachydacite"}},{"type":"Feature","geometry":{"type":"Point","coordinates":[33.792,-9.229]},"properties":{"Volcano Number":222170,"Volcano Name":"Kyejo","Country":"Tanzania","Volcanic Region Group":"Eastern Africa Volcanic Regions","Volcanic Region":"Rukwa Rift Volcanic Province","Volcano Landform":"Composite","Primary Volcano Type":"Stratovolcano","Type Group":"Cone volcanoes","Type Description":"Tall, steep volcanoes often built by alternating lava and ash layers.","Activity Evidence":"Eruption Observed","Activity Class":"Observed eruption","Last Known Eruption":"1800 CE","Eruption Year":1800.0,"Eruption Period":"1500-1899","Elevation (m)":2176,"Elevation Class":"1,000-2,999 m","Tectonic Setting":"Rift zone / Continental crust (>25 km)","Tectonic Group":"Rift","Dominant Rock Type":"Trachyte / Trachydacite"}},{"type":"Feature","geometry":{"type":"Point","coordinates":[30.25,0.7]},"properties":{"Volcano Number":223001,"Volcano Name":"Fort Portal Volcanic Field","Country":"Uganda","Volcanic Region Group":"Eastern Africa Volcanic Regions","Volcanic Region":"Albertine Rift Volcanic Province","Volcano Landform":"Cluster","Primary Volcano Type":"Volcanic field","Type Group":"Volcanic fields","Type Description":"Areas with many vents spread across a wider landscape.","Activity Evidence":"Eruption Dated","Activity Class":"Dated eruption","Last Known Eruption":"2120 BCE","Eruption Year":-2120.0,"Eruption Period":"BCE record","Elevation (m)":1615,"Elevation Class":"1,000-2,999 m","Tectonic Setting":"Rift zone / Continental crust (>25 km)","Tectonic Group":"Rift","Dominant Rock Type":"Foidite"}},{"type":"Feature","geometry":{"type":"Point","coordinates":[30.275,0.4583]},"properties":{"Volcano Number":223002,"Volcano Name":"Ndali-Kasenda Volcanic Field","Country":"Uganda","Volcanic Region Group":"Eastern Africa Volcanic Regions","Volcanic Region":"Albertine Rift Volcanic Province","Volcano Landform":"Cluster","Primary Volcano Type":"Volcanic field","Type Group":"Volcanic fields","Type Description":"Areas with many vents spread across a wider landscape.","Activity Evidence":"Evidence Uncertain","Activity Class":"Uncertain evidence","Last Known Eruption":"Unknown","Eruption Year":null,"Eruption Period":"BCE record","Elevation (m)":1300,"Elevation Class":"1,000-2,999 m","Tectonic Setting":"Rift zone / Continental crust (>25 km)","Tectonic Group":"Rift","Dominant Rock Type":"Foidite"}},{"type":"Feature","geometry":{"type":"Point","coordinates":[29.2,-1.408]},"properties":{"Volcano Number":223020,"Volcano Name":"Nyamulagira","Country":"DR Congo","Volcanic Region Group":"Eastern Africa Volcanic Regions","Volcanic Region":"Albertine Rift Volcanic Province","Volcano Landform":"Shield","Primary Volcano Type":"Shield","Type Group":"Shield volcanoes","Type Description":"Broad volcanoes formed by fluid lava flows that can spread far from the vent.","Activity Evidence":"Eruption Observed","Activity Class":"Observed eruption","Last Known Eruption":"2026 CE","Eruption Year":2026.0,"Eruption Period":"Since 1900","Elevation (m)":3058,"Elevation Class":"3,000 m and above","Tectonic Setting":"Rift zone / Continental crust (>25 km)","Tectonic Group":"Rift","Dominant Rock Type":"Trachybasalt / Tephrite Basanite"}},{"type":"Feature","geometry":{"type":"Point","coordinates":[29.25,-1.52]},"properties":{"Volcano Number":223030,"Volcano Name":"Nyiragongo","Country":"DR Congo","Volcanic Region Group":"Eastern Africa Volcanic Regions","Volcanic Region":"Albertine Rift Volcanic Province","Volcano Landform":"Composite","Primary Volcano Type":"Stratovolcano","Type Group":"Cone volcanoes","Type Description":"Tall, steep volcanoes often built by alternating lava and ash layers.","Activity Evidence":"Eruption Observed","Activity Class":"Observed eruption","Last Known Eruption":"2026 CE","Eruption Year":2026.0,"Eruption Period":"Since 1900","Elevation (m)":3470,"Elevation Class":"3,000 m and above","Tectonic Setting":"Rift zone / Continental crust (>25 km)","Tectonic Group":"Rift","Dominant Rock Type":"Foidite"}},{"type":"Feature","geometry":{"type":"Point","coordinates":[29.45,-1.506]},"properties":{"Volcano Number":223040,"Volcano Name":"Karisimbi","Country":"DR Congo-Rwanda","Volcanic Region Group":"Eastern Africa Volcanic Regions","Volcanic Region":"Albertine Rift Volcanic Province","Volcano Landform":"Composite","Primary Volcano Type":"Stratovolcano","Type Group":"Cone volcanoes","Type Description":"Tall, steep volcanoes often built by alternating lava and ash layers.","Activity Evidence":"Eruption Dated","Activity Class":"Dated eruption","Last Known Eruption":"8050 BCE","Eruption Year":-8050.0,"Eruption Period":"BCE record","Elevation (m)":4490,"Elevation Class":"3,000 m and above","Tectonic Setting":"Rift zone / Continental crust (>25 km)","Tectonic Group":"Rift","Dominant Rock Type":"Trachybasalt / Tephrite Basanite"}},{"type":"Feature","geometry":{"type":"Point","coordinates":[29.48,-1.3687]},"properties":{"Volcano Number":223045,"Volcano Name":"Mugogo","Country":"DR Congo","Volcanic Region Group":"Eastern Africa Volcanic Regions","Volcanic Region":"Albertine Rift Volcanic Province","Volcano Landform":"Minor","Primary Volcano Type":"Cone","Type Group":"Other or unknown","Type Description":"The database lists a less common or unspecified volcano form.","Activity Evidence":null,"Activity Class":"Unspecified","Last Known Eruption":"1957 CE","Eruption Year":1957.0,"Eruption Period":"Since 1900","Elevation (m)":2338,"Elevation Class":"1,000-2,999 m","Tectonic Setting":"Rift zone / Continental crust (>25 km)","Tectonic Group":"Rift","Dominant Rock Type":null}},{"type":"Feature","geometry":{"type":"Point","coordinates":[8.762,3.588]},"properties":{"Volcano Number":224004,"Volcano Name":"Basile, Pico","Country":"Equatorial Guinea","Volcanic Region Group":"Northern Africa Volcanic Regions","Volcanic Region":"Western Africa Volcanic Province","Volcano Landform":"Shield","Primary Volcano Type":"Shield","Type Group":"Shield volcanoes","Type Description":"Broad volcanoes formed by fluid lava flows that can spread far from the vent.","Activity Evidence":"Eruption Observed","Activity Class":"Observed eruption","Last Known Eruption":"1923 CE","Eruption Year":1923.0,"Eruption Period":"Since 1900","Elevation (m)":2999,"Elevation Class":"1,000-2,999 m","Tectonic Setting":"Intraplate / Continental crust (>25 km)","Tectonic Group":"Intraplate","Dominant Rock Type":"Basalt / Picro-Basalt"}},{"type":"Feature","geometry":{"type":"Point","coordinates":[9.17,4.203]},"properties":{"Volcano Number":224010,"Volcano Name":"Cameroon","Country":"Cameroon","Volcanic Region Group":"Northern Africa Volcanic Regions","Volcanic Region":"Western Africa Volcanic Province","Volcano Landform":"Composite","Primary Volcano Type":"Stratovolcano","Type Group":"Cone volcanoes","Type Description":"Tall, steep volcanoes often built by alternating lava and ash layers.","Activity Evidence":"Eruption Observed","Activity Class":"Observed eruption","Last Known Eruption":"2000 CE","Eruption Year":2000.0,"Eruption Period":"Since 1900","Elevation (m)":4095,"Elevation Class":"3,000 m and above","Tectonic Setting":"Intraplate / Continental crust (>25 km)","Tectonic Group":"Intraplate","Dominant Rock Type":"Trachybasalt / Tephrite Basanite"}},{"type":"Feature","geometry":{"type":"Point","coordinates":[9.717,4.758]},"properties":{"Volcano Number":224011,"Volcano Name":"Tombel Graben","Country":"Cameroon","Volcanic Region Group":"Northern Africa Volcanic Regions","Volcanic Region":"Western Africa Volcanic Province","Volcano Landform":"Cluster","Primary Volcano Type":"Volcanic field","Type Group":"Volcanic fields","Type Description":"Areas with many vents spread across a wider landscape.","Activity Evidence":"Evidence Credible","Activity Class":"Credible evidence","Last Known Eruption":"Unknown","Eruption Year":null,"Eruption Period":"BCE record","Elevation (m)":500,"Elevation Class":"0-999 m","Tectonic Setting":"Intraplate / Continental crust (>25 km)","Tectonic Group":"Intraplate","Dominant Rock Type":"Trachybasalt / Tephrite Basanite"}},{"type":"Feature","geometry":{"type":"Point","coordinates":[10.5,6.25]},"properties":{"Volcano Number":224030,"Volcano Name":"Oku Volcanic Field","Country":"Cameroon","Volcanic Region Group":"Northern Africa Volcanic Regions","Volcanic Region":"Western Africa Volcanic Province","Volcano Landform":"Cluster","Primary Volcano Type":"Volcanic field","Type Group":"Volcanic fields","Type Description":"Areas with many vents spread across a wider landscape.","Activity Evidence":"Evidence Uncertain","Activity Class":"Uncertain evidence","Last Known Eruption":"Unknown","Eruption Year":null,"Eruption Period":"BCE record","Elevation (m)":3011,"Elevation Class":"3,000 m and above","Tectonic Setting":"Intraplate / Continental crust (>25 km)","Tectonic Group":"Intraplate","Dominant Rock Type":"Basalt / Picro-Basalt"}},{"type":"Feature","geometry":{"type":"Point","coordinates":[8.5,17.68]},"properties":{"Volcano Number":225001,"Volcano Name":"Todra Volcanic Field","Country":"Niger","Volcanic Region Group":"Northern Africa Volcanic Regions","Volcanic Region":"West Central Sahara Volcanic Province","Volcano Landform":"Cluster","Primary Volcano Type":"Volcanic field","Type Group":"Volcanic fields","Type Description":"Areas with many vents spread across a wider landscape.","Activity Evidence":"Evidence Credible","Activity Class":"Credible evidence","Last Known Eruption":"Unknown","Eruption Year":null,"Eruption Period":"BCE record","Elevation (m)":1780,"Elevation Class":"1,000-2,999 m","Tectonic Setting":"Intraplate / Continental crust (>25 km)","Tectonic Group":"Intraplate","Dominant Rock Type":"Basalt / Picro-Basalt"}},{"type":"Feature","geometry":{"type":"Point","coordinates":[5.0,22.67]},"properties":{"Volcano Number":225004,"Volcano Name":"Tahalra Volcanic Field","Country":"Algeria","Volcanic Region Group":"Northern Africa Volcanic Regions","Volcanic Region":"West Central Sahara Volcanic Province","Volcano Landform":"Cluster","Primary Volcano Type":"Volcanic field","Type Group":"Volcanic fields","Type Description":"Areas with many vents spread across a wider landscape.","Activity Evidence":"Evidence Credible","Activity Class":"Credible evidence","Last Known Eruption":"Unknown","Eruption Year":null,"Eruption Period":"BCE record","Elevation (m)":1467,"Elevation Class":"1,000-2,999 m","Tectonic Setting":"Intraplate / Continental crust (>25 km)","Tectonic Group":"Intraplate","Dominant Rock Type":"Trachybasalt / Tephrite Basanite"}},{"type":"Feature","geometry":{"type":"Point","coordinates":[5.83,23.33]},"properties":{"Volcano Number":225005,"Volcano Name":"Atakor Volcanic Field","Country":"Algeria","Volcanic Region Group":"Northern Africa Volcanic Regions","Volcanic Region":"West Central Sahara Volcanic Province","Volcano Landform":"Cluster","Primary Volcano Type":"Volcanic field","Type Group":"Volcanic fields","Type Description":"Areas with many vents spread across a wider landscape.","Activity Evidence":"Evidence Credible","Activity Class":"Credible evidence","Last Known Eruption":"Unknown","Eruption Year":null,"Eruption Period":"BCE record","Elevation (m)":2918,"Elevation Class":"1,000-2,999 m","Tectonic Setting":"Intraplate / Continental crust (>25 km)","Tectonic Group":"Intraplate","Dominant Rock Type":"Trachybasalt / Tephrite Basanite"}},{"type":"Feature","geometry":{"type":"Point","coordinates":[5.83,23.92]},"properties":{"Volcano Number":225006,"Volcano Name":"Manzaz Volcanic Field","Country":"Algeria","Volcanic Region Group":"Northern Africa Volcanic Regions","Volcanic Region":"West Central Sahara Volcanic Province","Volcano Landform":"Cluster","Primary Volcano Type":"Volcanic field","Type Group":"Volcanic fields","Type Description":"Areas with many vents spread across a wider landscape.","Activity Evidence":"Evidence Credible","Activity Class":"Credible evidence","Last Known Eruption":"Unknown","Eruption Year":null,"Eruption Period":"BCE record","Elevation (m)":1672,"Elevation Class":"1,000-2,999 m","Tectonic Setting":"Intraplate / Continental crust (>25 km)","Tectonic Group":"Intraplate","Dominant Rock Type":"Trachybasalt / Tephrite Basanite"}},{"type":"Feature","geometry":{"type":"Point","coordinates":[16.33,21.33]},"properties":{"Volcano Number":225009,"Volcano Name":"Toh, Tarso","Country":"Chad","Volcanic Region Group":"Northern Africa Volcanic Regions","Volcanic Region":"East Central Sahara Volcanic Province","Volcano Landform":"Cluster","Primary Volcano Type":"Volcanic field","Type Group":"Volcanic fields","Type Description":"Areas with many vents spread across a wider landscape.","Activity Evidence":"Evidence Credible","Activity Class":"Credible evidence","Last Known Eruption":"Unknown","Eruption Year":null,"Eruption Period":"BCE record","Elevation (m)":2000,"Elevation Class":"1,000-2,999 m","Tectonic Setting":"Intraplate / Continental crust (>25 km)","Tectonic Group":"Intraplate","Dominant Rock Type":"Basalt / Picro-Basalt"}},{"type":"Feature","geometry":{"type":"Point","coordinates":[16.473,21.0408]},"properties":{"Volcano Number":225010,"Volcano Name":"Tousside, Tarso","Country":"Chad","Volcanic Region Group":"Northern Africa Volcanic Regions","Volcanic Region":"East Central Sahara Volcanic Province","Volcano Landform":"Composite","Primary Volcano Type":"Stratovolcano","Type Group":"Cone volcanoes","Type Description":"Tall, steep volcanoes often built by alternating lava and ash layers.","Activity Evidence":"Evidence Credible","Activity Class":"Credible evidence","Last Known Eruption":"Unknown","Eruption Year":null,"Eruption Period":"BCE record","Elevation (m)":3299,"Elevation Class":"3,000 m and above","Tectonic Setting":"Intraplate / Continental crust (>25 km)","Tectonic Group":"Intraplate","Dominant Rock Type":"Trachyte / Trachydacite"}},{"type":"Feature","geometry":{"type":"Point","coordinates":[17.28,20.92]},"properties":{"Volcano Number":225020,"Volcano Name":"Voon, Tarso","Country":"Chad","Volcanic Region Group":"Northern Africa Volcanic Regions","Volcanic Region":"East Central Sahara Volcanic Province","Volcano Landform":"Composite","Primary Volcano Type":"Stratovolcano","Type Group":"Cone volcanoes","Type Description":"Tall, steep volcanoes often built by alternating lava and ash layers.","Activity Evidence":"Unrest / Holocene","Activity Class":"Unspecified","Last Known Eruption":"Unknown","Eruption Year":null,"Eruption Period":"BCE record","Elevation (m)":3100,"Elevation Class":"3,000 m and above","Tectonic Setting":"Intraplate / Continental crust (>25 km)","Tectonic Group":"Intraplate","Dominant Rock Type":"Trachyte / Trachydacite"}},{"type":"Feature","geometry":{"type":"Point","coordinates":[18.53,19.8]},"properties":{"Volcano Number":225021,"Volcano Name":"Koussi, Emi","Country":"Chad","Volcanic Region Group":"Northern Africa Volcanic Regions","Volcanic Region":"East Central Sahara Volcanic Province","Volcano Landform":"Shield","Primary Volcano Type":"Shield(pyroclastic)","Type Group":"Other or unknown","Type Description":"The database lists a less common or unspecified volcano form.","Activity Evidence":"Evidence Credible","Activity Class":"Credible evidence","Last Known Eruption":"Unknown","Eruption Year":null,"Eruption Period":"BCE record","Elevation (m)":3415,"Elevation Class":"3,000 m and above","Tectonic Setting":"Intraplate / Continental crust (>25 km)","Tectonic Group":"Intraplate","Dominant Rock Type":"Trachyte / Trachydacite"}},{"type":"Feature","geometry":{"type":"Point","coordinates":[24.27,12.95]},"properties":{"Volcano Number":225030,"Volcano Name":"Marra, Jebel","Country":"Sudan","Volcanic Region Group":"Northern Africa Volcanic Regions","Volcanic Region":"Southeast Sahara Volcanic Province","Volcano Landform":"Cluster","Primary Volcano Type":"Volcanic field","Type Group":"Volcanic fields","Type Description":"Areas with many vents spread across a wider landscape.","Activity Evidence":"Eruption Dated","Activity Class":"Dated eruption","Last Known Eruption":"2000 BCE","Eruption Year":-2000.0,"Eruption Period":"BCE record","Elevation (m)":3042,"Elevation Class":"3,000 m and above","Tectonic Setting":"Intraplate / Continental crust (>25 km)","Tectonic Group":"Intraplate","Dominant Rock Type":"Basalt / Picro-Basalt"}},{"type":"Feature","geometry":{"type":"Point","coordinates":[25.85,14.57]},"properties":{"Volcano Number":225040,"Volcano Name":"Kutum Volcanic Field","Country":"Sudan","Volcanic Region Group":"Northern Africa Volcanic Regions","Volcanic Region":"Southeast Sahara Volcanic Province","Volcano Landform":"Cluster","Primary Volcano Type":"Volcanic field","Type Group":"Volcanic fields","Type Description":"Areas with many vents spread across a wider landscape.","Activity Evidence":"Evidence Uncertain","Activity Class":"Uncertain evidence","Last Known Eruption":"Unknown","Eruption Year":null,"Eruption Period":"BCE record","Elevation (m)":1779,"Elevation Class":"1,000-2,999 m","Tectonic Setting":"Intraplate / Continental crust (>25 km)","Tectonic Group":"Intraplate","Dominant Rock Type":"Basalt / Picro-Basalt"}},{"type":"Feature","geometry":{"type":"Point","coordinates":[26.47,15.32]},"properties":{"Volcano Number":225050,"Volcano Name":"Meidob Volcanic Field","Country":"Sudan","Volcanic Region Group":"Northern Africa Volcanic Regions","Volcanic Region":"Southeast Sahara Volcanic Province","Volcano Landform":"Cluster","Primary Volcano Type":"Volcanic field","Type Group":"Volcanic fields","Type Description":"Areas with many vents spread across a wider landscape.","Activity Evidence":"Eruption Dated","Activity Class":"Dated eruption","Last Known Eruption":"2950 BCE","Eruption Year":-2950.0,"Eruption Period":"BCE record","Elevation (m)":2000,"Elevation Class":"1,000-2,999 m","Tectonic Setting":"Intraplate / Continental crust (>25 km)","Tectonic Group":"Intraplate","Dominant Rock Type":"Trachybasalt / Tephrite Basanite"}},{"type":"Feature","geometry":{"type":"Point","coordinates":[32.75,18.33]},"properties":{"Volcano Number":225060,"Volcano Name":"Bayuda Volcanic Field","Country":"Sudan","Volcanic Region Group":"Northern Africa Volcanic Regions","Volcanic Region":"Southeast Sahara Volcanic Province","Volcano Landform":"Cluster","Primary Volcano Type":"Volcanic field","Type Group":"Volcanic fields","Type Description":"Areas with many vents spread across a wider landscape.","Activity Evidence":"Eruption Dated","Activity Class":"Dated eruption","Last Known Eruption":"850 CE","Eruption Year":850.0,"Eruption Period":"1-1499 CE","Elevation (m)":670,"Elevation Class":"0-999 m","Tectonic Setting":"Intraplate / Continental crust (>25 km)","Tectonic Group":"Intraplate","Dominant Rock Type":"Trachybasalt / Tephrite Basanite"}},{"type":"Feature","geometry":{"type":"Point","coordinates":[37.583,32.333]},"properties":{"Volcano Number":231001,"Volcano Name":"Ash Shaam, Harrat","Country":"Syria-Jordan-Saudi Arabia","Volcanic Region Group":"Arabia-Central Asia Volcanic Regions","Volcanic Region":"Northern Arabia Volcanic Province","Volcano Landform":"Cluster","Primary Volcano Type":"Volcanic field","Type Group":"Volcanic fields","Type Description":"Areas with many vents spread across a wider landscape.","Activity Evidence":"Eruption Observed","Activity Class":"Observed eruption","Last Known Eruption":"2670 BCE","Eruption Year":-2670.0,"Eruption Period":"BCE record","Elevation (m)":1100,"Elevation Class":"1,000-2,999 m","Tectonic Setting":"Intraplate / Continental crust (>25 km)","Tectonic Group":"Intraplate","Dominant Rock Type":"Basalt / Picro-Basalt"}},{"type":"Feature","geometry":{"type":"Point","coordinates":[37.75,25.17]},"properties":{"Volcano Number":231040,"Volcano Name":"Lunayyir, Harrat","Country":"Saudi Arabia","Volcanic Region Group":"Arabia-Central Asia Volcanic Regions","Volcanic Region":"Western Arabia Volcanic Province","Volcano Landform":"Cluster","Primary Volcano Type":"Volcanic field","Type Group":"Volcanic fields","Type Description":"Areas with many vents spread across a wider landscape.","Activity Evidence":"Eruption Observed","Activity Class":"Observed eruption","Last Known Eruption":"1000 CE","Eruption Year":1000.0,"Eruption Period":"1-1499 CE","Elevation (m)":1370,"Elevation Class":"1,000-2,999 m","Tectonic Setting":"Intraplate / Continental crust (>25 km)","Tectonic Group":"Intraplate","Dominant Rock Type":"Basalt / Picro-Basalt"}},{"type":"Feature","geometry":{"type":"Point","coordinates":[40.2,26.58]},"properties":{"Volcano Number":231050,"Volcano Name":"Ithnayn, Harrat","Country":"Saudi Arabia","Volcanic Region Group":"Arabia-Central Asia Volcanic Regions","Volcanic Region":"Western Arabia Volcanic Province","Volcano Landform":"Cluster","Primary Volcano Type":"Volcanic field","Type Group":"Volcanic fields","Type Description":"Areas with many vents spread across a wider landscape.","Activity Evidence":"Evidence Credible","Activity Class":"Credible evidence","Last Known Eruption":"Unknown","Eruption Year":null,"Eruption Period":"BCE record","Elevation (m)":1625,"Elevation Class":"1,000-2,999 m","Tectonic Setting":"Intraplate / Continental crust (>25 km)","Tectonic Group":"Intraplate","Dominant Rock Type":"Basalt / Picro-Basalt"}},{"type":"Feature","geometry":{"type":"Point","coordinates":[40.0,25.5]},"properties":{"Volcano Number":231060,"Volcano Name":"Khaybar, Harrat","Country":"Saudi Arabia","Volcanic Region Group":"Arabia-Central Asia Volcanic Regions","Volcanic Region":"Western Arabia Volcanic Province","Volcano Landform":"Cluster","Primary Volcano Type":"Volcanic field","Type Group":"Volcanic fields","Type Description":"Areas with many vents spread across a wider landscape.","Activity Evidence":"Eruption Observed","Activity Class":"Observed eruption","Last Known Eruption":"650 CE","Eruption Year":650.0,"Eruption Period":"1-1499 CE","Elevation (m)":2093,"Elevation Class":"1,000-2,999 m","Tectonic Setting":"Intraplate / Continental crust (>25 km)","Tectonic Group":"Intraplate","Dominant Rock Type":"Basalt / Picro-Basalt"}},{"type":"Feature","geometry":{"type":"Point","coordinates":[39.78,23.08]},"properties":{"Volcano Number":231070,"Volcano Name":"Rahat, Harrat","Country":"Saudi Arabia","Volcanic Region Group":"Arabia-Central Asia Volcanic Regions","Volcanic Region":"Western Arabia Volcanic Province","Volcano Landform":"Cluster","Primary Volcano Type":"Volcanic field","Type Group":"Volcanic fields","Type Description":"Areas with many vents spread across a wider landscape.","Activity Evidence":"Eruption Observed","Activity Class":"Observed eruption","Last Known Eruption":"1256 CE","Eruption Year":1256.0,"Eruption Period":"1-1499 CE","Elevation (m)":1744,"Elevation Class":"1,000-2,999 m","Tectonic Setting":"Intraplate / Continental crust (>25 km)","Tectonic Group":"Intraplate","Dominant Rock Type":"Basalt / Picro-Basalt"}},{"type":"Feature","geometry":{"type":"Point","coordinates":[41.38,22.8]},"properties":{"Volcano Number":231071,"Volcano Name":"Kishb, Harrat","Country":"Saudi Arabia","Volcanic Region Group":"Arabia-Central Asia Volcanic Regions","Volcanic Region":"Western Arabia Volcanic Province","Volcano Landform":"Cluster","Primary Volcano Type":"Volcanic field","Type Group":"Volcanic fields","Type Description":"Areas with many vents spread across a wider landscape.","Activity Evidence":"Evidence Credible","Activity Class":"Credible evidence","Last Known Eruption":"Unknown","Eruption Year":null,"Eruption Period":"BCE record","Elevation (m)":1475,"Elevation Class":"1,000-2,999 m","Tectonic Setting":"Intraplate / Continental crust (>25 km)","Tectonic Group":"Intraplate","Dominant Rock Type":"Trachybasalt / Tephrite Basanite"}},{"type":"Feature","geometry":{"type":"Point","coordinates":[41.63,18.37]},"properties":{"Volcano Number":231072,"Volcano Name":"Birk, Harrat al","Country":"Saudi Arabia","Volcanic Region Group":"Arabia-Central Asia Volcanic Regions","Volcanic Region":"Southwest Arabia Volcanic Province","Volcano Landform":"Cluster","Primary Volcano Type":"Volcanic field","Type Group":"Volcanic fields","Type Description":"Areas with many vents spread across a wider landscape.","Activity Evidence":"Evidence Credible","Activity Class":"Credible evidence","Last Known Eruption":"Unknown","Eruption Year":null,"Eruption Period":"BCE record","Elevation (m)":587,"Elevation Class":"0-999 m","Tectonic Setting":"Intraplate / Continental crust (>25 km)","Tectonic Group":"Intraplate","Dominant Rock Type":"Basalt / Picro-Basalt"}},{"type":"Feature","geometry":{"type":"Point","coordinates":[42.83,17.05]},"properties":{"Volcano Number":231080,"Volcano Name":"Yar, Jabal","Country":"Saudi Arabia","Volcanic Region Group":"Arabia-Central Asia Volcanic Regions","Volcanic Region":"Southwest Arabia Volcanic Province","Volcano Landform":"Cluster","Primary Volcano Type":"Volcanic field","Type Group":"Volcanic fields","Type Description":"Areas with many vents spread across a wider landscape.","Activity Evidence":"Eruption Observed","Activity Class":"Observed eruption","Last Known Eruption":"1810 CE","Eruption Year":1810.0,"Eruption Period":"1500-1899","Elevation (m)":305,"Elevation Class":"0-999 m","Tectonic Setting":"Intraplate / Continental crust (>25 km)","Tectonic Group":"Intraplate","Dominant Rock Type":"Basalt / Picro-Basalt"}},{"type":"Feature","geometry":{"type":"Point","coordinates":[44.0978,15.6025]},"properties":{"Volcano Number":231090,"Volcano Name":"Arhab, Harra of","Country":"Yemen","Volcanic Region Group":"Arabia-Central Asia Volcanic Regions","Volcanic Region":"Southwest Arabia Volcanic Province","Volcano Landform":"Cluster","Primary Volcano Type":"Volcanic field","Type Group":"Volcanic fields","Type Description":"Areas with many vents spread across a wider landscape.","Activity Evidence":"Eruption Observed","Activity Class":"Observed eruption","Last Known Eruption":"500 CE","Eruption Year":500.0,"Eruption Period":"1-1499 CE","Elevation (m)":3100,"Elevation Class":"3,000 m and above","Tectonic Setting":"Intraplate / Continental crust (>25 km)","Tectonic Group":"Intraplate","Dominant Rock Type":"Trachybasalt / Tephrite Basanite"}},{"type":"Feature","geometry":{"type":"Point","coordinates":[45.1,15.4]},"properties":{"Volcano Number":231110,"Volcano Name":"Haylan, Jabal","Country":"Yemen","Volcanic Region Group":"Arabia-Central Asia Volcanic Regions","Volcanic Region":"Southwest Arabia Volcanic Province","Volcano Landform":"Cluster","Primary Volcano Type":"Volcanic field","Type Group":"Volcanic fields","Type Description":"Areas with many vents spread across a wider landscape.","Activity Evidence":"Eruption Dated","Activity Class":"Dated eruption","Last Known Eruption":"1200 BCE","Eruption Year":-1200.0,"Eruption Period":"BCE record","Elevation (m)":1550,"Elevation Class":"1,000-2,999 m","Tectonic Setting":"Intraplate / Continental crust (>25 km)","Tectonic Group":"Intraplate","Dominant Rock Type":"Basalt / Picro-Basalt"}},{"type":"Feature","geometry":{"type":"Point","coordinates":[44.67,14.57]},"properties":{"Volcano Number":231120,"Volcano Name":"Dhamar, Harras of","Country":"Yemen","Volcanic Region Group":"Arabia-Central Asia Volcanic Regions","Volcanic Region":"Southwest Arabia Volcanic Province","Volcano Landform":"Cluster","Primary Volcano Type":"Volcanic field","Type Group":"Volcanic fields","Type Description":"Areas with many vents spread across a wider landscape.","Activity Evidence":"Eruption Observed","Activity Class":"Observed eruption","Last Known Eruption":"Unknown","Eruption Year":null,"Eruption Period":"BCE record","Elevation (m)":3500,"Elevation Class":"3,000 m and above","Tectonic Setting":"Intraplate / Continental crust (>25 km)","Tectonic Group":"Intraplate","Dominant Rock Type":"Basalt / Picro-Basalt"}},{"type":"Feature","geometry":{"type":"Point","coordinates":[46.12,13.58]},"properties":{"Volcano Number":231160,"Volcano Name":"Sawad, Harra Es-","Country":"Yemen","Volcanic Region Group":"Arabia-Central Asia Volcanic Regions","Volcanic Region":"Southwest Arabia Volcanic Province","Volcano Landform":"Cluster","Primary Volcano Type":"Volcanic field","Type Group":"Volcanic fields","Type Description":"Areas with many vents spread across a wider landscape.","Activity Evidence":"Eruption Observed","Activity Class":"Observed eruption","Last Known Eruption":"1253 CE","Eruption Year":1253.0,"Eruption Period":"1-1499 CE","Elevation (m)":1737,"Elevation Class":"1,000-2,999 m","Tectonic Setting":"Intraplate / Continental crust (>25 km)","Tectonic Group":"Intraplate","Dominant Rock Type":"Trachybasalt / Tephrite Basanite"}},{"type":"Feature","geometry":{"type":"Point","coordinates":[48.3,14.067]},"properties":{"Volcano Number":231170,"Volcano Name":"Balhaf-Bir Ali Volcanic Field","Country":"Yemen","Volcanic Region Group":"Arabia-Central Asia Volcanic Regions","Volcanic Region":"Southwest Arabia Volcanic Province","Volcano Landform":"Cluster","Primary Volcano Type":"Volcanic field","Type Group":"Volcanic fields","Type Description":"Areas with many vents spread across a wider landscape.","Activity Evidence":"Evidence Credible","Activity Class":"Credible evidence","Last Known Eruption":"Unknown","Eruption Year":null,"Eruption Period":"BCE record","Elevation (m)":604,"Elevation Class":"0-999 m","Tectonic Setting":"Intraplate / Continental crust (>25 km)","Tectonic Group":"Intraplate","Dominant Rock Type":"Basalt / Picro-Basalt"}},{"type":"Feature","geometry":{"type":"Point","coordinates":[50.935,15.515]},"properties":{"Volcano Number":231180,"Volcano Name":"Bir Borhut","Country":"Yemen","Volcanic Region Group":"Arabia-Central Asia Volcanic Regions","Volcanic Region":"Southwest Arabia Volcanic Province","Volcano Landform":"Cluster","Primary Volcano Type":"Volcanic field","Type Group":"Volcanic fields","Type Description":"Areas with many vents spread across a wider landscape.","Activity Evidence":"Evidence Uncertain","Activity Class":"Uncertain evidence","Last Known Eruption":"Unknown","Eruption Year":null,"Eruption Period":"BCE record","Elevation (m)":464,"Elevation Class":"0-999 m","Tectonic Setting":"Intraplate / Continental crust (>25 km)","Tectonic Group":"Intraplate","Dominant Rock Type":"Basalt / Picro-Basalt"}},{"type":"Feature","geometry":{"type":"Point","coordinates":[52.109,35.951]},"properties":{"Volcano Number":232010,"Volcano Name":"Damavand","Country":"Iran","Volcanic Region Group":"Arabia-Central Asia Volcanic Regions","Volcanic Region":"Caucasus Volcanic Province","Volcano Landform":"Composite","Primary Volcano Type":"Stratovolcano","Type Group":"Cone volcanoes","Type Description":"Tall, steep volcanoes often built by alternating lava and ash layers.","Activity Evidence":"Eruption Dated","Activity Class":"Dated eruption","Last Known Eruption":"5350 BCE","Eruption Year":-5350.0,"Eruption Period":"BCE record","Elevation (m)":5670,"Elevation Class":"3,000 m and above","Tectonic Setting":"Intraplate / Continental crust (>25 km)","Tectonic Group":"Intraplate","Dominant Rock Type":"Trachyandesite / Basaltic Trachyandesite"}},{"type":"Feature","geometry":{"type":"Point","coordinates":[43.35,-11.4861]},"properties":{"Volcano Number":233001,"Volcano Name":"Grille, La","Country":"Union of the Comoros","Volcanic Region Group":"Somalian-Antarctic Volcanic Regions","Volcanic Region":"Madagascar-Comoros Volcanic Province","Volcano Landform":"Shield","Primary Volcano Type":"Shield","Type Group":"Shield volcanoes","Type Description":"Broad volcanoes formed by fluid lava flows that can spread far from the vent.","Activity Evidence":"Evidence Credible","Activity Class":"Credible evidence","Last Known Eruption":"Unknown","Eruption Year":null,"Eruption Period":"BCE record","Elevation (m)":1064,"Elevation Class":"1,000-2,999 m","Tectonic Setting":"Intraplate / Oceanic crust (< 15 km)","Tectonic Group":"Intraplate","Dominant Rock Type":"Trachybasalt / Tephrite Basanite"}},{"type":"Feature","geometry":{"type":"Point","coordinates":[45.17,-12.83]},"properties":{"Volcano Number":233005,"Volcano Name":"Mayotte","Country":"France","Volcanic Region Group":"Somalian-Antarctic Volcanic Regions","Volcanic Region":"Madagascar-Comoros Volcanic Province","Volcano Landform":"Shield","Primary Volcano Type":"Shield","Type Group":"Shield volcanoes","Type Description":"Broad volcanoes formed by fluid lava flows that can spread far from the vent.","Activity Evidence":"Eruption Dated","Activity Class":"Dated eruption","Last Known Eruption":"2050 BCE","Eruption Year":-2050.0,"Eruption Period":"BCE record","Elevation (m)":660,"Elevation Class":"0-999 m","Tectonic Setting":"Intraplate / Oceanic crust (< 15 km)","Tectonic Group":"Intraplate","Dominant Rock Type":"Basalt / Picro-Basalt"}},{"type":"Feature","geometry":{"type":"Point","coordinates":[43.3639,-11.7658]},"properties":{"Volcano Number":233010,"Volcano Name":"Karthala","Country":"Union of the Comoros","Volcanic Region Group":"Somalian-Antarctic Volcanic Regions","Volcanic Region":"Madagascar-Comoros Volcanic Province","Volcano Landform":"Shield","Primary Volcano Type":"Shield","Type Group":"Shield volcanoes","Type Description":"Broad volcanoes formed by fluid lava flows that can spread far from the vent.","Activity Evidence":"Eruption Observed","Activity Class":"Observed eruption","Last Known Eruption":"2007 CE","Eruption Year":2007.0,"Eruption Period":"Since 1900","Elevation (m)":2350,"Elevation Class":"1,000-2,999 m","Tectonic Setting":"Intraplate / Oceanic crust (< 15 km)","Tectonic Group":"Intraplate","Dominant Rock Type":"Basalt / Picro-Basalt"}},{"type":"Feature","geometry":{"type":"Point","coordinates":[55.708,-21.244]},"properties":{"Volcano Number":233020,"Volcano Name":"Fournaise, Piton de la","Country":"France","Volcanic Region Group":"Somalian-Antarctic Volcanic Regions","Volcanic Region":"Reunion Hotspot Volcano Group","Volcano Landform":"Shield","Primary Volcano Type":"Shield","Type Group":"Shield volcanoes","Type Description":"Broad volcanoes formed by fluid lava flows that can spread far from the vent.","Activity Evidence":"Eruption Observed","Activity Class":"Observed eruption","Last Known Eruption":"2026 CE","Eruption Year":2026.0,"Eruption Period":"Since 1900","Elevation (m)":2632,"Elevation Class":"1,000-2,999 m","Tectonic Setting":"Intraplate / Oceanic crust (< 15 km)","Tectonic Group":"Intraplate","Dominant Rock Type":"Basalt / Picro-Basalt"}},{"type":"Feature","geometry":{"type":"Point","coordinates":[45.7075,-12.9121]},"properties":{"Volcano Number":233040,"Volcano Name":"Fani Maore","Country":"France","Volcanic Region Group":"Somalian-Antarctic Volcanic Regions","Volcanic Region":"Madagascar-Comoros Volcanic Province","Volcano Landform":"Composite","Primary Volcano Type":"Cone","Type Group":"Other or unknown","Type Description":"The database lists a less common or unspecified volcano form.","Activity Evidence":"Eruption Observed","Activity Class":"Observed eruption","Last Known Eruption":"2019 CE","Eruption Year":2019.0,"Eruption Period":"Since 1900","Elevation (m)":-2500,"Elevation Class":"Below sea level","Tectonic Setting":"Intraplate / Oceanic crust (< 15 km)","Tectonic Group":"Intraplate","Dominant Rock Type":null}},{"type":"Feature","geometry":{"type":"Point","coordinates":[77.8221,-37.7216]},"properties":{"Volcano Number":234000,"Volcano Name":"Boomerang Seamount","Country":"France","Volcanic Region Group":"Somalian-Antarctic Volcanic Regions","Volcanic Region":"Amsterdam-St. Paul Hotspot Volcano Group","Volcano Landform":"Caldera","Primary Volcano Type":"Caldera","Type Group":"Calderas","Type Description":"Large collapse basins that can form after major eruptions empty magma chambers.","Activity Evidence":"Eruption Dated","Activity Class":"Dated eruption","Last Known Eruption":"1995 CE","Eruption Year":1995.0,"Eruption Period":"Since 1900","Elevation (m)":-650,"Elevation Class":"Below sea level","Tectonic Setting":"Rift zone / Oceanic crust (< 15 km)","Tectonic Group":"Rift","Dominant Rock Type":"Basalt / Picro-Basalt"}},{"type":"Feature","geometry":{"type":"Point","coordinates":[77.52,-37.83]},"properties":{"Volcano Number":234001,"Volcano Name":"Amsterdam Island","Country":"France","Volcanic Region Group":"Somalian-Antarctic Volcanic Regions","Volcanic Region":"Amsterdam-St. Paul Hotspot Volcano Group","Volcano Landform":"Composite","Primary Volcano Type":"Stratovolcano","Type Group":"Cone volcanoes","Type Description":"Tall, steep volcanoes often built by alternating lava and ash layers.","Activity Evidence":"Evidence Credible","Activity Class":"Credible evidence","Last Known Eruption":"Unknown","Eruption Year":null,"Eruption Period":"BCE record","Elevation (m)":881,"Elevation Class":"0-999 m","Tectonic Setting":"Rift zone / Oceanic crust (< 15 km)","Tectonic Group":"Rift","Dominant Rock Type":"Basalt / Picro-Basalt"}},{"type":"Feature","geometry":{"type":"Point","coordinates":[77.53,-38.72]},"properties":{"Volcano Number":234002,"Volcano Name":"St. Paul","Country":"France","Volcanic Region Group":"Somalian-Antarctic Volcanic Regions","Volcanic Region":"Amsterdam-St. Paul Hotspot Volcano Group","Volcano Landform":"Composite","Primary Volcano Type":"Stratovolcano","Type Group":"Cone volcanoes","Type Description":"Tall, steep volcanoes often built by alternating lava and ash layers.","Activity Evidence":"Eruption Observed","Activity Class":"Observed eruption","Last Known Eruption":"1793 CE","Eruption Year":1793.0,"Eruption Period":"1500-1899","Elevation (m)":268,"Elevation Class":"0-999 m","Tectonic Setting":"Rift zone / Oceanic crust (< 15 km)","Tectonic Group":"Rift","Dominant Rock Type":"Basalt / Picro-Basalt"}},{"type":"Feature","geometry":{"type":"Point","coordinates":[73.513,-53.106]},"properties":{"Volcano Number":234010,"Volcano Name":"Heard","Country":"Australia","Volcanic Region Group":"Somalian-Antarctic Volcanic Regions","Volcanic Region":"Kerguelen Hotspot Volcano Group","Volcano Landform":"Composite","Primary Volcano Type":"Stratovolcano","Type Group":"Cone volcanoes","Type Description":"Tall, steep volcanoes often built by alternating lava and ash layers.","Activity Evidence":"Eruption Observed","Activity Class":"Observed eruption","Last Known Eruption":"2026 CE","Eruption Year":2026.0,"Eruption Period":"Since 1900","Elevation (m)":2745,"Elevation Class":"1,000-2,999 m","Tectonic Setting":"Intraplate / Oceanic crust (< 15 km)","Tectonic Group":"Intraplate","Dominant Rock Type":"Trachybasalt / Tephrite Basanite"}},{"type":"Feature","geometry":{"type":"Point","coordinates":[72.595,-53.0394]},"properties":{"Volcano Number":234011,"Volcano Name":"McDonald Islands","Country":"Australia","Volcanic Region Group":"Somalian-Antarctic Volcanic Regions","Volcanic Region":"Kerguelen Hotspot Volcano Group","Volcano Landform":"Composite","Primary Volcano Type":"Complex","Type Group":"Complex volcanoes","Type Description":"Volcanoes with multiple vents, cones, or overlapping eruptive centers.","Activity Evidence":"Eruption Observed","Activity Class":"Observed eruption","Last Known Eruption":"2005 CE","Eruption Year":2005.0,"Eruption Period":"Since 1900","Elevation (m)":263,"Elevation Class":"0-999 m","Tectonic Setting":"Intraplate / Oceanic crust (< 15 km)","Tectonic Group":"Intraplate","Dominant Rock Type":"Phonolite"}},{"type":"Feature","geometry":{"type":"Point","coordinates":[69.5,-49.58]},"properties":{"Volcano Number":234020,"Volcano Name":"Kerguelen Islands","Country":"France","Volcanic Region Group":"Somalian-Antarctic Volcanic Regions","Volcanic Region":"Kerguelen Hotspot Volcano Group","Volcano Landform":"Composite","Primary Volcano Type":"Stratovolcano(es)","Type Group":"Cone volcanoes","Type Description":"Tall, steep volcanoes often built by alternating lava and ash layers.","Activity Evidence":"Evidence Uncertain","Activity Class":"Uncertain evidence","Last Known Eruption":"Unknown","Eruption Year":null,"Eruption Period":"BCE record","Elevation (m)":1840,"Elevation Class":"1,000-2,999 m","Tectonic Setting":"Intraplate / Oceanic crust (< 15 km)","Tectonic Group":"Intraplate","Dominant Rock Type":"Trachyandesite / Basaltic Trachyandesite"}},{"type":"Feature","geometry":{"type":"Point","coordinates":[52.2,-46.43]},"properties":{"Volcano Number":234030,"Volcano Name":"Est, Ile de l'","Country":"France","Volcanic Region Group":"Somalian-Antarctic Volcanic Regions","Volcanic Region":"Crozet Hotspot Volcano Group","Volcano Landform":"Composite","Primary Volcano Type":"Stratovolcano","Type Group":"Cone volcanoes","Type Description":"Tall, steep volcanoes often built by alternating lava and ash layers.","Activity Evidence":"Evidence Uncertain","Activity Class":"Uncertain evidence","Last Known Eruption":"Unknown","Eruption Year":null,"Eruption Period":"BCE record","Elevation (m)":1090,"Elevation Class":"1,000-2,999 m","Tectonic Setting":"Rift zone / Oceanic crust (< 15 km)","Tectonic Group":"Rift","Dominant Rock Type":"Basalt / Picro-Basalt"}},{"type":"Feature","geometry":{"type":"Point","coordinates":[51.75,-46.42]},"properties":{"Volcano Number":234040,"Volcano Name":"Possession, Ile de la","Country":"France","Volcanic Region Group":"Somalian-Antarctic Volcanic Regions","Volcanic Region":"Crozet Hotspot Volcano Group","Volcano Landform":"Composite","Primary Volcano Type":"Stratovolcano","Type Group":"Cone volcanoes","Type Description":"Tall, steep volcanoes often built by alternating lava and ash layers.","Activity Evidence":"Evidence Credible","Activity Class":"Credible evidence","Last Known Eruption":"Unknown","Eruption Year":null,"Eruption Period":"BCE record","Elevation (m)":934,"Elevation Class":"0-999 m","Tectonic Setting":"Rift zone / Oceanic crust (< 15 km)","Tectonic Group":"Rift","Dominant Rock Type":"Basalt / Picro-Basalt"}},{"type":"Feature","geometry":{"type":"Point","coordinates":[50.23,-46.1]},"properties":{"Volcano Number":234050,"Volcano Name":"Cochons, Ile aux","Country":"France","Volcanic Region Group":"Somalian-Antarctic Volcanic Regions","Volcanic Region":"Crozet Hotspot Volcano Group","Volcano Landform":"Composite","Primary Volcano Type":"Stratovolcano","Type Group":"Cone volcanoes","Type Description":"Tall, steep volcanoes often built by alternating lava and ash layers.","Activity Evidence":"Evidence Credible","Activity Class":"Credible evidence","Last Known Eruption":"Unknown","Eruption Year":null,"Eruption Period":"BCE record","Elevation (m)":775,"Elevation Class":"0-999 m","Tectonic Setting":"Rift zone / Oceanic crust (< 15 km)","Tectonic Group":"Rift","Dominant Rock Type":"Basalt / Picro-Basalt"}},{"type":"Feature","geometry":{"type":"Point","coordinates":[37.95,-46.63]},"properties":{"Volcano Number":234060,"Volcano Name":"Prince Edward Island","Country":"South Africa","Volcanic Region Group":"Somalian-Antarctic Volcanic Regions","Volcanic Region":"Marion Hotspot Volcano Group","Volcano Landform":"Shield","Primary Volcano Type":"Shield","Type Group":"Shield volcanoes","Type Description":"Broad volcanoes formed by fluid lava flows that can spread far from the vent.","Activity Evidence":"Evidence Credible","Activity Class":"Credible evidence","Last Known Eruption":"Unknown","Eruption Year":null,"Eruption Period":"BCE record","Elevation (m)":672,"Elevation Class":"0-999 m","Tectonic Setting":"Rift zone / Oceanic crust (< 15 km)","Tectonic Group":"Rift","Dominant Rock Type":"Basalt / Picro-Basalt"}},{"type":"Feature","geometry":{"type":"Point","coordinates":[37.75,-46.9]},"properties":{"Volcano Number":234070,"Volcano Name":"Marion Island","Country":"South Africa","Volcanic Region Group":"Somalian-Antarctic Volcanic Regions","Volcanic Region":"Marion Hotspot Volcano Group","Volcano Landform":"Shield","Primary Volcano Type":"Shield(s)","Type Group":"Shield volcanoes","Type Description":"Broad volcanoes formed by fluid lava flows that can spread far from the vent.","Activity Evidence":"Eruption Observed","Activity Class":"Observed eruption","Last Known Eruption":"2004 CE","Eruption Year":2004.0,"Eruption Period":"Since 1900","Elevation (m)":1230,"Elevation Class":"1,000-2,999 m","Tectonic Setting":"Rift zone / Oceanic crust (< 15 km)","Tectonic Group":"Rift","Dominant Rock Type":"Basalt / Picro-Basalt"}},{"type":"Feature","geometry":{"type":"Point","coordinates":[174.81,-36.89]},"properties":{"Volcano Number":241020,"Volcano Name":"Auckland Volcanic Field","Country":"New Zealand","Volcanic Region Group":"Tonga-Kermadec Volcanic Regions","Volcanic Region":"Western North Island Volcanic Province","Volcano Landform":"Cluster","Primary Volcano Type":"Volcanic field","Type Group":"Volcanic fields","Type Description":"Areas with many vents spread across a wider landscape.","Activity Evidence":"Eruption Dated","Activity Class":"Dated eruption","Last Known Eruption":"1446 CE","Eruption Year":1446.0,"Eruption Period":"1-1499 CE","Elevation (m)":260,"Elevation Class":"0-999 m","Tectonic Setting":"Intraplate / Continental crust (>25 km)","Tectonic Group":"Intraplate","Dominant Rock Type":"Trachybasalt / Tephrite Basanite"}},{"type":"Feature","geometry":{"type":"Point","coordinates":[176.25,-37.28]},"properties":{"Volcano Number":241021,"Volcano Name":"Tuhua/Mayor Island","Country":"New Zealand","Volcanic Region Group":"Tonga-Kermadec Volcanic Regions","Volcanic Region":"Taupo Volcanic Arc","Volcano Landform":"Shield","Primary Volcano Type":"Shield","Type Group":"Shield volcanoes","Type Description":"Broad volcanoes formed by fluid lava flows that can spread far from the vent.","Activity Evidence":"Eruption Dated","Activity Class":"Dated eruption","Last Known Eruption":"5055 BCE","Eruption Year":-5055.0,"Eruption Period":"BCE record","Elevation (m)":355,"Elevation Class":"0-999 m","Tectonic Setting":"Subduction zone / Continental crust (>25 km)","Tectonic Group":"Subduction","Dominant Rock Type":"Rhyolite"}},{"type":"Feature","geometry":{"type":"Point","coordinates":[174.07,-39.3]},"properties":{"Volcano Number":241030,"Volcano Name":"Taranaki","Country":"New Zealand","Volcanic Region Group":"Tonga-Kermadec Volcanic Regions","Volcanic Region":"Western North Island Volcanic Province","Volcano Landform":"Composite","Primary Volcano Type":"Stratovolcano","Type Group":"Cone volcanoes","Type Description":"Tall, steep volcanoes often built by alternating lava and ash layers.","Activity Evidence":"Eruption Observed","Activity Class":"Observed eruption","Last Known Eruption":"1800 CE","Eruption Year":1800.0,"Eruption Period":"1500-1899","Elevation (m)":2518,"Elevation Class":"1,000-2,999 m","Tectonic Setting":"Subduction zone / Continental crust (>25 km)","Tectonic Group":"Subduction","Dominant Rock Type":"Andesite / Basaltic Andesite"}},{"type":"Feature","geometry":{"type":"Point","coordinates":[177.18,-37.52]},"properties":{"Volcano Number":241040,"Volcano Name":"Whakaari/White Island","Country":"New Zealand","Volcanic Region Group":"Tonga-Kermadec Volcanic Regions","Volcanic Region":"Taupo Volcanic Arc","Volcano Landform":"Composite","Primary Volcano Type":"Stratovolcano(es)","Type Group":"Cone volcanoes","Type Description":"Tall, steep volcanoes often built by alternating lava and ash layers.","Activity Evidence":"Eruption Observed","Activity Class":"Observed eruption","Last Known Eruption":"2026 CE","Eruption Year":2026.0,"Eruption Period":"Since 1900","Elevation (m)":294,"Elevation Class":"0-999 m","Tectonic Setting":"Subduction zone / Continental crust (>25 km)","Tectonic Group":"Subduction","Dominant Rock Type":"Andesite / Basaltic Andesite"}},{"type":"Feature","geometry":{"type":"Point","coordinates":[176.5069,-38.1569]},"properties":{"Volcano Number":241050,"Volcano Name":"Okataina","Country":"New Zealand","Volcanic Region Group":"Tonga-Kermadec Volcanic Regions","Volcanic Region":"Taupo Volcanic Arc","Volcano Landform":"Cluster","Primary Volcano Type":"Lava dome(s)","Type Group":"Lava domes","Type Description":"Steep mounds built by thick lava that piles up near the vent.","Activity Evidence":"Eruption Observed","Activity Class":"Observed eruption","Last Known Eruption":"1981 CE","Eruption Year":1981.0,"Eruption Period":"Since 1900","Elevation (m)":1111,"Elevation Class":"1,000-2,999 m","Tectonic Setting":"Subduction zone / Continental crust (>25 km)","Tectonic Group":"Subduction","Dominant Rock Type":"Rhyolite"}},{"type":"Feature","geometry":{"type":"Point","coordinates":[175.893,-38.7811]},"properties":{"Volcano Number":241070,"Volcano Name":"Taupo","Country":"New Zealand","Volcanic Region Group":"Tonga-Kermadec Volcanic Regions","Volcanic Region":"Taupo Volcanic Arc","Volcano Landform":"Caldera","Primary Volcano Type":"Caldera","Type Group":"Calderas","Type Description":"Large collapse basins that can form after major eruptions empty magma chambers.","Activity Evidence":"Eruption Dated","Activity Class":"Dated eruption","Last Known Eruption":"260 CE","Eruption Year":260.0,"Eruption Period":"1-1499 CE","Elevation (m)":760,"Elevation Class":"0-999 m","Tectonic Setting":"Subduction zone / Continental crust (>25 km)","Tectonic Group":"Subduction","Dominant Rock Type":"Rhyolite"}},{"type":"Feature","geometry":{"type":"Point","coordinates":[175.632,-39.157]},"properties":{"Volcano Number":241080,"Volcano Name":"Tongariro","Country":"New Zealand","Volcanic Region Group":"Tonga-Kermadec Volcanic Regions","Volcanic Region":"Taupo Volcanic Arc","Volcano Landform":"Composite","Primary Volcano Type":"Stratovolcano(es)","Type Group":"Cone volcanoes","Type Description":"Tall, steep volcanoes often built by alternating lava and ash layers.","Activity Evidence":"Eruption Observed","Activity Class":"Observed eruption","Last Known Eruption":"2012 CE","Eruption Year":2012.0,"Eruption Period":"Since 1900","Elevation (m)":1978,"Elevation Class":"1,000-2,999 m","Tectonic Setting":"Subduction zone / Continental crust (>25 km)","Tectonic Group":"Subduction","Dominant Rock Type":"Andesite / Basaltic Andesite"}},{"type":"Feature","geometry":{"type":"Point","coordinates":[175.57,-39.28]},"properties":{"Volcano Number":241100,"Volcano Name":"Ruapehu","Country":"New Zealand","Volcanic Region Group":"Tonga-Kermadec Volcanic Regions","Volcanic Region":"Taupo Volcanic Arc","Volcano Landform":"Composite","Primary Volcano Type":"Stratovolcano","Type Group":"Cone volcanoes","Type Description":"Tall, steep volcanoes often built by alternating lava and ash layers.","Activity Evidence":"Eruption Observed","Activity Class":"Observed eruption","Last Known Eruption":"2007 CE","Eruption Year":2007.0,"Eruption Period":"Since 1900","Elevation (m)":2797,"Elevation Class":"1,000-2,999 m","Tectonic Setting":"Subduction zone / Continental crust (>25 km)","Tectonic Group":"Subduction","Dominant Rock Type":"Andesite / Basaltic Andesite"}},{"type":"Feature","geometry":{"type":"Point","coordinates":[177.839,-36.446]},"properties":{"Volcano Number":241101,"Volcano Name":"Clark","Country":"New Zealand","Volcanic Region Group":"Tonga-Kermadec Volcanic Regions","Volcanic Region":"Southern Kermadec Volcanic Arc","Volcano Landform":"Composite","Primary Volcano Type":"Stratovolcano","Type Group":"Cone volcanoes","Type Description":"Tall, steep volcanoes often built by alternating lava and ash layers.","Activity Evidence":"Unrest / Holocene","Activity Class":"Unspecified","Last Known Eruption":"Unknown","Eruption Year":null,"Eruption Period":"BCE record","Elevation (m)":-860,"Elevation Class":"Below sea level","Tectonic Setting":"Subduction zone / Oceanic crust (< 15 km)","Tectonic Group":"Subduction","Dominant Rock Type":"Basalt / Picro-Basalt"}},{"type":"Feature","geometry":{"type":"Point","coordinates":[178.028,-36.321]},"properties":{"Volcano Number":241102,"Volcano Name":"Tangaroa","Country":"New Zealand","Volcanic Region Group":"Tonga-Kermadec Volcanic Regions","Volcanic Region":"Southern Kermadec Volcanic Arc","Volcano Landform":"Composite","Primary Volcano Type":"Stratovolcano","Type Group":"Cone volcanoes","Type Description":"Tall, steep volcanoes often built by alternating lava and ash layers.","Activity Evidence":"Unrest / Holocene","Activity Class":"Unspecified","Last Known Eruption":"Unknown","Eruption Year":null,"Eruption Period":"BCE record","Elevation (m)":-600,"Elevation Class":"Below sea level","Tectonic Setting":"Subduction zone / Oceanic crust (< 15 km)","Tectonic Group":"Subduction","Dominant Rock Type":"Basalt / Picro-Basalt"}},{"type":"Feature","geometry":{"type":"Point","coordinates":[178.196,-36.142]},"properties":{"Volcano Number":241110,"Volcano Name":"Rumble V","Country":"New Zealand","Volcanic Region Group":"Tonga-Kermadec Volcanic Regions","Volcanic Region":"Southern Kermadec Volcanic Arc","Volcano Landform":"Composite","Primary Volcano Type":"Stratovolcano","Type Group":"Cone volcanoes","Type Description":"Tall, steep volcanoes often built by alternating lava and ash layers.","Activity Evidence":"Unrest / Holocene","Activity Class":"Unspecified","Last Known Eruption":"Unknown","Eruption Year":null,"Eruption Period":"BCE record","Elevation (m)":-400,"Elevation Class":"Below sea level","Tectonic Setting":"Subduction zone / Oceanic crust (< 15 km)","Tectonic Group":"Subduction","Dominant Rock Type":"Andesite / Basaltic Andesite"}},{"type":"Feature","geometry":{"type":"Point","coordinates":[178.05,-36.13]},"properties":{"Volcano Number":241120,"Volcano Name":"Rumble IV","Country":"New Zealand","Volcanic Region Group":"Tonga-Kermadec Volcanic Regions","Volcanic Region":"Southern Kermadec Volcanic Arc","Volcano Landform":"Composite","Primary Volcano Type":"Stratovolcano","Type Group":"Cone volcanoes","Type Description":"Tall, steep volcanoes often built by alternating lava and ash layers.","Activity Evidence":"Unrest / Holocene","Activity Class":"Unspecified","Last Known Eruption":"Unknown","Eruption Year":null,"Eruption Period":"BCE record","Elevation (m)":-500,"Elevation Class":"Below sea level","Tectonic Setting":"Subduction zone / Oceanic crust (< 15 km)","Tectonic Group":"Subduction","Dominant Rock Type":"Andesite / Basaltic Andesite"}},{"type":"Feature","geometry":{"type":"Point","coordinates":[178.478,-35.745]},"properties":{"Volcano Number":241130,"Volcano Name":"Rumble III","Country":"New Zealand","Volcanic Region Group":"Tonga-Kermadec Volcanic Regions","Volcanic Region":"Southern Kermadec Volcanic Arc","Volcano Landform":"Composite","Primary Volcano Type":"Stratovolcano","Type Group":"Cone volcanoes","Type Description":"Tall, steep volcanoes often built by alternating lava and ash layers.","Activity Evidence":"Eruption Observed","Activity Class":"Observed eruption","Last Known Eruption":"2008 CE","Eruption Year":2008.0,"Eruption Period":"Since 1900","Elevation (m)":-220,"Elevation Class":"Below sea level","Tectonic Setting":"Subduction zone / Oceanic crust (< 15 km)","Tectonic Group":"Subduction","Dominant Rock Type":"Andesite / Basaltic Andesite"}},{"type":"Feature","geometry":{"type":"Point","coordinates":[178.527,-35.353]},"properties":{"Volcano Number":241131,"Volcano Name":"Rumble II West","Country":"New Zealand","Volcanic Region Group":"Tonga-Kermadec Volcanic Regions","Volcanic Region":"Southern Kermadec Volcanic Arc","Volcano Landform":"Composite","Primary Volcano Type":"Stratovolcano","Type Group":"Cone volcanoes","Type Description":"Tall, steep volcanoes often built by alternating lava and ash layers.","Activity Evidence":"Unrest / Holocene","Activity Class":"Unspecified","Last Known Eruption":"Unknown","Eruption Year":null,"Eruption Period":"BCE record","Elevation (m)":-1200,"Elevation Class":"Below sea level","Tectonic Setting":"Subduction zone / Oceanic crust (< 15 km)","Tectonic Group":"Subduction","Dominant Rock Type":"Andesite / Basaltic Andesite"}},{"type":"Feature","geometry":{"type":"Point","coordinates":[178.973,-35.004]},"properties":{"Volcano Number":241140,"Volcano Name":"Healy","Country":"New Zealand","Volcanic Region Group":"Tonga-Kermadec Volcanic Regions","Volcanic Region":"Southern Kermadec Volcanic Arc","Volcano Landform":"Composite","Primary Volcano Type":"Stratovolcano","Type Group":"Cone volcanoes","Type Description":"Tall, steep volcanoes often built by alternating lava and ash layers.","Activity Evidence":"Eruption Dated","Activity Class":"Dated eruption","Last Known Eruption":"1360 CE","Eruption Year":1360.0,"Eruption Period":"1-1499 CE","Elevation (m)":-980,"Elevation Class":"Below sea level","Tectonic Setting":"Subduction zone / Oceanic crust (< 15 km)","Tectonic Group":"Subduction","Dominant Rock Type":"Dacite"}},{"type":"Feature","geometry":{"type":"Point","coordinates":[179.0667,-34.875]},"properties":{"Volcano Number":241150,"Volcano Name":"Brothers","Country":"New Zealand","Volcanic Region Group":"Tonga-Kermadec Volcanic Regions","Volcanic Region":"Southern Kermadec Volcanic Arc","Volcano Landform":"Caldera","Primary Volcano Type":"Caldera","Type Group":"Calderas","Type Description":"Large collapse basins that can form after major eruptions empty magma chambers.","Activity Evidence":"Unrest / Holocene","Activity Class":"Unspecified","Last Known Eruption":"Unknown","Eruption Year":null,"Eruption Period":"BCE record","Elevation (m)":-1350,"Elevation Class":"Below sea level","Tectonic Setting":"Subduction zone / Oceanic crust (< 15 km)","Tectonic Group":"Subduction","Dominant Rock Type":"Dacite"}},{"type":"Feature","geometry":{"type":"Point","coordinates":[-179.18,-31.85]},"properties":{"Volcano Number":242001,"Volcano Name":"Wright","Country":"New Zealand","Volcanic Region Group":"Tonga-Kermadec Volcanic Regions","Volcanic Region":"Middle Kermadec Volcanic Arc","Volcano Landform":"Composite","Primary Volcano Type":"Stratovolcano(es)","Type Group":"Cone volcanoes","Type Description":"Tall, steep volcanoes often built by alternating lava and ash layers.","Activity Evidence":"Unrest / Holocene","Activity Class":"Unspecified","Last Known Eruption":"Unknown","Eruption Year":null,"Eruption Period":"BCE record","Elevation (m)":-900,"Elevation Class":"Below sea level","Tectonic Setting":"Subduction zone / Oceanic crust (< 15 km)","Tectonic Group":"Subduction","Dominant Rock Type":"Basalt / Picro-Basalt"}},{"type":"Feature","geometry":{"type":"Point","coordinates":[-179.033,-31.08]},"properties":{"Volcano Number":242005,"Volcano Name":"Havre Seamount","Country":"New Zealand","Volcanic Region Group":"Tonga-Kermadec Volcanic Regions","Volcanic Region":"Middle Kermadec Volcanic Arc","Volcano Landform":"Composite","Primary Volcano Type":"Stratovolcano","Type Group":"Cone volcanoes","Type Description":"Tall, steep volcanoes often built by alternating lava and ash layers.","Activity Evidence":"Eruption Observed","Activity Class":"Observed eruption","Last Known Eruption":"2012 CE","Eruption Year":2012.0,"Eruption Period":"Since 1900","Elevation (m)":-897,"Elevation Class":"Below sea level","Tectonic Setting":"Subduction zone / Oceanic crust (< 15 km)","Tectonic Group":"Subduction","Dominant Rock Type":null}},{"type":"Feature","geometry":{"type":"Point","coordinates":[-178.556,-30.543]},"properties":{"Volcano Number":242010,"Volcano Name":"Curtis Island","Country":"New Zealand","Volcanic Region Group":"Tonga-Kermadec Volcanic Regions","Volcanic Region":"Middle Kermadec Volcanic Arc","Volcano Landform":"Composite","Primary Volcano Type":"Stratovolcano","Type Group":"Cone volcanoes","Type Description":"Tall, steep volcanoes often built by alternating lava and ash layers.","Activity Evidence":"Unrest / Holocene","Activity Class":"Unspecified","Last Known Eruption":"Unknown","Eruption Year":null,"Eruption Period":"BCE record","Elevation (m)":47,"Elevation Class":"0-999 m","Tectonic Setting":"Subduction zone / Oceanic crust (< 15 km)","Tectonic Group":"Subduction","Dominant Rock Type":"Andesite / Basaltic Andesite"}},{"type":"Feature","geometry":{"type":"Point","coordinates":[-178.475,-30.21]},"properties":{"Volcano Number":242021,"Volcano Name":"Macauley","Country":"New Zealand","Volcanic Region Group":"Tonga-Kermadec Volcanic Regions","Volcanic Region":"Middle Kermadec Volcanic Arc","Volcano Landform":"Caldera","Primary Volcano Type":"Caldera","Type Group":"Calderas","Type Description":"Large collapse basins that can form after major eruptions empty magma chambers.","Activity Evidence":"Eruption Dated","Activity Class":"Dated eruption","Last Known Eruption":"4360 BCE","Eruption Year":-4360.0,"Eruption Period":"BCE record","Elevation (m)":238,"Elevation Class":"0-999 m","Tectonic Setting":"Subduction zone / Oceanic crust (< 15 km)","Tectonic Group":"Subduction","Dominant Rock Type":"Basalt / Picro-Basalt"}},{"type":"Feature","geometry":{"type":"Point","coordinates":[-178.712,-30.036]},"properties":{"Volcano Number":242022,"Volcano Name":"Giggenbach","Country":"New Zealand","Volcanic Region Group":"Tonga-Kermadec Volcanic Regions","Volcanic Region":"Middle Kermadec Volcanic Arc","Volcano Landform":"Composite","Primary Volcano Type":"Stratovolcano","Type Group":"Cone volcanoes","Type Description":"Tall, steep volcanoes often built by alternating lava and ash layers.","Activity Evidence":"Unrest / Holocene","Activity Class":"Unspecified","Last Known Eruption":"Unknown","Eruption Year":null,"Eruption Period":"BCE record","Elevation (m)":-65,"Elevation Class":"Below sea level","Tectonic Setting":"Subduction zone / Oceanic crust (< 15 km)","Tectonic Group":"Subduction","Dominant Rock Type":"Basalt / Picro-Basalt"}},{"type":"Feature","geometry":{"type":"Point","coordinates":[-177.92,-29.27]},"properties":{"Volcano Number":242030,"Volcano Name":"Raoul Island","Country":"New Zealand","Volcanic Region Group":"Tonga-Kermadec Volcanic Regions","Volcanic Region":"Northern Kermadec Volcanic Arc","Volcano Landform":"Composite","Primary Volcano Type":"Stratovolcano","Type Group":"Cone volcanoes","Type Description":"Tall, steep volcanoes often built by alternating lava and ash layers.","Activity Evidence":"Eruption Observed","Activity Class":"Observed eruption","Last Known Eruption":"2006 CE","Eruption Year":2006.0,"Eruption Period":"Since 1900","Elevation (m)":516,"Elevation Class":"0-999 m","Tectonic Setting":"Subduction zone / Oceanic crust (< 15 km)","Tectonic Group":"Subduction","Dominant Rock Type":"Andesite / Basaltic Andesite"}},{"type":"Feature","geometry":{"type":"Point","coordinates":[-177.188,-25.887]},"properties":{"Volcano Number":242050,"Volcano Name":"Monowai","Country":"New Zealand","Volcanic Region Group":"Tonga-Kermadec Volcanic Regions","Volcanic Region":"Northern Kermadec Volcanic Arc","Volcano Landform":"Composite","Primary Volcano Type":"Stratovolcano","Type Group":"Cone volcanoes","Type Description":"Tall, steep volcanoes often built by alternating lava and ash layers.","Activity Evidence":"Eruption Observed","Activity Class":"Observed eruption","Last Known Eruption":"2014 CE","Eruption Year":2014.0,"Eruption Period":"Since 1900","Elevation (m)":-132,"Elevation Class":"Below sea level","Tectonic Setting":"Subduction zone / Oceanic crust (< 15 km)","Tectonic Group":"Subduction","Dominant Rock Type":"Basalt / Picro-Basalt"}},{"type":"Feature","geometry":{"type":"Point","coordinates":[-177.02,-24.8]},"properties":{"Volcano Number":243001,"Volcano Name":"Kermadec Arc at 24.8°S","Country":"Tonga","Volcanic Region Group":"Tonga-Kermadec Volcanic Regions","Volcanic Region":"Northern Kermadec Volcanic Arc","Volcano Landform":"Composite","Primary Volcano Type":"Stratovolcano","Type Group":"Cone volcanoes","Type Description":"Tall, steep volcanoes often built by alternating lava and ash layers.","Activity Evidence":"Unrest / Holocene","Activity Class":"Unspecified","Last Known Eruption":"Unknown","Eruption Year":null,"Eruption Period":"BCE record","Elevation (m)":-385,"Elevation Class":"Below sea level","Tectonic Setting":"Subduction zone / Oceanic crust (< 15 km)","Tectonic Group":"Subduction","Dominant Rock Type":"Basalt / Picro-Basalt"}},{"type":"Feature","geometry":{"type":"Point","coordinates":[-175.65,-21.338]},"properties":{"Volcano Number":243010,"Volcano Name":"Tofua Arc at 21.3°S","Country":"Tonga","Volcanic Region Group":"Tonga-Kermadec Volcanic Regions","Volcanic Region":"Tofua Volcanic Arc","Volcano Landform":"Composite","Primary Volcano Type":"Stratovolcano","Type Group":"Cone volcanoes","Type Description":"Tall, steep volcanoes often built by alternating lava and ash layers.","Activity Evidence":"Eruption Observed","Activity Class":"Observed eruption","Last Known Eruption":"1932 CE","Eruption Year":1932.0,"Eruption Period":"Since 1900","Elevation (m)":-68,"Elevation Class":"Below sea level","Tectonic Setting":"Subduction zone / Oceanic crust (< 15 km)","Tectonic Group":"Subduction","Dominant Rock Type":"No Data (checked)"}},{"type":"Feature","geometry":{"type":"Point","coordinates":[-175.75,-21.15]},"properties":{"Volcano Number":243011,"Volcano Name":"Tofua Arc at 21.1°S","Country":"Tonga","Volcanic Region Group":"Tonga-Kermadec Volcanic Regions","Volcanic Region":"Tofua Volcanic Arc","Volcano Landform":"Composite","Primary Volcano Type":"Stratovolcano","Type Group":"Cone volcanoes","Type Description":"Tall, steep volcanoes often built by alternating lava and ash layers.","Activity Evidence":"Evidence Credible","Activity Class":"Credible evidence","Last Known Eruption":"Unknown","Eruption Year":null,"Eruption Period":"BCE record","Elevation (m)":-65,"Elevation Class":"Below sea level","Tectonic Setting":"Subduction zone / Oceanic crust (< 15 km)","Tectonic Group":"Subduction","Dominant Rock Type":"Andesite / Basaltic Andesite"}},{"type":"Feature","geometry":{"type":"Point","coordinates":[-175.55,-20.852]},"properties":{"Volcano Number":243030,"Volcano Name":"Tofua Arc at 20.9°S","Country":"Tonga","Volcanic Region Group":"Tonga-Kermadec Volcanic Regions","Volcanic Region":"Tofua Volcanic Arc","Volcano Landform":"Composite","Primary Volcano Type":"Stratovolcano","Type Group":"Cone volcanoes","Type Description":"Tall, steep volcanoes often built by alternating lava and ash layers.","Activity Evidence":"Eruption Observed","Activity Class":"Observed eruption","Last Known Eruption":"2017 CE","Eruption Year":2017.0,"Eruption Period":"Since 1900","Elevation (m)":-296,"Elevation Class":"Below sea level","Tectonic Setting":"Subduction zone / Oceanic crust (< 15 km)","Tectonic Group":"Subduction","Dominant Rock Type":"No Data (checked)"}},{"type":"Feature","geometry":{"type":"Point","coordinates":[-175.3841,-20.5532]},"properties":{"Volcano Number":243040,"Volcano Name":"Hunga Tonga-Hunga Ha'apai","Country":"Tonga","Volcanic Region Group":"Tonga-Kermadec Volcanic Regions","Volcanic Region":"Tofua Volcanic Arc","Volcano Landform":"Caldera","Primary Volcano Type":"Caldera","Type Group":"Calderas","Type Description":"Large collapse basins that can form after major eruptions empty magma chambers.","Activity Evidence":"Eruption Observed","Activity Class":"Observed eruption","Last Known Eruption":"2022 CE","Eruption Year":2022.0,"Eruption Period":"Since 1900","Elevation (m)":114,"Elevation Class":"0-999 m","Tectonic Setting":"Subduction zone / Oceanic crust (< 15 km)","Tectonic Group":"Subduction","Dominant Rock Type":"Andesite / Basaltic Andesite"}},{"type":"Feature","geometry":{"type":"Point","coordinates":[-175.42,-20.32]},"properties":{"Volcano Number":243050,"Volcano Name":"Fonuafo'ou","Country":"Tonga","Volcanic Region Group":"Tonga-Kermadec Volcanic Regions","Volcanic Region":"Tofua Volcanic Arc","Volcano Landform":"Composite","Primary Volcano Type":"Stratovolcano","Type Group":"Cone volcanoes","Type Description":"Tall, steep volcanoes often built by alternating lava and ash layers.","Activity Evidence":"Eruption Observed","Activity Class":"Observed eruption","Last Known Eruption":"1936 CE","Eruption Year":1936.0,"Eruption Period":"Since 1900","Elevation (m)":-17,"Elevation Class":"Below sea level","Tectonic Setting":"Subduction zone / Oceanic crust (< 15 km)","Tectonic Group":"Subduction","Dominant Rock Type":"Andesite / Basaltic Andesite"}},{"type":"Feature","geometry":{"type":"Point","coordinates":[-175.07,-19.75]},"properties":{"Volcano Number":243060,"Volcano Name":"Tofua","Country":"Tonga","Volcanic Region Group":"Tonga-Kermadec Volcanic Regions","Volcanic Region":"Tofua Volcanic Arc","Volcano Landform":"Caldera","Primary Volcano Type":"Caldera","Type Group":"Calderas","Type Description":"Large collapse basins that can form after major eruptions empty magma chambers.","Activity Evidence":"Eruption Observed","Activity Class":"Observed eruption","Last Known Eruption":"2026 CE","Eruption Year":2026.0,"Eruption Period":"Since 1900","Elevation (m)":515,"Elevation Class":"0-999 m","Tectonic Setting":"Subduction zone / Oceanic crust (< 15 km)","Tectonic Group":"Subduction","Dominant Rock Type":"Andesite / Basaltic Andesite"}},{"type":"Feature","geometry":{"type":"Point","coordinates":[-175.016,-19.668]},"properties":{"Volcano Number":243061,"Volcano Name":"Kao","Country":"Tonga","Volcanic Region Group":"Tonga-Kermadec Volcanic Regions","Volcanic Region":"Tofua Volcanic Arc","Volcano Landform":"Composite","Primary Volcano Type":"Stratovolcano","Type Group":"Cone volcanoes","Type Description":"Tall, steep volcanoes often built by alternating lava and ash layers.","Activity Evidence":"Eruption Observed","Activity Class":"Observed eruption","Last Known Eruption":"1847 CE","Eruption Year":1847.0,"Eruption Period":"1500-1899","Elevation (m)":1009,"Elevation Class":"1,000-2,999 m","Tectonic Setting":"Subduction zone / Oceanic crust (< 15 km)","Tectonic Group":"Subduction","Dominant Rock Type":"Andesite / Basaltic Andesite"}},{"type":"Feature","geometry":{"type":"Point","coordinates":[-174.87,-19.18]},"properties":{"Volcano Number":243070,"Volcano Name":"Lateiki","Country":"Tonga","Volcanic Region Group":"Tonga-Kermadec Volcanic Regions","Volcanic Region":"Tofua Volcanic Arc","Volcano Landform":"Composite","Primary Volcano Type":"Stratovolcano","Type Group":"Cone volcanoes","Type Description":"Tall, steep volcanoes often built by alternating lava and ash layers.","Activity Evidence":"Eruption Observed","Activity Class":"Observed eruption","Last Known Eruption":"2019 CE","Eruption Year":2019.0,"Eruption Period":"Since 1900","Elevation (m)":43,"Elevation Class":"0-999 m","Tectonic Setting":"Subduction zone / Oceanic crust (< 15 km)","Tectonic Group":"Subduction","Dominant Rock Type":"Dacite"}},{"type":"Feature","geometry":{"type":"Point","coordinates":[-174.775,-18.992]},"properties":{"Volcano Number":243080,"Volcano Name":"Home Reef","Country":"Tonga","Volcanic Region Group":"Tonga-Kermadec Volcanic Regions","Volcanic Region":"Tofua Volcanic Arc","Volcano Landform":"Composite","Primary Volcano Type":"Stratovolcano","Type Group":"Cone volcanoes","Type Description":"Tall, steep volcanoes often built by alternating lava and ash layers.","Activity Evidence":"Eruption Observed","Activity Class":"Observed eruption","Last Known Eruption":"2026 CE","Eruption Year":2026.0,"Eruption Period":"Since 1900","Elevation (m)":-10,"Elevation Class":"Below sea level","Tectonic Setting":"Subduction zone / Oceanic crust (< 15 km)","Tectonic Group":"Subduction","Dominant Rock Type":"Dacite"}},{"type":"Feature","geometry":{"type":"Point","coordinates":[-174.65,-18.806]},"properties":{"Volcano Number":243090,"Volcano Name":"Late","Country":"Tonga","Volcanic Region Group":"Tonga-Kermadec Volcanic Regions","Volcanic Region":"Tofua Volcanic Arc","Volcano Landform":"Composite","Primary Volcano Type":"Stratovolcano","Type Group":"Cone volcanoes","Type Description":"Tall, steep volcanoes often built by alternating lava and ash layers.","Activity Evidence":"Eruption Observed","Activity Class":"Observed eruption","Last Known Eruption":"1854 CE","Eruption Year":1854.0,"Eruption Period":"1500-1899","Elevation (m)":540,"Elevation Class":"0-999 m","Tectonic Setting":"Subduction zone / Oceanic crust (< 15 km)","Tectonic Group":"Subduction","Dominant Rock Type":"Andesite / Basaltic Andesite"}},{"type":"Feature","geometry":{"type":"Point","coordinates":[-174.365,-18.325]},"properties":{"Volcano Number":243091,"Volcano Name":"Tofua Arc at 18.3°S","Country":"Tonga","Volcanic Region Group":"Tonga-Kermadec Volcanic Regions","Volcanic Region":"Tofua Volcanic Arc","Volcano Landform":"Composite","Primary Volcano Type":"Stratovolcano","Type Group":"Cone volcanoes","Type Description":"Tall, steep volcanoes often built by alternating lava and ash layers.","Activity Evidence":"Eruption Observed","Activity Class":"Observed eruption","Last Known Eruption":"2019 CE","Eruption Year":2019.0,"Eruption Period":"Since 1900","Elevation (m)":-40,"Elevation Class":"Below sea level","Tectonic Setting":"Subduction zone / Oceanic crust (< 15 km)","Tectonic Group":"Subduction","Dominant Rock Type":"Dacite"}},{"type":"Feature","geometry":{"type":"Point","coordinates":[-174.317,-18.023]},"properties":{"Volcano Number":243100,"Volcano Name":"Fonualei","Country":"Tonga","Volcanic Region Group":"Tonga-Kermadec Volcanic Regions","Volcanic Region":"Tofua Volcanic Arc","Volcano Landform":"Composite","Primary Volcano Type":"Stratovolcano","Type Group":"Cone volcanoes","Type Description":"Tall, steep volcanoes often built by alternating lava and ash layers.","Activity Evidence":"Eruption Observed","Activity Class":"Observed eruption","Last Known Eruption":"1957 CE","Eruption Year":1957.0,"Eruption Period":"Since 1900","Elevation (m)":188,"Elevation Class":"0-999 m","Tectonic Setting":"Subduction zone / Oceanic crust (< 15 km)","Tectonic Group":"Subduction","Dominant Rock Type":"Dacite"}},{"type":"Feature","geometry":{"type":"Point","coordinates":[-173.747,-15.854]},"properties":{"Volcano Number":243101,"Volcano Name":"Tafahi","Country":"Tonga","Volcanic Region Group":"Tonga-Kermadec Volcanic Regions","Volcanic Region":"Tofua Volcanic Arc","Volcano Landform":"Composite","Primary Volcano Type":"Stratovolcano","Type Group":"Cone volcanoes","Type Description":"Tall, steep volcanoes often built by alternating lava and ash layers.","Activity Evidence":"Evidence Uncertain","Activity Class":"Uncertain evidence","Last Known Eruption":"Unknown","Eruption Year":null,"Eruption Period":"BCE record","Elevation (m)":546,"Elevation Class":"0-999 m","Tectonic Setting":"Subduction zone / Oceanic crust (< 15 km)","Tectonic Group":"Subduction","Dominant Rock Type":"Andesite / Basaltic Andesite"}},{"type":"Feature","geometry":{"type":"Point","coordinates":[-173.67,-15.62]},"properties":{"Volcano Number":243102,"Volcano Name":"Curacoa","Country":"Tonga","Volcanic Region Group":"Tonga-Kermadec Volcanic Regions","Volcanic Region":"Tofua Volcanic Arc","Volcano Landform":"Composite","Primary Volcano Type":"Complex","Type Group":"Complex volcanoes","Type Description":"Volcanoes with multiple vents, cones, or overlapping eruptive centers.","Activity Evidence":"Eruption Observed","Activity Class":"Observed eruption","Last Known Eruption":"1979 CE","Eruption Year":1979.0,"Eruption Period":"Since 1900","Elevation (m)":-33,"Elevation Class":"Below sea level","Tectonic Setting":"Subduction zone / Oceanic crust (< 15 km)","Tectonic Group":"Subduction","Dominant Rock Type":"Dacite"}},{"type":"Feature","geometry":{"type":"Point","coordinates":[-175.63,-15.6]},"properties":{"Volcano Number":243110,"Volcano Name":"Niuafo'ou","Country":"Tonga","Volcanic Region Group":"Tonga-Kermadec Volcanic Regions","Volcanic Region":"Northeast Lau Basin Volcano Group","Volcano Landform":"Shield","Primary Volcano Type":"Shield","Type Group":"Shield volcanoes","Type Description":"Broad volcanoes formed by fluid lava flows that can spread far from the vent.","Activity Evidence":"Eruption Observed","Activity Class":"Observed eruption","Last Known Eruption":"1946 CE","Eruption Year":1946.0,"Eruption Period":"Since 1900","Elevation (m)":260,"Elevation Class":"0-999 m","Tectonic Setting":"Subduction zone / Oceanic crust (< 15 km)","Tectonic Group":"Subduction","Dominant Rock Type":"Basalt / Picro-Basalt"}},{"type":"Feature","geometry":{"type":"Point","coordinates":[-175.725,-15.431]},"properties":{"Volcano Number":243111,"Volcano Name":"Dugong","Country":"Tonga","Volcanic Region Group":"Tonga-Kermadec Volcanic Regions","Volcanic Region":"Northeast Lau Basin Volcano Group","Volcano Landform":"Shield","Primary Volcano Type":"Shield","Type Group":"Shield volcanoes","Type Description":"Broad volcanoes formed by fluid lava flows that can spread far from the vent.","Activity Evidence":"Evidence Uncertain","Activity Class":"Uncertain evidence","Last Known Eruption":"Unknown","Eruption Year":null,"Eruption Period":"BCE record","Elevation (m)":-1170,"Elevation Class":"Below sea level","Tectonic Setting":null,"Tectonic Group":"Other setting","Dominant Rock Type":null}},{"type":"Feature","geometry":{"type":"Point","coordinates":[-176.283,-15.333]},"properties":{"Volcano Number":243112,"Volcano Name":"Lobster","Country":"Tonga","Volcanic Region Group":"Tonga-Kermadec Volcanic Regions","Volcanic Region":"Northeast Lau Basin Volcano Group","Volcano Landform":"Shield","Primary Volcano Type":"Shield","Type Group":"Shield volcanoes","Type Description":"Broad volcanoes formed by fluid lava flows that can spread far from the vent.","Activity Evidence":"Evidence Uncertain","Activity Class":"Uncertain evidence","Last Known Eruption":"Unknown","Eruption Year":null,"Eruption Period":"BCE record","Elevation (m)":-1500,"Elevation Class":"Below sea level","Tectonic Setting":null,"Tectonic Group":"Other setting","Dominant Rock Type":null}},{"type":"Feature","geometry":{"type":"Point","coordinates":[-174.23,-15.37]},"properties":{"Volcano Number":243120,"Volcano Name":"Tafu-Maka","Country":"Tonga","Volcanic Region Group":"Tonga-Kermadec Volcanic Regions","Volcanic Region":"Northeast Lau Basin Volcano Group","Volcano Landform":"Cluster","Primary Volcano Type":"Fissure vent","Type Group":"Other or unknown","Type Description":"The database lists a less common or unspecified volcano form.","Activity Evidence":"Eruption Observed","Activity Class":"Observed eruption","Last Known Eruption":"2008 CE","Eruption Year":2008.0,"Eruption Period":"Since 1900","Elevation (m)":-1400,"Elevation Class":"Below sea level","Tectonic Setting":"Rift zone / Oceanic crust (< 15 km)","Tectonic Group":"Rift","Dominant Rock Type":"Basalt / Picro-Basalt"}},{"type":"Feature","geometry":{"type":"Point","coordinates":[-173.75,-15.1]},"properties":{"Volcano Number":243130,"Volcano Name":"West Mata","Country":"Tonga","Volcanic Region Group":"Tonga-Kermadec Volcanic Regions","Volcanic Region":"Northeast Lau Basin Volcano Group","Volcano Landform":"Cluster","Primary Volcano Type":"Fissure vent(s)","Type Group":"Fissure vents","Type Description":"Linear cracks where lava erupts along a line rather than from one central cone.","Activity Evidence":"Eruption Observed","Activity Class":"Observed eruption","Last Known Eruption":"2009 CE","Eruption Year":2009.0,"Eruption Period":"Since 1900","Elevation (m)":-1174,"Elevation Class":"Below sea level","Tectonic Setting":"Subduction zone / Oceanic crust (< 15 km)","Tectonic Group":"Subduction","Dominant Rock Type":"Andesite / Basaltic Andesite"}},{"type":"Feature","geometry":{"type":"Point","coordinates":[-174.0028,-15.3675]},"properties":{"Volcano Number":243140,"Volcano Name":"Niuatahi","Country":"Tonga","Volcanic Region Group":"Tonga-Kermadec Volcanic Regions","Volcanic Region":"Northeast Lau Basin Volcano Group","Volcano Landform":"Caldera","Primary Volcano Type":"Caldera","Type Group":"Calderas","Type Description":"Large collapse basins that can form after major eruptions empty magma chambers.","Activity Evidence":"Unrest / Holocene","Activity Class":"Unspecified","Last Known Eruption":"Unknown","Eruption Year":null,"Eruption Period":"BCE record","Elevation (m)":-1270,"Elevation Class":"Below sea level","Tectonic Setting":"Subduction zone / Oceanic crust (< 15 km)","Tectonic Group":"Subduction","Dominant Rock Type":null}},{"type":"Feature","geometry":{"type":"Point","coordinates":[-169.058,-14.215]},"properties":{"Volcano Number":244000,"Volcano Name":"Vailulu'u","Country":"United States","Volcanic Region Group":"Southern Pacific Volcanic Regions","Volcanic Region":"Samoan Hotspot Volcano Group","Volcano Landform":"Shield","Primary Volcano Type":"Shield","Type Group":"Shield volcanoes","Type Description":"Broad volcanoes formed by fluid lava flows that can spread far from the vent.","Activity Evidence":"Eruption Observed","Activity Class":"Observed eruption","Last Known Eruption":"2003 CE","Eruption Year":2003.0,"Eruption Period":"Since 1900","Elevation (m)":-592,"Elevation Class":"Below sea level","Tectonic Setting":"Subduction zone / Oceanic crust (< 15 km)","Tectonic Group":"Subduction","Dominant Rock Type":"Basalt / Picro-Basalt"}},{"type":"Feature","geometry":{"type":"Point","coordinates":[-169.454,-14.23]},"properties":{"Volcano Number":244001,"Volcano Name":"Ta'u","Country":"United States","Volcanic Region Group":"Southern Pacific Volcanic Regions","Volcanic Region":"Samoan Hotspot Volcano Group","Volcano Landform":"Shield","Primary Volcano Type":"Shield","Type Group":"Shield volcanoes","Type Description":"Broad volcanoes formed by fluid lava flows that can spread far from the vent.","Activity Evidence":"Evidence Credible","Activity Class":"Credible evidence","Last Known Eruption":"Unknown","Eruption Year":null,"Eruption Period":"BCE record","Elevation (m)":931,"Elevation Class":"0-999 m","Tectonic Setting":"Subduction zone / Oceanic crust (< 15 km)","Tectonic Group":"Subduction","Dominant Rock Type":"Basalt / Picro-Basalt"}},{"type":"Feature","geometry":{"type":"Point","coordinates":[-169.618,-14.175]},"properties":{"Volcano Number":244010,"Volcano Name":"Ofu-Olosega","Country":"United States","Volcanic Region Group":"Southern Pacific Volcanic Regions","Volcanic Region":"Samoan Hotspot Volcano Group","Volcano Landform":"Shield","Primary Volcano Type":"Shield(s)","Type Group":"Shield volcanoes","Type Description":"Broad volcanoes formed by fluid lava flows that can spread far from the vent.","Activity Evidence":"Eruption Observed","Activity Class":"Observed eruption","Last Known Eruption":"1866 CE","Eruption Year":1866.0,"Eruption Period":"1500-1899","Elevation (m)":639,"Elevation Class":"0-999 m","Tectonic Setting":"Subduction zone / Oceanic crust (< 15 km)","Tectonic Group":"Subduction","Dominant Rock Type":"Basalt / Picro-Basalt"}},{"type":"Feature","geometry":{"type":"Point","coordinates":[-170.7019,-14.2903]},"properties":{"Volcano Number":244020,"Volcano Name":"Tutuila","Country":"United States","Volcanic Region Group":"Southern Pacific Volcanic Regions","Volcanic Region":"Samoan Hotspot Volcano Group","Volcano Landform":"Cluster","Primary Volcano Type":"Tuff cone(s)","Type Group":"Small cones","Type Description":"Smaller volcanic cones or explosion craters formed by ash, cinders, or steam blasts.","Activity Evidence":"Eruption Dated","Activity Class":"Dated eruption","Last Known Eruption":"440 CE","Eruption Year":440.0,"Eruption Period":"1-1499 CE","Elevation (m)":653,"Elevation Class":"0-999 m","Tectonic Setting":"Subduction zone / Oceanic crust (< 15 km)","Tectonic Group":"Subduction","Dominant Rock Type":"Basalt / Picro-Basalt"}},{"type":"Feature","geometry":{"type":"Point","coordinates":[-169.787,-14.601]},"properties":{"Volcano Number":244021,"Volcano Name":"Malumalu","Country":"United States","Volcanic Region Group":"Southern Pacific Volcanic Regions","Volcanic Region":"Samoan Hotspot Volcano Group","Volcano Landform":"Composite","Primary Volcano Type":"Stratovolcano","Type Group":"Cone volcanoes","Type Description":"Tall, steep volcanoes often built by alternating lava and ash layers.","Activity Evidence":"Evidence Credible","Activity Class":"Credible evidence","Last Known Eruption":"Unknown","Eruption Year":null,"Eruption Period":"BCE record","Elevation (m)":-145,"Elevation Class":"Below sea level","Tectonic Setting":"Intraplate / Oceanic crust (< 15 km)","Tectonic Group":"Intraplate","Dominant Rock Type":null}},{"type":"Feature","geometry":{"type":"Point","coordinates":[-171.72,-13.935]},"properties":{"Volcano Number":244030,"Volcano Name":"Upolu","Country":"Samoa","Volcanic Region Group":"Southern Pacific Volcanic Regions","Volcanic Region":"Samoan Hotspot Volcano Group","Volcano Landform":"Shield","Primary Volcano Type":"Shield","Type Group":"Shield volcanoes","Type Description":"Broad volcanoes formed by fluid lava flows that can spread far from the vent.","Activity Evidence":"Evidence Credible","Activity Class":"Credible evidence","Last Known Eruption":"Unknown","Eruption Year":null,"Eruption Period":"BCE record","Elevation (m)":1100,"Elevation Class":"1,000-2,999 m","Tectonic Setting":"Subduction zone / Oceanic crust (< 15 km)","Tectonic Group":"Subduction","Dominant Rock Type":"Basalt / Picro-Basalt"}},{"type":"Feature","geometry":{"type":"Point","coordinates":[-172.525,-13.612]},"properties":{"Volcano Number":244040,"Volcano Name":"Savaii","Country":"Samoa","Volcanic Region Group":"Southern Pacific Volcanic Regions","Volcanic Region":"Samoan Hotspot Volcano Group","Volcano Landform":"Shield","Primary Volcano Type":"Shield","Type Group":"Shield volcanoes","Type Description":"Broad volcanoes formed by fluid lava flows that can spread far from the vent.","Activity Evidence":"Eruption Observed","Activity Class":"Observed eruption","Last Known Eruption":"1911 CE","Eruption Year":1911.0,"Eruption Period":"Since 1900","Elevation (m)":1858,"Elevation Class":"1,000-2,999 m","Tectonic Setting":"Subduction zone / Oceanic crust (< 15 km)","Tectonic Group":"Subduction","Dominant Rock Type":"Basalt / Picro-Basalt"}},{"type":"Feature","geometry":{"type":"Point","coordinates":[-179.9644,-16.8412]},"properties":{"Volcano Number":245010,"Volcano Name":"Taveuni","Country":"Fiji","Volcanic Region Group":"Southwestern Pacific Volcanic Regions","Volcanic Region":"Fiji Volcanic Arc","Volcano Landform":"Shield","Primary Volcano Type":"Shield","Type Group":"Shield volcanoes","Type Description":"Broad volcanoes formed by fluid lava flows that can spread far from the vent.","Activity Evidence":"Eruption Dated","Activity Class":"Dated eruption","Last Known Eruption":"1550 CE","Eruption Year":1550.0,"Eruption Period":"1500-1899","Elevation (m)":1241,"Elevation Class":"1,000-2,999 m","Tectonic Setting":"Subduction zone / Crustal thickness unknown","Tectonic Group":"Subduction","Dominant Rock Type":"Basalt / Picro-Basalt"}},{"type":"Feature","geometry":{"type":"Point","coordinates":[177.9815,-19.1181]},"properties":{"Volcano Number":245030,"Volcano Name":"Nabukelevu","Country":"Fiji","Volcanic Region Group":"Southwestern Pacific Volcanic Regions","Volcanic Region":"Fiji Volcanic Arc","Volcano Landform":"Minor (Silicic)","Primary Volcano Type":"Lava dome(s)","Type Group":"Lava domes","Type Description":"Steep mounds built by thick lava that piles up near the vent.","Activity Evidence":"Eruption Dated","Activity Class":"Dated eruption","Last Known Eruption":"1660 CE","Eruption Year":1660.0,"Eruption Period":"1500-1899","Elevation (m)":791,"Elevation Class":"0-999 m","Tectonic Setting":"Subduction zone / Crustal thickness unknown","Tectonic Group":"Subduction","Dominant Rock Type":"Andesite / Basaltic Andesite"}},{"type":"Feature","geometry":{"type":"Point","coordinates":[147.35,-2.38]},"properties":{"Volcano Number":250010,"Volcano Name":"St. Andrew Strait","Country":"Papua New Guinea","Volcanic Region Group":"Southwestern Pacific Volcanic Regions","Volcanic Region":"Bismarck Sea Volcanic Province","Volcano Landform":"Composite","Primary Volcano Type":"Complex","Type Group":"Complex volcanoes","Type Description":"Volcanoes with multiple vents, cones, or overlapping eruptive centers.","Activity Evidence":"Eruption Observed","Activity Class":"Observed eruption","Last Known Eruption":"1957 CE","Eruption Year":1957.0,"Eruption Period":"Since 1900","Elevation (m)":270,"Elevation Class":"0-999 m","Tectonic Setting":"Subduction zone / Oceanic crust (< 15 km)","Tectonic Group":"Subduction","Dominant Rock Type":"Rhyolite"}},{"type":"Feature","geometry":{"type":"Point","coordinates":[147.78,-3.03]},"properties":{"Volcano Number":250030,"Volcano Name":"Central Bismarck Sea","Country":"Papua New Guinea","Volcanic Region Group":"Southwestern Pacific Volcanic Regions","Volcanic Region":"Bismarck Sea Volcanic Province","Volcano Landform":"Cluster","Primary Volcano Type":"Fissure vent","Type Group":"Other or unknown","Type Description":"The database lists a less common or unspecified volcano form.","Activity Evidence":"Eruption Dated","Activity Class":"Dated eruption","Last Known Eruption":"1972 CE","Eruption Year":1972.0,"Eruption Period":"Since 1900","Elevation (m)":-1300,"Elevation Class":"Below sea level","Tectonic Setting":"Rift zone / Continental crust (>25 km)","Tectonic Group":"Rift","Dominant Rock Type":"No Data (checked)"}},{"type":"Feature","geometry":{"type":"Point","coordinates":[144.605,-3.507]},"properties":{"Volcano Number":251001,"Volcano Name":"Blup Blup","Country":"Papua New Guinea","Volcanic Region Group":"Southwestern Pacific Volcanic Regions","Volcanic Region":"Bismarck Volcanic Arc","Volcano Landform":"Composite","Primary Volcano Type":"Stratovolcano","Type Group":"Cone volcanoes","Type Description":"Tall, steep volcanoes often built by alternating lava and ash layers.","Activity Evidence":"Evidence Credible","Activity Class":"Credible evidence","Last Known Eruption":"Unknown","Eruption Year":null,"Eruption Period":"BCE record","Elevation (m)":402,"Elevation Class":"0-999 m","Tectonic Setting":"Subduction zone / Continental crust (>25 km)","Tectonic Group":"Subduction","Dominant Rock Type":"Andesite / Basaltic Andesite"}},{"type":"Feature","geometry":{"type":"Point","coordinates":[144.588,-3.608]},"properties":{"Volcano Number":251002,"Volcano Name":"Kadovar","Country":"Papua New Guinea","Volcanic Region Group":"Southwestern Pacific Volcanic Regions","Volcanic Region":"Bismarck Volcanic Arc","Volcano Landform":"Composite","Primary Volcano Type":"Stratovolcano","Type Group":"Cone volcanoes","Type Description":"Tall, steep volcanoes often built by alternating lava and ash layers.","Activity Evidence":"Evidence Credible","Activity Class":"Credible evidence","Last Known Eruption":"2023 CE","Eruption Year":2023.0,"Eruption Period":"Since 1900","Elevation (m)":365,"Elevation Class":"0-999 m","Tectonic Setting":"Subduction zone / Continental crust (>25 km)","Tectonic Group":"Subduction","Dominant Rock Type":"Andesite / Basaltic Andesite"}},{"type":"Feature","geometry":{"type":"Point","coordinates":[144.818,-3.613]},"properties":{"Volcano Number":251010,"Volcano Name":"Bam","Country":"Papua New Guinea","Volcanic Region Group":"Southwestern Pacific Volcanic Regions","Volcanic Region":"Bismarck Volcanic Arc","Volcano Landform":"Composite","Primary Volcano Type":"Stratovolcano","Type Group":"Cone volcanoes","Type Description":"Tall, steep volcanoes often built by alternating lava and ash layers.","Activity Evidence":"Eruption Observed","Activity Class":"Observed eruption","Last Known Eruption":"1960 CE","Eruption Year":1960.0,"Eruption Period":"Since 1900","Elevation (m)":685,"Elevation Class":"0-999 m","Tectonic Setting":"Subduction zone / Continental crust (>25 km)","Tectonic Group":"Subduction","Dominant Rock Type":"Andesite / Basaltic Andesite"}},{"type":"Feature","geometry":{"type":"Point","coordinates":[145.037,-4.08]},"properties":{"Volcano Number":251020,"Volcano Name":"Manam","Country":"Papua New Guinea","Volcanic Region Group":"Southwestern Pacific Volcanic Regions","Volcanic Region":"Bismarck Volcanic Arc","Volcano Landform":"Composite","Primary Volcano Type":"Stratovolcano","Type Group":"Cone volcanoes","Type Description":"Tall, steep volcanoes often built by alternating lava and ash layers.","Activity Evidence":"Eruption Observed","Activity Class":"Observed eruption","Last Known Eruption":"2026 CE","Eruption Year":2026.0,"Eruption Period":"Since 1900","Elevation (m)":1807,"Elevation Class":"1,000-2,999 m","Tectonic Setting":"Subduction zone / Continental crust (>25 km)","Tectonic Group":"Subduction","Dominant Rock Type":"Basalt / Picro-Basalt"}},{"type":"Feature","geometry":{"type":"Point","coordinates":[145.976,-4.647]},"properties":{"Volcano Number":251030,"Volcano Name":"Karkar","Country":"Papua New Guinea","Volcanic Region Group":"Southwestern Pacific Volcanic Regions","Volcanic Region":"Bismarck Volcanic Arc","Volcano Landform":"Composite","Primary Volcano Type":"Stratovolcano","Type Group":"Cone volcanoes","Type Description":"Tall, steep volcanoes often built by alternating lava and ash layers.","Activity Evidence":"Eruption Observed","Activity Class":"Observed eruption","Last Known Eruption":"1979 CE","Eruption Year":1979.0,"Eruption Period":"Since 1900","Elevation (m)":1839,"Elevation Class":"1,000-2,999 m","Tectonic Setting":"Subduction zone / Continental crust (>25 km)","Tectonic Group":"Subduction","Dominant Rock Type":"Andesite / Basaltic Andesite"}},{"type":"Feature","geometry":{"type":"Point","coordinates":[146.717,-4.883]},"properties":{"Volcano Number":251041,"Volcano Name":"Hankow Reef","Country":"Papua New Guinea","Volcanic Region Group":"Southwestern Pacific Volcanic Regions","Volcanic Region":"Bismarck Volcanic Arc","Volcano Landform":"Composite","Primary Volcano Type":"Stratovolcano","Type Group":"Cone volcanoes","Type Description":"Tall, steep volcanoes often built by alternating lava and ash layers.","Activity Evidence":"Evidence Uncertain","Activity Class":"Uncertain evidence","Last Known Eruption":"Unknown","Eruption Year":null,"Eruption Period":"BCE record","Elevation (m)":-5,"Elevation Class":"Below sea level","Tectonic Setting":"Subduction zone / Continental crust (>25 km)","Tectonic Group":"Subduction","Dominant Rock Type":"No Data (checked)"}},{"type":"Feature","geometry":{"type":"Point","coordinates":[147.105,-5.3144]},"properties":{"Volcano Number":251050,"Volcano Name":"Long Island","Country":"Papua New Guinea","Volcanic Region Group":"Southwestern Pacific Volcanic Regions","Volcanic Region":"Bismarck Volcanic Arc","Volcano Landform":"Composite","Primary Volcano Type":"Complex","Type Group":"Complex volcanoes","Type Description":"Volcanoes with multiple vents, cones, or overlapping eruptive centers.","Activity Evidence":"Eruption Observed","Activity Class":"Observed eruption","Last Known Eruption":"1993 CE","Eruption Year":1993.0,"Eruption Period":"Since 1900","Elevation (m)":1263,"Elevation Class":"1,000-2,999 m","Tectonic Setting":"Subduction zone / Continental crust (>25 km)","Tectonic Group":"Subduction","Dominant Rock Type":"Andesite / Basaltic Andesite"}},{"type":"Feature","geometry":{"type":"Point","coordinates":[147.892,-5.592]},"properties":{"Volcano Number":251060,"Volcano Name":"Umboi","Country":"Papua New Guinea","Volcanic Region Group":"Southwestern Pacific Volcanic Regions","Volcanic Region":"Bismarck Volcanic Arc","Volcano Landform":"Composite","Primary Volcano Type":"Complex","Type Group":"Complex volcanoes","Type Description":"Volcanoes with multiple vents, cones, or overlapping eruptive centers.","Activity Evidence":"Evidence Credible","Activity Class":"Credible evidence","Last Known Eruption":"Unknown","Eruption Year":null,"Eruption Period":"BCE record","Elevation (m)":1335,"Elevation Class":"1,000-2,999 m","Tectonic Setting":"Subduction zone / Continental crust (>25 km)","Tectonic Group":"Subduction","Dominant Rock Type":"Basalt / Picro-Basalt"}},{"type":"Feature","geometry":{"type":"Point","coordinates":[148.115,-5.519]},"properties":{"Volcano Number":251070,"Volcano Name":"Ritter Island","Country":"Papua New Guinea","Volcanic Region Group":"Southwestern Pacific Volcanic Regions","Volcanic Region":"Bismarck Volcanic Arc","Volcano Landform":"Composite","Primary Volcano Type":"Stratovolcano","Type Group":"Cone volcanoes","Type Description":"Tall, steep volcanoes often built by alternating lava and ash layers.","Activity Evidence":"Eruption Observed","Activity Class":"Observed eruption","Last Known Eruption":"2007 CE","Eruption Year":2007.0,"Eruption Period":"Since 1900","Elevation (m)":75,"Elevation Class":"0-999 m","Tectonic Setting":"Subduction zone / Continental crust (>25 km)","Tectonic Group":"Subduction","Dominant Rock Type":"Basalt / Picro-Basalt"}},{"type":"Feature","geometry":{"type":"Point","coordinates":[148.0836,-5.4098]},"properties":{"Volcano Number":251080,"Volcano Name":"Sakar","Country":"Papua New Guinea","Volcanic Region Group":"Southwestern Pacific Volcanic Regions","Volcanic Region":"Bismarck Volcanic Arc","Volcano Landform":"Composite","Primary Volcano Type":"Stratovolcano","Type Group":"Cone volcanoes","Type Description":"Tall, steep volcanoes often built by alternating lava and ash layers.","Activity Evidence":"Evidence Uncertain","Activity Class":"Uncertain evidence","Last Known Eruption":"Unknown","Eruption Year":null,"Eruption Period":"BCE record","Elevation (m)":947,"Elevation Class":"0-999 m","Tectonic Setting":"Subduction zone / Continental crust (>25 km)","Tectonic Group":"Subduction","Dominant Rock Type":"Basalt / Picro-Basalt"}},{"type":"Feature","geometry":{"type":"Point","coordinates":[148.42,-5.525]},"properties":{"Volcano Number":252010,"Volcano Name":"Langila","Country":"Papua New Guinea","Volcanic Region Group":"Southwestern Pacific Volcanic Regions","Volcanic Region":"Bismarck Volcanic Arc","Volcano Landform":"Composite","Primary Volcano Type":"Complex","Type Group":"Complex volcanoes","Type Description":"Volcanoes with multiple vents, cones, or overlapping eruptive centers.","Activity Evidence":"Eruption Observed","Activity Class":"Observed eruption","Last Known Eruption":"2026 CE","Eruption Year":2026.0,"Eruption Period":"Since 1900","Elevation (m)":1330,"Elevation Class":"1,000-2,999 m","Tectonic Setting":"Subduction zone / Continental crust (>25 km)","Tectonic Group":"Subduction","Dominant Rock Type":"Basalt / Picro-Basalt"}},{"type":"Feature","geometry":{"type":"Point","coordinates":[150.0996,-5.0455]},"properties":{"Volcano Number":252040,"Volcano Name":"Dakataua","Country":"Papua New Guinea","Volcanic Region Group":"Southwestern Pacific Volcanic Regions","Volcanic Region":"Bismarck Volcanic Arc","Volcano Landform":"Caldera","Primary Volcano Type":"Caldera","Type Group":"Calderas","Type Description":"Large collapse basins that can form after major eruptions empty magma chambers.","Activity Evidence":"Eruption Dated","Activity Class":"Dated eruption","Last Known Eruption":"1895 CE","Eruption Year":1895.0,"Eruption Period":"1500-1899","Elevation (m)":408,"Elevation Class":"0-999 m","Tectonic Setting":"Subduction zone / Continental crust (>25 km)","Tectonic Group":"Subduction","Dominant Rock Type":"Andesite / Basaltic Andesite"}},{"type":"Feature","geometry":{"type":"Point","coordinates":[150.038,-5.141]},"properties":{"Volcano Number":252050,"Volcano Name":"Bola","Country":"Papua New Guinea","Volcanic Region Group":"Southwestern Pacific Volcanic Regions","Volcanic Region":"Bismarck Volcanic Arc","Volcano Landform":"Composite","Primary Volcano Type":"Stratovolcano","Type Group":"Cone volcanoes","Type Description":"Tall, steep volcanoes often built by alternating lava and ash layers.","Activity Evidence":"Evidence Credible","Activity Class":"Credible evidence","Last Known Eruption":"Unknown","Eruption Year":null,"Eruption Period":"BCE record","Elevation (m)":1116,"Elevation Class":"1,000-2,999 m","Tectonic Setting":"Subduction zone / Continental crust (>25 km)","Tectonic Group":"Subduction","Dominant Rock Type":"Andesite / Basaltic Andesite"}},{"type":"Feature","geometry":{"type":"Point","coordinates":[150.07,-5.3]},"properties":{"Volcano Number":252060,"Volcano Name":"Garua Harbour","Country":"Papua New Guinea","Volcanic Region Group":"Southwestern Pacific Volcanic Regions","Volcanic Region":"Bismarck Volcanic Arc","Volcano Landform":"Cluster","Primary Volcano Type":"Volcanic field","Type Group":"Volcanic fields","Type Description":"Areas with many vents spread across a wider landscape.","Activity Evidence":"Evidence Uncertain","Activity Class":"Uncertain evidence","Last Known Eruption":"Unknown","Eruption Year":null,"Eruption Period":"BCE record","Elevation (m)":565,"Elevation Class":"0-999 m","Tectonic Setting":"Subduction zone / Continental crust (>25 km)","Tectonic Group":"Subduction","Dominant Rock Type":"Rhyolite"}},{"type":"Feature","geometry":{"type":"Point","coordinates":[150.027,-5.416]},"properties":{"Volcano Number":252070,"Volcano Name":"Krummel-Garbuna-Welcker","Country":"Papua New Guinea","Volcanic Region Group":"Southwestern Pacific Volcanic Regions","Volcanic Region":"Bismarck Volcanic Arc","Volcano Landform":"Composite","Primary Volcano Type":"Stratovolcano(es)","Type Group":"Cone volcanoes","Type Description":"Tall, steep volcanoes often built by alternating lava and ash layers.","Activity Evidence":"Eruption Observed","Activity Class":"Observed eruption","Last Known Eruption":"2008 CE","Eruption Year":2008.0,"Eruption Period":"Since 1900","Elevation (m)":564,"Elevation Class":"0-999 m","Tectonic Setting":"Subduction zone / Continental crust (>25 km)","Tectonic Group":"Subduction","Dominant Rock Type":"Andesite / Basaltic Andesite"}},{"type":"Feature","geometry":{"type":"Point","coordinates":[150.509,-5.466]},"properties":{"Volcano Number":252071,"Volcano Name":"Lolo","Country":"Papua New Guinea","Volcanic Region Group":"Southwestern Pacific Volcanic Regions","Volcanic Region":"Bismarck Volcanic Arc","Volcano Landform":"Composite","Primary Volcano Type":"Stratovolcano","Type Group":"Cone volcanoes","Type Description":"Tall, steep volcanoes often built by alternating lava and ash layers.","Activity Evidence":"Evidence Uncertain","Activity Class":"Uncertain evidence","Last Known Eruption":"Unknown","Eruption Year":null,"Eruption Period":"BCE record","Elevation (m)":796,"Elevation Class":"0-999 m","Tectonic Setting":"Subduction zone / Continental crust (>25 km)","Tectonic Group":"Subduction","Dominant Rock Type":"Andesite / Basaltic Andesite"}},{"type":"Feature","geometry":{"type":"Point","coordinates":[150.5161,-5.5745]},"properties":{"Volcano Number":252080,"Volcano Name":"Witori","Country":"Papua New Guinea","Volcanic Region Group":"Southwestern Pacific Volcanic Regions","Volcanic Region":"Bismarck Volcanic Arc","Volcano Landform":"Caldera","Primary Volcano Type":"Caldera","Type Group":"Calderas","Type Description":"Large collapse basins that can form after major eruptions empty magma chambers.","Activity Evidence":"Eruption Observed","Activity Class":"Observed eruption","Last Known Eruption":"2012 CE","Eruption Year":2012.0,"Eruption Period":"Since 1900","Elevation (m)":724,"Elevation Class":"0-999 m","Tectonic Setting":"Subduction zone / Continental crust (>25 km)","Tectonic Group":"Subduction","Dominant Rock Type":"Dacite"}},{"type":"Feature","geometry":{"type":"Point","coordinates":[150.942,-5.5]},"properties":{"Volcano Number":252090,"Volcano Name":"Sulu Range","Country":"Papua New Guinea","Volcanic Region Group":"Southwestern Pacific Volcanic Regions","Volcanic Region":"Bismarck Volcanic Arc","Volcano Landform":"Composite","Primary Volcano Type":"Stratovolcano(es)","Type Group":"Cone volcanoes","Type Description":"Tall, steep volcanoes often built by alternating lava and ash layers.","Activity Evidence":"Unrest / Holocene","Activity Class":"Unspecified","Last Known Eruption":"Unknown","Eruption Year":null,"Eruption Period":"BCE record","Elevation (m)":610,"Elevation Class":"0-999 m","Tectonic Setting":"Subduction zone / Continental crust (>25 km)","Tectonic Group":"Subduction","Dominant Rock Type":"Andesite / Basaltic Andesite"}},{"type":"Feature","geometry":{"type":"Point","coordinates":[151.1,-5.33]},"properties":{"Volcano Number":252100,"Volcano Name":"Hargy","Country":"Papua New Guinea","Volcanic Region Group":"Southwestern Pacific Volcanic Regions","Volcanic Region":"Bismarck Volcanic Arc","Volcano Landform":"Composite","Primary Volcano Type":"Stratovolcano","Type Group":"Cone volcanoes","Type Description":"Tall, steep volcanoes often built by alternating lava and ash layers.","Activity Evidence":"Eruption Dated","Activity Class":"Dated eruption","Last Known Eruption":"950 CE","Eruption Year":950.0,"Eruption Period":"1-1499 CE","Elevation (m)":1148,"Elevation Class":"1,000-2,999 m","Tectonic Setting":"Subduction zone / Continental crust (>25 km)","Tectonic Group":"Subduction","Dominant Rock Type":"Dacite"}},{"type":"Feature","geometry":{"type":"Point","coordinates":[151.23,-5.2]},"properties":{"Volcano Number":252110,"Volcano Name":"Bamus","Country":"Papua New Guinea","Volcanic Region Group":"Southwestern Pacific Volcanic Regions","Volcanic Region":"Bismarck Volcanic Arc","Volcano Landform":"Composite","Primary Volcano Type":"Stratovolcano","Type Group":"Cone volcanoes","Type Description":"Tall, steep volcanoes often built by alternating lava and ash layers.","Activity Evidence":"Eruption Observed","Activity Class":"Observed eruption","Last Known Eruption":"1886 CE","Eruption Year":1886.0,"Eruption Period":"1500-1899","Elevation (m)":2248,"Elevation Class":"1,000-2,999 m","Tectonic Setting":"Subduction zone / Continental crust (>25 km)","Tectonic Group":"Subduction","Dominant Rock Type":"Andesite / Basaltic Andesite"}},{"type":"Feature","geometry":{"type":"Point","coordinates":[151.33,-5.05]},"properties":{"Volcano Number":252120,"Volcano Name":"Ulawun","Country":"Papua New Guinea","Volcanic Region Group":"Southwestern Pacific Volcanic Regions","Volcanic Region":"Bismarck Volcanic Arc","Volcano Landform":"Composite","Primary Volcano Type":"Stratovolcano","Type Group":"Cone volcanoes","Type Description":"Tall, steep volcanoes often built by alternating lava and ash layers.","Activity Evidence":"Eruption Observed","Activity Class":"Observed eruption","Last Known Eruption":"2025 CE","Eruption Year":2025.0,"Eruption Period":"Since 1900","Elevation (m)":2334,"Elevation Class":"1,000-2,999 m","Tectonic Setting":"Subduction zone / Continental crust (>25 km)","Tectonic Group":"Subduction","Dominant Rock Type":"Basalt / Picro-Basalt"}},{"type":"Feature","geometry":{"type":"Point","coordinates":[151.1617,-4.9156]},"properties":{"Volcano Number":252130,"Volcano Name":"Lolobau","Country":"Papua New Guinea","Volcanic Region Group":"Southwestern Pacific Volcanic Regions","Volcanic Region":"Bismarck Volcanic Arc","Volcano Landform":"Caldera","Primary Volcano Type":"Caldera","Type Group":"Calderas","Type Description":"Large collapse basins that can form after major eruptions empty magma chambers.","Activity Evidence":"Eruption Observed","Activity Class":"Observed eruption","Last Known Eruption":"1912 CE","Eruption Year":1912.0,"Eruption Period":"Since 1900","Elevation (m)":878,"Elevation Class":"0-999 m","Tectonic Setting":"Subduction zone / Continental crust (>25 km)","Tectonic Group":"Subduction","Dominant Rock Type":"Basalt / Picro-Basalt"}},{"type":"Feature","geometry":{"type":"Point","coordinates":[152.1937,-4.2459]},"properties":{"Volcano Number":252140,"Volcano Name":"Rabaul","Country":"Papua New Guinea","Volcanic Region Group":"Southwestern Pacific Volcanic Regions","Volcanic Region":"Bismarck Volcanic Arc","Volcano Landform":"Caldera","Primary Volcano Type":"Caldera","Type Group":"Calderas","Type Description":"Large collapse basins that can form after major eruptions empty magma chambers.","Activity Evidence":"Eruption Observed","Activity Class":"Observed eruption","Last Known Eruption":"2014 CE","Eruption Year":2014.0,"Eruption Period":"Since 1900","Elevation (m)":688,"Elevation Class":"0-999 m","Tectonic Setting":"Subduction zone / Continental crust (>25 km)","Tectonic Group":"Subduction","Dominant Rock Type":"Dacite"}},{"type":"Feature","geometry":{"type":"Point","coordinates":[152.2134,-4.1089]},"properties":{"Volcano Number":252150,"Volcano Name":"Tavui","Country":"Papua New Guinea","Volcanic Region Group":"Southwestern Pacific Volcanic Regions","Volcanic Region":"Bismarck Volcanic Arc","Volcano Landform":"Caldera","Primary Volcano Type":"Caldera","Type Group":"Calderas","Type Description":"Large collapse basins that can form after major eruptions empty magma chambers.","Activity Evidence":"Eruption Dated","Activity Class":"Dated eruption","Last Known Eruption":"4946 BCE","Eruption Year":-4946.0,"Eruption Period":"BCE record","Elevation (m)":200,"Elevation Class":"0-999 m","Tectonic Setting":"Subduction zone / Continental crust (>25 km)","Tectonic Group":"Subduction","Dominant Rock Type":"Rhyolite"}},{"type":"Feature","geometry":{"type":"Point","coordinates":[148.15,-8.95]},"properties":{"Volcano Number":253010,"Volcano Name":"Lamington","Country":"Papua New Guinea","Volcanic Region Group":"Southwestern Pacific Volcanic Regions","Volcanic Region":"Trobriand Volcanic Province","Volcano Landform":"Composite","Primary Volcano Type":"Stratovolcano","Type Group":"Cone volcanoes","Type Description":"Tall, steep volcanoes often built by alternating lava and ash layers.","Activity Evidence":"Eruption Observed","Activity Class":"Observed eruption","Last Known Eruption":"1956 CE","Eruption Year":1956.0,"Eruption Period":"Since 1900","Elevation (m)":1680,"Elevation Class":"1,000-2,999 m","Tectonic Setting":"Subduction zone / Continental crust (>25 km)","Tectonic Group":"Subduction","Dominant Rock Type":"Andesite / Basaltic Andesite"}},{"type":"Feature","geometry":{"type":"Point","coordinates":[148.37,-9.0]},"properties":{"Volcano Number":253011,"Volcano Name":"Hydrographers Range","Country":"Papua New Guinea","Volcanic Region Group":"Southwestern Pacific Volcanic Regions","Volcanic Region":"Trobriand Volcanic Province","Volcano Landform":"Composite","Primary Volcano Type":"Stratovolcano","Type Group":"Cone volcanoes","Type Description":"Tall, steep volcanoes often built by alternating lava and ash layers.","Activity Evidence":"Evidence Credible","Activity Class":"Credible evidence","Last Known Eruption":"Unknown","Eruption Year":null,"Eruption Period":"BCE record","Elevation (m)":1915,"Elevation Class":"1,000-2,999 m","Tectonic Setting":"Subduction zone / Continental crust (>25 km)","Tectonic Group":"Subduction","Dominant Rock Type":"Andesite / Basaltic Andesite"}},{"type":"Feature","geometry":{"type":"Point","coordinates":[148.33,-9.08]},"properties":{"Volcano Number":253021,"Volcano Name":"Managlase Plateau","Country":"Papua New Guinea","Volcanic Region Group":"Southwestern Pacific Volcanic Regions","Volcanic Region":"Trobriand Volcanic Province","Volcano Landform":"Cluster","Primary Volcano Type":"Volcanic field","Type Group":"Volcanic fields","Type Description":"Areas with many vents spread across a wider landscape.","Activity Evidence":"Evidence Credible","Activity Class":"Credible evidence","Last Known Eruption":"Unknown","Eruption Year":null,"Eruption Period":"BCE record","Elevation (m)":1342,"Elevation Class":"1,000-2,999 m","Tectonic Setting":"Subduction zone / Continental crust (>25 km)","Tectonic Group":"Subduction","Dominant Rock Type":"Trachybasalt / Tephrite Basanite"}},{"type":"Feature","geometry":{"type":"Point","coordinates":[149.072,-9.2003]},"properties":{"Volcano Number":253030,"Volcano Name":"Victory","Country":"Papua New Guinea","Volcanic Region Group":"Southwestern Pacific Volcanic Regions","Volcanic Region":"Trobriand Volcanic Province","Volcano Landform":"Composite","Primary Volcano Type":"Stratovolcano","Type Group":"Cone volcanoes","Type Description":"Tall, steep volcanoes often built by alternating lava and ash layers.","Activity Evidence":"Eruption Observed","Activity Class":"Observed eruption","Last Known Eruption":"1935 CE","Eruption Year":1935.0,"Eruption Period":"Since 1900","Elevation (m)":1832,"Elevation Class":"1,000-2,999 m","Tectonic Setting":"Subduction zone / Continental crust (>25 km)","Tectonic Group":"Subduction","Dominant Rock Type":"Andesite / Basaltic Andesite"}},{"type":"Feature","geometry":{"type":"Point","coordinates":[149.1278,-9.5542]},"properties":{"Volcano Number":253040,"Volcano Name":"Sessagara Hills","Country":"Papua New Guinea","Volcanic Region Group":"Southwestern Pacific Volcanic Regions","Volcanic Region":"Trobriand Volcanic Province","Volcano Landform":"Cluster","Primary Volcano Type":"Volcanic field","Type Group":"Volcanic fields","Type Description":"Areas with many vents spread across a wider landscape.","Activity Evidence":"Eruption Observed","Activity Class":"Observed eruption","Last Known Eruption":"1944 CE","Eruption Year":1944.0,"Eruption Period":"Since 1900","Elevation (m)":493,"Elevation Class":"0-999 m","Tectonic Setting":"Subduction zone / Continental crust (>25 km)","Tectonic Group":"Subduction","Dominant Rock Type":"Trachyandesite / Basaltic Trachyandesite"}},{"type":"Feature","geometry":{"type":"Point","coordinates":[150.246,-9.358]},"properties":{"Volcano Number":253041,"Volcano Name":"Goodenough","Country":"Papua New Guinea","Volcanic Region Group":"Southwestern Pacific Volcanic Regions","Volcanic Region":"Trobriand Volcanic Province","Volcano Landform":"Cluster","Primary Volcano Type":"Volcanic field","Type Group":"Volcanic fields","Type Description":"Areas with many vents spread across a wider landscape.","Activity Evidence":"Evidence Credible","Activity Class":"Credible evidence","Last Known Eruption":"Unknown","Eruption Year":null,"Eruption Period":"BCE record","Elevation (m)":220,"Elevation Class":"0-999 m","Tectonic Setting":"Subduction zone / Continental crust (>25 km)","Tectonic Group":"Subduction","Dominant Rock Type":"Andesite / Basaltic Andesite"}},{"type":"Feature","geometry":{"type":"Point","coordinates":[150.5239,-9.5056]},"properties":{"Volcano Number":253050,"Volcano Name":"Iamalele","Country":"Papua New Guinea","Volcanic Region Group":"Southwestern Pacific Volcanic Regions","Volcanic Region":"Trobriand Volcanic Province","Volcano Landform":"Cluster","Primary Volcano Type":"Lava dome(s)","Type Group":"Lava domes","Type Description":"Steep mounds built by thick lava that piles up near the vent.","Activity Evidence":"Evidence Credible","Activity Class":"Credible evidence","Last Known Eruption":"Unknown","Eruption Year":null,"Eruption Period":"BCE record","Elevation (m)":194,"Elevation Class":"0-999 m","Tectonic Setting":"Subduction zone / Continental crust (>25 km)","Tectonic Group":"Subduction","Dominant Rock Type":"Andesite / Basaltic Andesite"}},{"type":"Feature","geometry":{"type":"Point","coordinates":[150.88,-9.62]},"properties":{"Volcano Number":253060,"Volcano Name":"Dawson Strait Group","Country":"Papua New Guinea","Volcanic Region Group":"Southwestern Pacific Volcanic Regions","Volcanic Region":"Trobriand Volcanic Province","Volcano Landform":"Cluster","Primary Volcano Type":"Volcanic field","Type Group":"Volcanic fields","Type Description":"Areas with many vents spread across a wider landscape.","Activity Evidence":"Eruption Dated","Activity Class":"Dated eruption","Last Known Eruption":"1350 CE","Eruption Year":1350.0,"Eruption Period":"1-1499 CE","Elevation (m)":500,"Elevation Class":"0-999 m","Tectonic Setting":"Subduction zone / Continental crust (>25 km)","Tectonic Group":"Subduction","Dominant Rock Type":"Rhyolite"}},{"type":"Feature","geometry":{"type":"Point","coordinates":[155.0008,-5.9156]},"properties":{"Volcano Number":255010,"Volcano Name":"Balbi","Country":"Papua New Guinea","Volcanic Region Group":"Southwestern Pacific Volcanic Regions","Volcanic Region":"Bougainville Volcanic Arc","Volcano Landform":"Composite","Primary Volcano Type":"Stratovolcano","Type Group":"Cone volcanoes","Type Description":"Tall, steep volcanoes often built by alternating lava and ash layers.","Activity Evidence":"Evidence Credible","Activity Class":"Credible evidence","Last Known Eruption":"Unknown","Eruption Year":null,"Eruption Period":"BCE record","Elevation (m)":2715,"Elevation Class":"1,000-2,999 m","Tectonic Setting":"Subduction zone / Crustal thickness unknown","Tectonic Group":"Subduction","Dominant Rock Type":"Andesite / Basaltic Andesite"}},{"type":"Feature","geometry":{"type":"Point","coordinates":[155.2254,-6.0898]},"properties":{"Volcano Number":255011,"Volcano Name":"Billy Mitchell","Country":"Papua New Guinea","Volcanic Region Group":"Southwestern Pacific Volcanic Regions","Volcanic Region":"Bougainville Volcanic Arc","Volcano Landform":"Caldera","Primary Volcano Type":"Caldera","Type Group":"Calderas","Type Description":"Large collapse basins that can form after major eruptions empty magma chambers.","Activity Evidence":"Eruption Dated","Activity Class":"Dated eruption","Last Known Eruption":"1580 CE","Eruption Year":1580.0,"Eruption Period":"1500-1899","Elevation (m)":1544,"Elevation Class":"1,000-2,999 m","Tectonic Setting":"Subduction zone / Crustal thickness unknown","Tectonic Group":"Subduction","Dominant Rock Type":"Andesite / Basaltic Andesite"}},{"type":"Feature","geometry":{"type":"Point","coordinates":[155.196,-6.137]},"properties":{"Volcano Number":255020,"Volcano Name":"Bagana","Country":"Papua New Guinea","Volcanic Region Group":"Southwestern Pacific Volcanic Regions","Volcanic Region":"Bougainville Volcanic Arc","Volcano Landform":"Composite","Primary Volcano Type":"Lava cone","Type Group":"Other or unknown","Type Description":"The database lists a less common or unspecified volcano form.","Activity Evidence":"Eruption Observed","Activity Class":"Observed eruption","Last Known Eruption":"2026 CE","Eruption Year":2026.0,"Eruption Period":"Since 1900","Elevation (m)":1855,"Elevation Class":"1,000-2,999 m","Tectonic Setting":"Subduction zone / Crustal thickness unknown","Tectonic Group":"Subduction","Dominant Rock Type":"Andesite / Basaltic Andesite"}},{"type":"Feature","geometry":{"type":"Point","coordinates":[155.608,-6.442]},"properties":{"Volcano Number":255021,"Volcano Name":"Takuan Group","Country":"Papua New Guinea","Volcanic Region Group":"Southwestern Pacific Volcanic Regions","Volcanic Region":"Bougainville Volcanic Arc","Volcano Landform":"Composite","Primary Volcano Type":"Compound","Type Group":"Other or unknown","Type Description":"The database lists a less common or unspecified volcano form.","Activity Evidence":"Evidence Credible","Activity Class":"Credible evidence","Last Known Eruption":"Unknown","Eruption Year":null,"Eruption Period":"BCE record","Elevation (m)":2210,"Elevation Class":"1,000-2,999 m","Tectonic Setting":"Subduction zone / Crustal thickness unknown","Tectonic Group":"Subduction","Dominant Rock Type":"Andesite / Basaltic Andesite"}},{"type":"Feature","geometry":{"type":"Point","coordinates":[155.62,-6.52]},"properties":{"Volcano Number":255030,"Volcano Name":"Loloru","Country":"Papua New Guinea","Volcanic Region Group":"Southwestern Pacific Volcanic Regions","Volcanic Region":"Bougainville Volcanic Arc","Volcano Landform":"Composite","Primary Volcano Type":"Compound","Type Group":"Other or unknown","Type Description":"The database lists a less common or unspecified volcano form.","Activity Evidence":"Eruption Dated","Activity Class":"Dated eruption","Last Known Eruption":"1050 BCE","Eruption Year":-1050.0,"Eruption Period":"BCE record","Elevation (m)":1887,"Elevation Class":"1,000-2,999 m","Tectonic Setting":"Subduction zone / Crustal thickness unknown","Tectonic Group":"Subduction","Dominant Rock Type":"Andesite / Basaltic Andesite"}},{"type":"Feature","geometry":{"type":"Point","coordinates":[156.52,-8.292]},"properties":{"Volcano Number":255050,"Volcano Name":"Simbo","Country":"Solomon Islands","Volcanic Region Group":"Southwestern Pacific Volcanic Regions","Volcanic Region":"Solomon Volcanic Province","Volcano Landform":"Composite","Primary Volcano Type":"Stratovolcano(es)","Type Group":"Cone volcanoes","Type Description":"Tall, steep volcanoes often built by alternating lava and ash layers.","Activity Evidence":"Eruption Dated","Activity Class":"Dated eruption","Last Known Eruption":"1910 CE","Eruption Year":1910.0,"Eruption Period":"Since 1900","Elevation (m)":335,"Elevation Class":"0-999 m","Tectonic Setting":"Subduction zone / Crustal thickness unknown","Tectonic Group":"Subduction","Dominant Rock Type":"Andesite / Basaltic Andesite"}},{"type":"Feature","geometry":{"type":"Point","coordinates":[157.03,-8.75]},"properties":{"Volcano Number":255052,"Volcano Name":"Kana Keoki","Country":"Solomon Islands","Volcanic Region Group":"Southwestern Pacific Volcanic Regions","Volcanic Region":"Solomon Volcanic Province","Volcano Landform":"Composite","Primary Volcano Type":"Stratovolcano","Type Group":"Cone volcanoes","Type Description":"Tall, steep volcanoes often built by alternating lava and ash layers.","Activity Evidence":"Evidence Credible","Activity Class":"Credible evidence","Last Known Eruption":"Unknown","Eruption Year":null,"Eruption Period":"BCE record","Elevation (m)":-700,"Elevation Class":"Below sea level","Tectonic Setting":"Subduction zone / Crustal thickness unknown","Tectonic Group":"Subduction","Dominant Rock Type":"Dacite"}},{"type":"Feature","geometry":{"type":"Point","coordinates":[157.16,-8.841]},"properties":{"Volcano Number":255053,"Volcano Name":"Coleman Seamount","Country":"Solomon Islands","Volcanic Region Group":"Southwestern Pacific Volcanic Regions","Volcanic Region":"Solomon Volcanic Province","Volcano Landform":"Composite","Primary Volcano Type":"Stratovolcano","Type Group":"Cone volcanoes","Type Description":"Tall, steep volcanoes often built by alternating lava and ash layers.","Activity Evidence":"Evidence Credible","Activity Class":"Credible evidence","Last Known Eruption":"Unknown","Eruption Year":null,"Eruption Period":"BCE record","Elevation (m)":-717,"Elevation Class":"Below sea level","Tectonic Setting":"Subduction zone / Crustal thickness unknown","Tectonic Group":"Subduction","Dominant Rock Type":"No Data (checked)"}},{"type":"Feature","geometry":{"type":"Point","coordinates":[157.979,-8.991]},"properties":{"Volcano Number":255060,"Volcano Name":"Kavachi","Country":"Solomon Islands","Volcanic Region Group":"Southwestern Pacific Volcanic Regions","Volcanic Region":"Solomon Volcanic Province","Volcano Landform":"Composite","Primary Volcano Type":"Stratovolcano","Type Group":"Cone volcanoes","Type Description":"Tall, steep volcanoes often built by alternating lava and ash layers.","Activity Evidence":"Eruption Observed","Activity Class":"Observed eruption","Last Known Eruption":"2014 CE","Eruption Year":2014.0,"Eruption Period":"Since 1900","Elevation (m)":-20,"Elevation Class":"Below sea level","Tectonic Setting":"Subduction zone / Crustal thickness unknown","Tectonic Group":"Subduction","Dominant Rock Type":"Andesite / Basaltic Andesite"}},{"type":"Feature","geometry":{"type":"Point","coordinates":[158.03,-8.92]},"properties":{"Volcano Number":255061,"Volcano Name":"New Georgia at 8.9°S","Country":"Solomon Islands","Volcanic Region Group":"Southwestern Pacific Volcanic Regions","Volcanic Region":"Solomon Volcanic Province","Volcano Landform":"Composite","Primary Volcano Type":"Stratovolcano","Type Group":"Cone volcanoes","Type Description":"Tall, steep volcanoes often built by alternating lava and ash layers.","Activity Evidence":"Evidence Credible","Activity Class":"Credible evidence","Last Known Eruption":"Unknown","Eruption Year":null,"Eruption Period":"BCE record","Elevation (m)":-240,"Elevation Class":"Below sea level","Tectonic Setting":"Subduction zone / Crustal thickness unknown","Tectonic Group":"Subduction","Dominant Rock Type":"Andesite / Basaltic Andesite"}},{"type":"Feature","geometry":{"type":"Point","coordinates":[159.8119,-9.1324]},"properties":{"Volcano Number":255070,"Volcano Name":"Savo","Country":"Solomon Islands","Volcanic Region Group":"Southwestern Pacific Volcanic Regions","Volcanic Region":"Solomon Volcanic Province","Volcano Landform":"Composite","Primary Volcano Type":"Stratovolcano","Type Group":"Cone volcanoes","Type Description":"Tall, steep volcanoes often built by alternating lava and ash layers.","Activity Evidence":"Eruption Observed","Activity Class":"Observed eruption","Last Known Eruption":"1847 CE","Eruption Year":1847.0,"Eruption Period":"1500-1899","Elevation (m)":455,"Elevation Class":"0-999 m","Tectonic Setting":"Subduction zone / Crustal thickness unknown","Tectonic Group":"Subduction","Dominant Rock Type":"Andesite / Basaltic Andesite"}},{"type":"Feature","geometry":{"type":"Point","coordinates":[165.804,-10.386]},"properties":{"Volcano Number":256010,"Volcano Name":"Tinakula","Country":"Solomon Islands","Volcanic Region Group":"Southwestern Pacific Volcanic Regions","Volcanic Region":"Vanuatu Volcanic Arc","Volcano Landform":"Composite","Primary Volcano Type":"Stratovolcano","Type Group":"Cone volcanoes","Type Description":"Tall, steep volcanoes often built by alternating lava and ash layers.","Activity Evidence":"Eruption Observed","Activity Class":"Observed eruption","Last Known Eruption":"2024 CE","Eruption Year":2024.0,"Eruption Period":"Since 1900","Elevation (m)":796,"Elevation Class":"0-999 m","Tectonic Setting":"Subduction zone / Crustal thickness unknown","Tectonic Group":"Subduction","Dominant Rock Type":"Andesite / Basaltic Andesite"}},{"type":"Feature","geometry":{"type":"Point","coordinates":[167.67,-13.67]},"properties":{"Volcano Number":257001,"Volcano Name":"Motlav","Country":"Vanuatu","Volcanic Region Group":"Southwestern Pacific Volcanic Regions","Volcanic Region":"Vanuatu Volcanic Arc","Volcano Landform":"Composite","Primary Volcano Type":"Stratovolcano","Type Group":"Cone volcanoes","Type Description":"Tall, steep volcanoes often built by alternating lava and ash layers.","Activity Evidence":"Evidence Credible","Activity Class":"Credible evidence","Last Known Eruption":"Unknown","Eruption Year":null,"Eruption Period":"BCE record","Elevation (m)":411,"Elevation Class":"0-999 m","Tectonic Setting":"Subduction zone / Intermediate crust (15-25 km)","Tectonic Group":"Subduction","Dominant Rock Type":"Basalt / Picro-Basalt"}},{"type":"Feature","geometry":{"type":"Point","coordinates":[167.47,-13.8]},"properties":{"Volcano Number":257010,"Volcano Name":"Suretamatai","Country":"Vanuatu","Volcanic Region Group":"Southwestern Pacific Volcanic Regions","Volcanic Region":"Vanuatu Volcanic Arc","Volcano Landform":"Composite","Primary Volcano Type":"Complex","Type Group":"Complex volcanoes","Type Description":"Volcanoes with multiple vents, cones, or overlapping eruptive centers.","Activity Evidence":"Eruption Observed","Activity Class":"Observed eruption","Last Known Eruption":"1966 CE","Eruption Year":1966.0,"Eruption Period":"Since 1900","Elevation (m)":921,"Elevation Class":"0-999 m","Tectonic Setting":"Subduction zone / Intermediate crust (15-25 km)","Tectonic Group":"Subduction","Dominant Rock Type":"Andesite / Basaltic Andesite"}},{"type":"Feature","geometry":{"type":"Point","coordinates":[167.514,-14.281]},"properties":{"Volcano Number":257020,"Volcano Name":"Gaua","Country":"Vanuatu","Volcanic Region Group":"Southwestern Pacific Volcanic Regions","Volcanic Region":"Vanuatu Volcanic Arc","Volcano Landform":"Composite","Primary Volcano Type":"Stratovolcano","Type Group":"Cone volcanoes","Type Description":"Tall, steep volcanoes often built by alternating lava and ash layers.","Activity Evidence":"Eruption Observed","Activity Class":"Observed eruption","Last Known Eruption":"2022 CE","Eruption Year":2022.0,"Eruption Period":"Since 1900","Elevation (m)":729,"Elevation Class":"0-999 m","Tectonic Setting":"Subduction zone / Intermediate crust (15-25 km)","Tectonic Group":"Subduction","Dominant Rock Type":"Andesite / Basaltic Andesite"}},{"type":"Feature","geometry":{"type":"Point","coordinates":[167.835,-15.389]},"properties":{"Volcano Number":257030,"Volcano Name":"Ambae","Country":"Vanuatu","Volcanic Region Group":"Southwestern Pacific Volcanic Regions","Volcanic Region":"Vanuatu Volcanic Arc","Volcano Landform":"Shield","Primary Volcano Type":"Shield","Type Group":"Shield volcanoes","Type Description":"Broad volcanoes formed by fluid lava flows that can spread far from the vent.","Activity Evidence":"Eruption Observed","Activity Class":"Observed eruption","Last Known Eruption":"2026 CE","Eruption Year":2026.0,"Eruption Period":"Since 1900","Elevation (m)":1496,"Elevation Class":"1,000-2,999 m","Tectonic Setting":"Subduction zone / Intermediate crust (15-25 km)","Tectonic Group":"Subduction","Dominant Rock Type":"Basalt / Picro-Basalt"}},{"type":"Feature","geometry":{"type":"Point","coordinates":[168.12,-16.25]},"properties":{"Volcano Number":257040,"Volcano Name":"Ambrym","Country":"Vanuatu","Volcanic Region Group":"Southwestern Pacific Volcanic Regions","Volcanic Region":"Vanuatu Volcanic Arc","Volcano Landform":"Shield","Primary Volcano Type":"Shield(pyroclastic)","Type Group":"Other or unknown","Type Description":"The database lists a less common or unspecified volcano form.","Activity Evidence":"Eruption Observed","Activity Class":"Observed eruption","Last Known Eruption":"2024 CE","Eruption Year":2024.0,"Eruption Period":"Since 1900","Elevation (m)":1334,"Elevation Class":"1,000-2,999 m","Tectonic Setting":"Subduction zone / Intermediate crust (15-25 km)","Tectonic Group":"Subduction","Dominant Rock Type":"Basalt / Picro-Basalt"}},{"type":"Feature","geometry":{"type":"Point","coordinates":[168.346,-16.507]},"properties":{"Volcano Number":257050,"Volcano Name":"Lopevi","Country":"Vanuatu","Volcanic Region Group":"Southwestern Pacific Volcanic Regions","Volcanic Region":"Vanuatu Volcanic Arc","Volcano Landform":"Composite","Primary Volcano Type":"Stratovolcano","Type Group":"Cone volcanoes","Type Description":"Tall, steep volcanoes often built by alternating lava and ash layers.","Activity Evidence":"Eruption Observed","Activity Class":"Observed eruption","Last Known Eruption":"2007 CE","Eruption Year":2007.0,"Eruption Period":"Since 1900","Elevation (m)":1413,"Elevation Class":"1,000-2,999 m","Tectonic Setting":"Subduction zone / Intermediate crust (15-25 km)","Tectonic Group":"Subduction","Dominant Rock Type":"Basalt / Picro-Basalt"}},{"type":"Feature","geometry":{"type":"Point","coordinates":[168.3893,-16.6797]},"properties":{"Volcano Number":257060,"Volcano Name":"East Epi","Country":"Vanuatu","Volcanic Region Group":"Southwestern Pacific Volcanic Regions","Volcanic Region":"Vanuatu Volcanic Arc","Volcano Landform":"Cluster","Primary Volcano Type":"Stratovolcano(es)","Type Group":"Cone volcanoes","Type Description":"Tall, steep volcanoes often built by alternating lava and ash layers.","Activity Evidence":"Eruption Observed","Activity Class":"Observed eruption","Last Known Eruption":"2023 CE","Eruption Year":2023.0,"Eruption Period":"Since 1900","Elevation (m)":833,"Elevation Class":"0-999 m","Tectonic Setting":"Subduction zone / Intermediate crust (15-25 km)","Tectonic Group":"Subduction","Dominant Rock Type":"Basalt / Picro-Basalt"}},{"type":"Feature","geometry":{"type":"Point","coordinates":[168.5227,-16.8304]},"properties":{"Volcano Number":257070,"Volcano Name":"Kuwae","Country":"Vanuatu","Volcanic Region Group":"Southwestern Pacific Volcanic Regions","Volcanic Region":"Vanuatu Volcanic Arc","Volcano Landform":"Caldera","Primary Volcano Type":"Caldera","Type Group":"Calderas","Type Description":"Large collapse basins that can form after major eruptions empty magma chambers.","Activity Evidence":"Eruption Observed","Activity Class":"Observed eruption","Last Known Eruption":"1974 CE","Eruption Year":1974.0,"Eruption Period":"Since 1900","Elevation (m)":-2,"Elevation Class":"Below sea level","Tectonic Setting":"Subduction zone / Intermediate crust (15-25 km)","Tectonic Group":"Subduction","Dominant Rock Type":"Basalt / Picro-Basalt"}},{"type":"Feature","geometry":{"type":"Point","coordinates":[168.353,-17.4522]},"properties":{"Volcano Number":257081,"Volcano Name":"Nguna-Emau","Country":"Vanuatu","Volcanic Region Group":"Southwestern Pacific Volcanic Regions","Volcanic Region":"Vanuatu Volcanic Arc","Volcano Landform":"Composite","Primary Volcano Type":"Stratovolcano(es)","Type Group":"Cone volcanoes","Type Description":"Tall, steep volcanoes often built by alternating lava and ash layers.","Activity Evidence":"Evidence Credible","Activity Class":"Credible evidence","Last Known Eruption":"Unknown","Eruption Year":null,"Eruption Period":"BCE record","Elevation (m)":589,"Elevation Class":"0-999 m","Tectonic Setting":"Subduction zone / Intermediate crust (15-25 km)","Tectonic Group":"Subduction","Dominant Rock Type":"Basalt / Picro-Basalt"}},{"type":"Feature","geometry":{"type":"Point","coordinates":[169.238,-18.754]},"properties":{"Volcano Number":257090,"Volcano Name":"Traitor's Head","Country":"Vanuatu","Volcanic Region Group":"Southwestern Pacific Volcanic Regions","Volcanic Region":"Vanuatu Volcanic Arc","Volcano Landform":"Composite","Primary Volcano Type":"Stratovolcano","Type Group":"Cone volcanoes","Type Description":"Tall, steep volcanoes often built by alternating lava and ash layers.","Activity Evidence":"Eruption Observed","Activity Class":"Observed eruption","Last Known Eruption":"1881 CE","Eruption Year":1881.0,"Eruption Period":"1500-1899","Elevation (m)":817,"Elevation Class":"0-999 m","Tectonic Setting":"Subduction zone / Intermediate crust (15-25 km)","Tectonic Group":"Subduction","Dominant Rock Type":"Basalt / Picro-Basalt"}},{"type":"Feature","geometry":{"type":"Point","coordinates":[169.447,-19.532]},"properties":{"Volcano Number":257100,"Volcano Name":"Yasur","Country":"Vanuatu","Volcanic Region Group":"Southwestern Pacific Volcanic Regions","Volcanic Region":"Vanuatu Volcanic Arc","Volcano Landform":"Composite","Primary Volcano Type":"Stratovolcano","Type Group":"Cone volcanoes","Type Description":"Tall, steep volcanoes often built by alternating lava and ash layers.","Activity Evidence":"Eruption Observed","Activity Class":"Observed eruption","Last Known Eruption":"2026 CE","Eruption Year":2026.0,"Eruption Period":"Since 1900","Elevation (m)":361,"Elevation Class":"0-999 m","Tectonic Setting":"Subduction zone / Intermediate crust (15-25 km)","Tectonic Group":"Subduction","Dominant Rock Type":"Andesite / Basaltic Andesite"}},{"type":"Feature","geometry":{"type":"Point","coordinates":[170.13,-20.957]},"properties":{"Volcano Number":258001,"Volcano Name":"Gemini-Oscostar","Country":"Vanuatu","Volcanic Region Group":"Southwestern Pacific Volcanic Regions","Volcanic Region":"Vanuatu Volcanic Arc","Volcano Landform":"Cluster","Primary Volcano Type":"Stratovolcano","Type Group":"Cone volcanoes","Type Description":"Tall, steep volcanoes often built by alternating lava and ash layers.","Activity Evidence":"Eruption Observed","Activity Class":"Observed eruption","Last Known Eruption":"1996 CE","Eruption Year":1996.0,"Eruption Period":"Since 1900","Elevation (m)":-33,"Elevation Class":"Below sea level","Tectonic Setting":"Rift zone / Oceanic crust (< 15 km)","Tectonic Group":"Rift","Dominant Rock Type":"Basalt / Picro-Basalt"}},{"type":"Feature","geometry":{"type":"Point","coordinates":[171.32,-22.33]},"properties":{"Volcano Number":258010,"Volcano Name":"Matthew Island","Country":"France - claimed by Vanuatu","Volcanic Region Group":"Southwestern Pacific Volcanic Regions","Volcanic Region":"Vanuatu Volcanic Arc","Volcano Landform":"Composite","Primary Volcano Type":"Stratovolcano","Type Group":"Cone volcanoes","Type Description":"Tall, steep volcanoes often built by alternating lava and ash layers.","Activity Evidence":"Eruption Observed","Activity Class":"Observed eruption","Last Known Eruption":"1956 CE","Eruption Year":1956.0,"Eruption Period":"Since 1900","Elevation (m)":177,"Elevation Class":"0-999 m","Tectonic Setting":"Subduction zone / Crustal thickness unknown","Tectonic Group":"Subduction","Dominant Rock Type":"Andesite / Basaltic Andesite"}},{"type":"Feature","geometry":{"type":"Point","coordinates":[172.05,-22.4]},"properties":{"Volcano Number":258020,"Volcano Name":"Hunter Island","Country":"France - claimed by Vanuatu","Volcanic Region Group":"Southwestern Pacific Volcanic Regions","Volcanic Region":"Vanuatu Volcanic Arc","Volcano Landform":"Composite","Primary Volcano Type":"Stratovolcano","Type Group":"Cone volcanoes","Type Description":"Tall, steep volcanoes often built by alternating lava and ash layers.","Activity Evidence":"Eruption Observed","Activity Class":"Observed eruption","Last Known Eruption":"1903 CE","Eruption Year":1903.0,"Eruption Period":"Since 1900","Elevation (m)":297,"Elevation Class":"0-999 m","Tectonic Setting":"Subduction zone / Crustal thickness unknown","Tectonic Group":"Subduction","Dominant Rock Type":"Andesite / Basaltic Andesite"}},{"type":"Feature","geometry":{"type":"Point","coordinates":[142.5,-37.77]},"properties":{"Volcano Number":259010,"Volcano Name":"Newer Volcanics Province","Country":"Australia","Volcanic Region Group":"Eastern Australia Volcanic Regions","Volcanic Region":"Southeastern Australia Volcanic Province","Volcano Landform":"Cluster","Primary Volcano Type":"Volcanic field","Type Group":"Volcanic fields","Type Description":"Areas with many vents spread across a wider landscape.","Activity Evidence":"Eruption Dated","Activity Class":"Dated eruption","Last Known Eruption":"2900 BCE","Eruption Year":-2900.0,"Eruption Period":"BCE record","Elevation (m)":1011,"Elevation Class":"1,000-2,999 m","Tectonic Setting":"Intraplate / Continental crust (>25 km)","Tectonic Group":"Intraplate","Dominant Rock Type":"Trachybasalt / Tephrite Basanite"}},{"type":"Feature","geometry":{"type":"Point","coordinates":[144.567,-18.367]},"properties":{"Volcano Number":259804,"Volcano Name":"McBride Volcanic Province","Country":"Australia","Volcanic Region Group":"Eastern Australia Volcanic Regions","Volcanic Region":"Northeastern Australia Volcanic Province","Volcano Landform":"Cluster","Primary Volcano Type":"Volcanic field","Type Group":"Volcanic fields","Type Description":"Areas with many vents spread across a wider landscape.","Activity Evidence":"Eruption Dated","Activity Class":"Dated eruption","Last Known Eruption":"5050 BCE","Eruption Year":-5050.0,"Eruption Period":"BCE record","Elevation (m)":1020,"Elevation Class":"1,000-2,999 m","Tectonic Setting":"Intraplate / Continental crust (>25 km)","Tectonic Group":"Intraplate","Dominant Rock Type":null}},{"type":"Feature","geometry":{"type":"Point","coordinates":[93.858,12.278]},"properties":{"Volcano Number":260010,"Volcano Name":"Barren Island","Country":"India","Volcanic Region Group":"Sunda-Banda Volcanic Regions","Volcanic Region":"Andaman Volcanic Province","Volcano Landform":"Composite","Primary Volcano Type":"Stratovolcano","Type Group":"Cone volcanoes","Type Description":"Tall, steep volcanoes often built by alternating lava and ash layers.","Activity Evidence":"Eruption Observed","Activity Class":"Observed eruption","Last Known Eruption":"2026 CE","Eruption Year":2026.0,"Eruption Period":"Since 1900","Elevation (m)":354,"Elevation Class":"0-999 m","Tectonic Setting":"Subduction zone / Continental crust (>25 km)","Tectonic Group":"Subduction","Dominant Rock Type":"Basalt / Picro-Basalt"}},{"type":"Feature","geometry":{"type":"Point","coordinates":[96.289,4.903]},"properties":{"Volcano Number":261030,"Volcano Name":"Peuet Sague","Country":"Indonesia","Volcanic Region Group":"Sunda-Banda Volcanic Regions","Volcanic Region":"Sunda Volcanic Arc","Volcano Landform":"Composite","Primary Volcano Type":"Complex","Type Group":"Complex volcanoes","Type Description":"Volcanoes with multiple vents, cones, or overlapping eruptive centers.","Activity Evidence":"Eruption Observed","Activity Class":"Observed eruption","Last Known Eruption":"2000 CE","Eruption Year":2000.0,"Eruption Period":"Since 1900","Elevation (m)":2785,"Elevation Class":"1,000-2,999 m","Tectonic Setting":"Subduction zone / Continental crust (>25 km)","Tectonic Group":"Subduction","Dominant Rock Type":"Andesite / Basaltic Andesite"}},{"type":"Feature","geometry":{"type":"Point","coordinates":[96.821,4.769]},"properties":{"Volcano Number":261050,"Volcano Name":"Telong, Bur ni","Country":"Indonesia","Volcanic Region Group":"Sunda-Banda Volcanic Regions","Volcanic Region":"Sunda Volcanic Arc","Volcano Landform":"Composite","Primary Volcano Type":"Stratovolcano","Type Group":"Cone volcanoes","Type Description":"Tall, steep volcanoes often built by alternating lava and ash layers.","Activity Evidence":"Eruption Observed","Activity Class":"Observed eruption","Last Known Eruption":"1937 CE","Eruption Year":1937.0,"Eruption Period":"Since 1900","Elevation (m)":2617,"Elevation Class":"1,000-2,999 m","Tectonic Setting":"Subduction zone / Continental crust (>25 km)","Tectonic Group":"Subduction","Dominant Rock Type":"Andesite / Basaltic Andesite"}},{"type":"Feature","geometry":{"type":"Point","coordinates":[98.5127,3.2379]},"properties":{"Volcano Number":261070,"Volcano Name":"Singkut","Country":"Indonesia","Volcanic Region Group":"Sunda-Banda Volcanic Regions","Volcanic Region":"Sunda Volcanic Arc","Volcano Landform":"Caldera","Primary Volcano Type":"Caldera(s)","Type Group":"Other or unknown","Type Description":"The database lists a less common or unspecified volcano form.","Activity Evidence":"Eruption Observed","Activity Class":"Observed eruption","Last Known Eruption":"1881 CE","Eruption Year":1881.0,"Eruption Period":"1500-1899","Elevation (m)":2181,"Elevation Class":"1,000-2,999 m","Tectonic Setting":"Subduction zone / Continental crust (>25 km)","Tectonic Group":"Subduction","Dominant Rock Type":"Andesite / Basaltic Andesite"}},{"type":"Feature","geometry":{"type":"Point","coordinates":[98.392,3.17]},"properties":{"Volcano Number":261080,"Volcano Name":"Sinabung","Country":"Indonesia","Volcanic Region Group":"Sunda-Banda Volcanic Regions","Volcanic Region":"Sunda Volcanic Arc","Volcano Landform":"Composite","Primary Volcano Type":"Stratovolcano","Type Group":"Cone volcanoes","Type Description":"Tall, steep volcanoes often built by alternating lava and ash layers.","Activity Evidence":"Eruption Observed","Activity Class":"Observed eruption","Last Known Eruption":"2021 CE","Eruption Year":2021.0,"Eruption Period":"Since 1900","Elevation (m)":2460,"Elevation Class":"1,000-2,999 m","Tectonic Setting":"Subduction zone / Continental crust (>25 km)","Tectonic Group":"Subduction","Dominant Rock Type":"Andesite / Basaltic Andesite"}},{"type":"Feature","geometry":{"type":"Point","coordinates":[99.5409,0.6834]},"properties":{"Volcano Number":261120,"Volcano Name":"Sorikmarapi","Country":"Indonesia","Volcanic Region Group":"Sunda-Banda Volcanic Regions","Volcanic Region":"Sunda Volcanic Arc","Volcano Landform":"Composite","Primary Volcano Type":"Stratovolcano","Type Group":"Cone volcanoes","Type Description":"Tall, steep volcanoes often built by alternating lava and ash layers.","Activity Evidence":"Eruption Observed","Activity Class":"Observed eruption","Last Known Eruption":"1986 CE","Eruption Year":1986.0,"Eruption Period":"Since 1900","Elevation (m)":2145,"Elevation Class":"1,000-2,999 m","Tectonic Setting":"Subduction zone / Continental crust (>25 km)","Tectonic Group":"Subduction","Dominant Rock Type":"Andesite / Basaltic Andesite"}},{"type":"Feature","geometry":{"type":"Point","coordinates":[99.6628,0.4756]},"properties":{"Volcano Number":261121,"Volcano Name":"Malintang","Country":"Indonesia","Volcanic Region Group":"Sunda-Banda Volcanic Regions","Volcanic Region":"Sunda Volcanic Arc","Volcano Landform":"Composite","Primary Volcano Type":"Stratovolcano","Type Group":"Cone volcanoes","Type Description":"Tall, steep volcanoes often built by alternating lava and ash layers.","Activity Evidence":"Evidence Credible","Activity Class":"Credible evidence","Last Known Eruption":"Unknown","Eruption Year":null,"Eruption Period":"BCE record","Elevation (m)":1988,"Elevation Class":"1,000-2,999 m","Tectonic Setting":"Subduction zone / Continental crust (>25 km)","Tectonic Group":"Subduction","Dominant Rock Type":"Andesite / Basaltic Andesite"}},{"type":"Feature","geometry":{"type":"Point","coordinates":[99.984,0.0787]},"properties":{"Volcano Number":261130,"Volcano Name":"Talakmau","Country":"Indonesia","Volcanic Region Group":"Sunda-Banda Volcanic Regions","Volcanic Region":"Sunda Volcanic Arc","Volcano Landform":"Composite","Primary Volcano Type":"Complex","Type Group":"Complex volcanoes","Type Description":"Volcanoes with multiple vents, cones, or overlapping eruptive centers.","Activity Evidence":"Evidence Credible","Activity Class":"Credible evidence","Last Known Eruption":"Unknown","Eruption Year":null,"Eruption Period":"BCE record","Elevation (m)":2911,"Elevation Class":"1,000-2,999 m","Tectonic Setting":"Subduction zone / Continental crust (>25 km)","Tectonic Group":"Subduction","Dominant Rock Type":"Andesite / Basaltic Andesite"}},{"type":"Feature","geometry":{"type":"Point","coordinates":[100.474,-0.38]},"properties":{"Volcano Number":261140,"Volcano Name":"Marapi","Country":"Indonesia","Volcanic Region Group":"Sunda-Banda Volcanic Regions","Volcanic Region":"Sunda Volcanic Arc","Volcano Landform":"Composite","Primary Volcano Type":"Complex","Type Group":"Complex volcanoes","Type Description":"Volcanoes with multiple vents, cones, or overlapping eruptive centers.","Activity Evidence":"Eruption Observed","Activity Class":"Observed eruption","Last Known Eruption":"2026 CE","Eruption Year":2026.0,"Eruption Period":"Since 1900","Elevation (m)":2885,"Elevation Class":"1,000-2,999 m","Tectonic Setting":"Subduction zone / Continental crust (>25 km)","Tectonic Group":"Subduction","Dominant Rock Type":"Andesite / Basaltic Andesite"}},{"type":"Feature","geometry":{"type":"Point","coordinates":[100.3192,-0.4311]},"properties":{"Volcano Number":261150,"Volcano Name":"Tandikat-Singgalang","Country":"Indonesia","Volcanic Region Group":"Sunda-Banda Volcanic Regions","Volcanic Region":"Sunda Volcanic Arc","Volcano Landform":"Composite","Primary Volcano Type":"Stratovolcano(es)","Type Group":"Cone volcanoes","Type Description":"Tall, steep volcanoes often built by alternating lava and ash layers.","Activity Evidence":"Eruption Observed","Activity Class":"Observed eruption","Last Known Eruption":"1924 CE","Eruption Year":1924.0,"Eruption Period":"Since 1900","Elevation (m)":2879,"Elevation Class":"1,000-2,999 m","Tectonic Setting":"Subduction zone / Continental crust (>25 km)","Tectonic Group":"Subduction","Dominant Rock Type":"Andesite / Basaltic Andesite"}},{"type":"Feature","geometry":{"type":"Point","coordinates":[100.681,-0.979]},"properties":{"Volcano Number":261160,"Volcano Name":"Talang","Country":"Indonesia","Volcanic Region Group":"Sunda-Banda Volcanic Regions","Volcanic Region":"Sunda Volcanic Arc","Volcano Landform":"Composite","Primary Volcano Type":"Stratovolcano","Type Group":"Cone volcanoes","Type Description":"Tall, steep volcanoes often built by alternating lava and ash layers.","Activity Evidence":"Eruption Observed","Activity Class":"Observed eruption","Last Known Eruption":"2007 CE","Eruption Year":2007.0,"Eruption Period":"Since 1900","Elevation (m)":2575,"Elevation Class":"1,000-2,999 m","Tectonic Setting":"Subduction zone / Continental crust (>25 km)","Tectonic Group":"Subduction","Dominant Rock Type":"Andesite / Basaltic Andesite"}},{"type":"Feature","geometry":{"type":"Point","coordinates":[101.264,-1.697]},"properties":{"Volcano Number":261170,"Volcano Name":"Kerinci","Country":"Indonesia","Volcanic Region Group":"Sunda-Banda Volcanic Regions","Volcanic Region":"Sunda Volcanic Arc","Volcano Landform":"Composite","Primary Volcano Type":"Stratovolcano","Type Group":"Cone volcanoes","Type Description":"Tall, steep volcanoes often built by alternating lava and ash layers.","Activity Evidence":"Eruption Observed","Activity Class":"Observed eruption","Last Known Eruption":"2024 CE","Eruption Year":2024.0,"Eruption Period":"Since 1900","Elevation (m)":3800,"Elevation Class":"3,000 m and above","Tectonic Setting":"Subduction zone / Continental crust (>25 km)","Tectonic Group":"Subduction","Dominant Rock Type":"Andesite / Basaltic Andesite"}},{"type":"Feature","geometry":{"type":"Point","coordinates":[101.728,-2.414]},"properties":{"Volcano Number":261180,"Volcano Name":"Sumbing","Country":"Indonesia","Volcanic Region Group":"Sunda-Banda Volcanic Regions","Volcanic Region":"Sunda Volcanic Arc","Volcano Landform":"Composite","Primary Volcano Type":"Stratovolcano","Type Group":"Cone volcanoes","Type Description":"Tall, steep volcanoes often built by alternating lava and ash layers.","Activity Evidence":"Eruption Observed","Activity Class":"Observed eruption","Last Known Eruption":"1921 CE","Eruption Year":1921.0,"Eruption Period":"Since 1900","Elevation (m)":2507,"Elevation Class":"1,000-2,999 m","Tectonic Setting":"Subduction zone / Continental crust (>25 km)","Tectonic Group":"Subduction","Dominant Rock Type":"Andesite / Basaltic Andesite"}},{"type":"Feature","geometry":{"type":"Point","coordinates":[102.6261,-3.5156]},"properties":{"Volcano Number":261220,"Volcano Name":"Kaba","Country":"Indonesia","Volcanic Region Group":"Sunda-Banda Volcanic Regions","Volcanic Region":"Sunda Volcanic Arc","Volcano Landform":"Composite","Primary Volcano Type":"Stratovolcano","Type Group":"Cone volcanoes","Type Description":"Tall, steep volcanoes often built by alternating lava and ash layers.","Activity Evidence":"Eruption Observed","Activity Class":"Observed eruption","Last Known Eruption":"2000 CE","Eruption Year":2000.0,"Eruption Period":"Since 1900","Elevation (m)":1962,"Elevation Class":"1,000-2,999 m","Tectonic Setting":"Subduction zone / Continental crust (>25 km)","Tectonic Group":"Subduction","Dominant Rock Type":"Andesite / Basaltic Andesite"}},{"type":"Feature","geometry":{"type":"Point","coordinates":[103.121,-4.016]},"properties":{"Volcano Number":261230,"Volcano Name":"Dempo","Country":"Indonesia","Volcanic Region Group":"Sunda-Banda Volcanic Regions","Volcanic Region":"Sunda Volcanic Arc","Volcano Landform":"Composite","Primary Volcano Type":"Stratovolcano(es)","Type Group":"Cone volcanoes","Type Description":"Tall, steep volcanoes often built by alternating lava and ash layers.","Activity Evidence":"Eruption Observed","Activity Class":"Observed eruption","Last Known Eruption":"2025 CE","Eruption Year":2025.0,"Eruption Period":"Since 1900","Elevation (m)":3142,"Elevation Class":"3,000 m and above","Tectonic Setting":"Subduction zone / Continental crust (>25 km)","Tectonic Group":"Subduction","Dominant Rock Type":"Andesite / Basaltic Andesite"}},{"type":"Feature","geometry":{"type":"Point","coordinates":[103.306,-4.257]},"properties":{"Volcano Number":261231,"Volcano Name":"Patah","Country":"Indonesia","Volcanic Region Group":"Sunda-Banda Volcanic Regions","Volcanic Region":"Sunda Volcanic Arc","Volcano Landform":"Composite","Primary Volcano Type":"Stratovolcano?","Type Group":"Other or unknown","Type Description":"The database lists a less common or unspecified volcano form.","Activity Evidence":"Unrest / Holocene","Activity Class":"Unspecified","Last Known Eruption":"Unknown","Eruption Year":null,"Eruption Period":"BCE record","Elevation (m)":2836,"Elevation Class":"1,000-2,999 m","Tectonic Setting":"Subduction zone / Continental crust (>25 km)","Tectonic Group":"Subduction","Dominant Rock Type":"No Data (checked)"}},{"type":"Feature","geometry":{"type":"Point","coordinates":[103.925,-4.871]},"properties":{"Volcano Number":261251,"Volcano Name":"Ranau","Country":"Indonesia","Volcanic Region Group":"Sunda-Banda Volcanic Regions","Volcanic Region":"Sunda Volcanic Arc","Volcano Landform":"Caldera","Primary Volcano Type":"Caldera","Type Group":"Calderas","Type Description":"Large collapse basins that can form after major eruptions empty magma chambers.","Activity Evidence":"Evidence Uncertain","Activity Class":"Uncertain evidence","Last Known Eruption":"Unknown","Eruption Year":null,"Eruption Period":"BCE record","Elevation (m)":1854,"Elevation Class":"1,000-2,999 m","Tectonic Setting":"Subduction zone / Continental crust (>25 km)","Tectonic Group":"Subduction","Dominant Rock Type":"Dacite"}},{"type":"Feature","geometry":{"type":"Point","coordinates":[104.27,-5.25]},"properties":{"Volcano Number":261270,"Volcano Name":"Suoh","Country":"Indonesia","Volcanic Region Group":"Sunda-Banda Volcanic Regions","Volcanic Region":"Sunda Volcanic Arc","Volcano Landform":"Cluster","Primary Volcano Type":"Caldera(s)","Type Group":"Other or unknown","Type Description":"The database lists a less common or unspecified volcano form.","Activity Evidence":"Eruption Observed","Activity Class":"Observed eruption","Last Known Eruption":"2024 CE","Eruption Year":2024.0,"Eruption Period":"Since 1900","Elevation (m)":1000,"Elevation Class":"1,000-2,999 m","Tectonic Setting":"Subduction zone / Continental crust (>25 km)","Tectonic Group":"Subduction","Dominant Rock Type":"No Data (checked)"}},{"type":"Feature","geometry":{"type":"Point","coordinates":[105.4233,-6.1009]},"properties":{"Volcano Number":262000,"Volcano Name":"Krakatau","Country":"Indonesia","Volcanic Region Group":"Sunda-Banda Volcanic Regions","Volcanic Region":"Sunda Volcanic Arc","Volcano Landform":"Caldera","Primary Volcano Type":"Caldera","Type Group":"Calderas","Type Description":"Large collapse basins that can form after major eruptions empty magma chambers.","Activity Evidence":"Eruption Observed","Activity Class":"Observed eruption","Last Known Eruption":"2024 CE","Eruption Year":2024.0,"Eruption Period":"Since 1900","Elevation (m)":285,"Elevation Class":"0-999 m","Tectonic Setting":"Subduction zone / Continental crust (>25 km)","Tectonic Group":"Subduction","Dominant Rock Type":"Andesite / Basaltic Andesite"}},{"type":"Feature","geometry":{"type":"Point","coordinates":[105.978,-6.343]},"properties":{"Volcano Number":263010,"Volcano Name":"Pulosari","Country":"Indonesia","Volcanic Region Group":"Sunda-Banda Volcanic Regions","Volcanic Region":"Sunda Volcanic Arc","Volcano Landform":"Composite","Primary Volcano Type":"Stratovolcano","Type Group":"Cone volcanoes","Type Description":"Tall, steep volcanoes often built by alternating lava and ash layers.","Activity Evidence":"Evidence Credible","Activity Class":"Credible evidence","Last Known Eruption":"Unknown","Eruption Year":null,"Eruption Period":"BCE record","Elevation (m)":1324,"Elevation Class":"1,000-2,999 m","Tectonic Setting":"Subduction zone / Continental crust (>25 km)","Tectonic Group":"Subduction","Dominant Rock Type":"Andesite / Basaltic Andesite"}},{"type":"Feature","geometry":{"type":"Point","coordinates":[106.05,-6.268]},"properties":{"Volcano Number":263020,"Volcano Name":"Karang","Country":"Indonesia","Volcanic Region Group":"Sunda-Banda Volcanic Regions","Volcanic Region":"Sunda Volcanic Arc","Volcano Landform":"Composite","Primary Volcano Type":"Stratovolcano","Type Group":"Cone volcanoes","Type Description":"Tall, steep volcanoes often built by alternating lava and ash layers.","Activity Evidence":"Evidence Uncertain","Activity Class":"Uncertain evidence","Last Known Eruption":"Unknown","Eruption Year":null,"Eruption Period":"BCE record","Elevation (m)":1768,"Elevation Class":"1,000-2,999 m","Tectonic Setting":"Subduction zone / Continental crust (>25 km)","Tectonic Group":"Subduction","Dominant Rock Type":"Andesite / Basaltic Andesite"}},{"type":"Feature","geometry":{"type":"Point","coordinates":[106.675,-6.75]},"properties":{"Volcano Number":263040,"Volcano Name":"Perbakti-Gagak","Country":"Indonesia","Volcanic Region Group":"Sunda-Banda Volcanic Regions","Volcanic Region":"Sunda Volcanic Arc","Volcano Landform":"Composite","Primary Volcano Type":"Stratovolcano(es)","Type Group":"Cone volcanoes","Type Description":"Tall, steep volcanoes often built by alternating lava and ash layers.","Activity Evidence":"Eruption Observed","Activity Class":"Observed eruption","Last Known Eruption":"1939 CE","Eruption Year":1939.0,"Eruption Period":"Since 1900","Elevation (m)":1726,"Elevation Class":"1,000-2,999 m","Tectonic Setting":"Subduction zone / Continental crust (>25 km)","Tectonic Group":"Subduction","Dominant Rock Type":"Andesite / Basaltic Andesite"}},{"type":"Feature","geometry":{"type":"Point","coordinates":[106.733,-6.716]},"properties":{"Volcano Number":263050,"Volcano Name":"Salak","Country":"Indonesia","Volcanic Region Group":"Sunda-Banda Volcanic Regions","Volcanic Region":"Sunda Volcanic Arc","Volcano Landform":"Composite","Primary Volcano Type":"Stratovolcano","Type Group":"Cone volcanoes","Type Description":"Tall, steep volcanoes often built by alternating lava and ash layers.","Activity Evidence":"Eruption Observed","Activity Class":"Observed eruption","Last Known Eruption":"1938 CE","Eruption Year":1938.0,"Eruption Period":"Since 1900","Elevation (m)":2218,"Elevation Class":"1,000-2,999 m","Tectonic Setting":"Subduction zone / Continental crust (>25 km)","Tectonic Group":"Subduction","Dominant Rock Type":"Andesite / Basaltic Andesite"}},{"type":"Feature","geometry":{"type":"Point","coordinates":[106.983,-6.786]},"properties":{"Volcano Number":263060,"Volcano Name":"Gede-Pangrango","Country":"Indonesia","Volcanic Region Group":"Sunda-Banda Volcanic Regions","Volcanic Region":"Sunda Volcanic Arc","Volcano Landform":"Composite","Primary Volcano Type":"Stratovolcano(es)","Type Group":"Cone volcanoes","Type Description":"Tall, steep volcanoes often built by alternating lava and ash layers.","Activity Evidence":"Eruption Observed","Activity Class":"Observed eruption","Last Known Eruption":"1957 CE","Eruption Year":1957.0,"Eruption Period":"Since 1900","Elevation (m)":3026,"Elevation Class":"3,000 m and above","Tectonic Setting":"Subduction zone / Continental crust (>25 km)","Tectonic Group":"Subduction","Dominant Rock Type":"Andesite / Basaltic Andesite"}},{"type":"Feature","geometry":{"type":"Point","coordinates":[107.4,-7.162]},"properties":{"Volcano Number":263070,"Volcano Name":"Patuha","Country":"Indonesia","Volcanic Region Group":"Sunda-Banda Volcanic Regions","Volcanic Region":"Sunda Volcanic Arc","Volcano Landform":"Composite","Primary Volcano Type":"Stratovolcano","Type Group":"Cone volcanoes","Type Description":"Tall, steep volcanoes often built by alternating lava and ash layers.","Activity Evidence":"Evidence Credible","Activity Class":"Credible evidence","Last Known Eruption":"Unknown","Eruption Year":null,"Eruption Period":"BCE record","Elevation (m)":2422,"Elevation Class":"1,000-2,999 m","Tectonic Setting":"Subduction zone / Continental crust (>25 km)","Tectonic Group":"Subduction","Dominant Rock Type":"Andesite / Basaltic Andesite"}},{"type":"Feature","geometry":{"type":"Point","coordinates":[107.6,-6.77]},"properties":{"Volcano Number":263090,"Volcano Name":"Tangkuban Parahu","Country":"Indonesia","Volcanic Region Group":"Sunda-Banda Volcanic Regions","Volcanic Region":"Sunda Volcanic Arc","Volcano Landform":"Composite","Primary Volcano Type":"Stratovolcano","Type Group":"Cone volcanoes","Type Description":"Tall, steep volcanoes often built by alternating lava and ash layers.","Activity Evidence":"Eruption Observed","Activity Class":"Observed eruption","Last Known Eruption":"2019 CE","Eruption Year":2019.0,"Eruption Period":"Since 1900","Elevation (m)":2084,"Elevation Class":"1,000-2,999 m","Tectonic Setting":"Subduction zone / Continental crust (>25 km)","Tectonic Group":"Subduction","Dominant Rock Type":"Andesite / Basaltic Andesite"}},{"type":"Feature","geometry":{"type":"Point","coordinates":[107.7306,-7.3175]},"properties":{"Volcano Number":263100,"Volcano Name":"Papandayan","Country":"Indonesia","Volcanic Region Group":"Sunda-Banda Volcanic Regions","Volcanic Region":"Sunda Volcanic Arc","Volcano Landform":"Composite","Primary Volcano Type":"Stratovolcano(es)","Type Group":"Cone volcanoes","Type Description":"Tall, steep volcanoes often built by alternating lava and ash layers.","Activity Evidence":"Eruption Observed","Activity Class":"Observed eruption","Last Known Eruption":"2002 CE","Eruption Year":2002.0,"Eruption Period":"Since 1900","Elevation (m)":2643,"Elevation Class":"1,000-2,999 m","Tectonic Setting":"Subduction zone / Continental crust (>25 km)","Tectonic Group":"Subduction","Dominant Rock Type":"Andesite / Basaltic Andesite"}},{"type":"Feature","geometry":{"type":"Point","coordinates":[107.841,-7.143]},"properties":{"Volcano Number":263130,"Volcano Name":"Guntur","Country":"Indonesia","Volcanic Region Group":"Sunda-Banda Volcanic Regions","Volcanic Region":"Sunda Volcanic Arc","Volcano Landform":"Composite","Primary Volcano Type":"Complex","Type Group":"Complex volcanoes","Type Description":"Volcanoes with multiple vents, cones, or overlapping eruptive centers.","Activity Evidence":"Eruption Observed","Activity Class":"Observed eruption","Last Known Eruption":"1847 CE","Eruption Year":1847.0,"Eruption Period":"1500-1899","Elevation (m)":2251,"Elevation Class":"1,000-2,999 m","Tectonic Setting":"Subduction zone / Continental crust (>25 km)","Tectonic Group":"Subduction","Dominant Rock Type":"Andesite / Basaltic Andesite"}},{"type":"Feature","geometry":{"type":"Point","coordinates":[107.9612,-6.7639]},"properties":{"Volcano Number":263131,"Volcano Name":"Tampomas","Country":"Indonesia","Volcanic Region Group":"Sunda-Banda Volcanic Regions","Volcanic Region":"Sunda Volcanic Arc","Volcano Landform":"Composite","Primary Volcano Type":"Stratovolcano","Type Group":"Cone volcanoes","Type Description":"Tall, steep volcanoes often built by alternating lava and ash layers.","Activity Evidence":"Evidence Credible","Activity Class":"Credible evidence","Last Known Eruption":"Unknown","Eruption Year":null,"Eruption Period":"BCE record","Elevation (m)":1690,"Elevation Class":"1,000-2,999 m","Tectonic Setting":"Subduction zone / Continental crust (>25 km)","Tectonic Group":"Subduction","Dominant Rock Type":"Andesite / Basaltic Andesite"}},{"type":"Feature","geometry":{"type":"Point","coordinates":[108.058,-7.25]},"properties":{"Volcano Number":263140,"Volcano Name":"Galunggung","Country":"Indonesia","Volcanic Region Group":"Sunda-Banda Volcanic Regions","Volcanic Region":"Sunda Volcanic Arc","Volcano Landform":"Composite","Primary Volcano Type":"Stratovolcano","Type Group":"Cone volcanoes","Type Description":"Tall, steep volcanoes often built by alternating lava and ash layers.","Activity Evidence":"Eruption Observed","Activity Class":"Observed eruption","Last Known Eruption":"1984 CE","Eruption Year":1984.0,"Eruption Period":"Since 1900","Elevation (m)":2168,"Elevation Class":"1,000-2,999 m","Tectonic Setting":"Subduction zone / Continental crust (>25 km)","Tectonic Group":"Subduction","Dominant Rock Type":"Basalt / Picro-Basalt"}},{"type":"Feature","geometry":{"type":"Point","coordinates":[108.07,-7.208]},"properties":{"Volcano Number":263150,"Volcano Name":"Talagabodas","Country":"Indonesia","Volcanic Region Group":"Sunda-Banda Volcanic Regions","Volcanic Region":"Sunda Volcanic Arc","Volcano Landform":"Composite","Primary Volcano Type":"Stratovolcano","Type Group":"Cone volcanoes","Type Description":"Tall, steep volcanoes often built by alternating lava and ash layers.","Activity Evidence":"Unrest / Holocene","Activity Class":"Unspecified","Last Known Eruption":"Unknown","Eruption Year":null,"Eruption Period":"BCE record","Elevation (m)":2201,"Elevation Class":"1,000-2,999 m","Tectonic Setting":"Subduction zone / Continental crust (>25 km)","Tectonic Group":"Subduction","Dominant Rock Type":"Basalt / Picro-Basalt"}},{"type":"Feature","geometry":{"type":"Point","coordinates":[108.408,-6.895]},"properties":{"Volcano Number":263170,"Volcano Name":"Ciremai","Country":"Indonesia","Volcanic Region Group":"Sunda-Banda Volcanic Regions","Volcanic Region":"Sunda Volcanic Arc","Volcano Landform":"Composite","Primary Volcano Type":"Stratovolcano","Type Group":"Cone volcanoes","Type Description":"Tall, steep volcanoes often built by alternating lava and ash layers.","Activity Evidence":"Eruption Observed","Activity Class":"Observed eruption","Last Known Eruption":"1951 CE","Eruption Year":1951.0,"Eruption Period":"Since 1900","Elevation (m)":3039,"Elevation Class":"3,000 m and above","Tectonic Setting":"Subduction zone / Continental crust (>25 km)","Tectonic Group":"Subduction","Dominant Rock Type":"Andesite / Basaltic Andesite"}},{"type":"Feature","geometry":{"type":"Point","coordinates":[109.208,-7.242]},"properties":{"Volcano Number":263180,"Volcano Name":"Slamet","Country":"Indonesia","Volcanic Region Group":"Sunda-Banda Volcanic Regions","Volcanic Region":"Sunda Volcanic Arc","Volcano Landform":"Composite","Primary Volcano Type":"Stratovolcano","Type Group":"Cone volcanoes","Type Description":"Tall, steep volcanoes often built by alternating lava and ash layers.","Activity Evidence":"Eruption Observed","Activity Class":"Observed eruption","Last Known Eruption":"2014 CE","Eruption Year":2014.0,"Eruption Period":"Since 1900","Elevation (m)":3428,"Elevation Class":"3,000 m and above","Tectonic Setting":"Subduction zone / Continental crust (>25 km)","Tectonic Group":"Subduction","Dominant Rock Type":"Basalt / Picro-Basalt"}},{"type":"Feature","geometry":{"type":"Point","coordinates":[109.879,-7.2]},"properties":{"Volcano Number":263200,"Volcano Name":"Dieng Volcanic Complex","Country":"Indonesia","Volcanic Region Group":"Sunda-Banda Volcanic Regions","Volcanic Region":"Sunda Volcanic Arc","Volcano Landform":"Composite","Primary Volcano Type":"Complex","Type Group":"Complex volcanoes","Type Description":"Volcanoes with multiple vents, cones, or overlapping eruptive centers.","Activity Evidence":"Eruption Observed","Activity Class":"Observed eruption","Last Known Eruption":"2025 CE","Eruption Year":2025.0,"Eruption Period":"Since 1900","Elevation (m)":2565,"Elevation Class":"1,000-2,999 m","Tectonic Setting":"Subduction zone / Continental crust (>25 km)","Tectonic Group":"Subduction","Dominant Rock Type":"Andesite / Basaltic Andesite"}},{"type":"Feature","geometry":{"type":"Point","coordinates":[109.997,-7.3014]},"properties":{"Volcano Number":263210,"Volcano Name":"Sundoro","Country":"Indonesia","Volcanic Region Group":"Sunda-Banda Volcanic Regions","Volcanic Region":"Sunda Volcanic Arc","Volcano Landform":"Composite","Primary Volcano Type":"Stratovolcano","Type Group":"Cone volcanoes","Type Description":"Tall, steep volcanoes often built by alternating lava and ash layers.","Activity Evidence":"Eruption Observed","Activity Class":"Observed eruption","Last Known Eruption":"1971 CE","Eruption Year":1971.0,"Eruption Period":"Since 1900","Elevation (m)":3149,"Elevation Class":"3,000 m and above","Tectonic Setting":"Subduction zone / Continental crust (>25 km)","Tectonic Group":"Subduction","Dominant Rock Type":"Andesite / Basaltic Andesite"}},{"type":"Feature","geometry":{"type":"Point","coordinates":[110.0747,-7.3819]},"properties":{"Volcano Number":263220,"Volcano Name":"Sumbing","Country":"Indonesia","Volcanic Region Group":"Sunda-Banda Volcanic Regions","Volcanic Region":"Sunda Volcanic Arc","Volcano Landform":"Composite","Primary Volcano Type":"Stratovolcano","Type Group":"Cone volcanoes","Type Description":"Tall, steep volcanoes often built by alternating lava and ash layers.","Activity Evidence":"Eruption Observed","Activity Class":"Observed eruption","Last Known Eruption":"1730 CE","Eruption Year":1730.0,"Eruption Period":"1500-1899","Elevation (m)":3370,"Elevation Class":"3,000 m and above","Tectonic Setting":"Subduction zone / Continental crust (>25 km)","Tectonic Group":"Subduction","Dominant Rock Type":"Andesite / Basaltic Andesite"}},{"type":"Feature","geometry":{"type":"Point","coordinates":[110.44,-7.454]},"properties":{"Volcano Number":263240,"Volcano Name":"Merbabu","Country":"Indonesia","Volcanic Region Group":"Sunda-Banda Volcanic Regions","Volcanic Region":"Sunda Volcanic Arc","Volcano Landform":"Composite","Primary Volcano Type":"Stratovolcano","Type Group":"Cone volcanoes","Type Description":"Tall, steep volcanoes often built by alternating lava and ash layers.","Activity Evidence":"Eruption Observed","Activity Class":"Observed eruption","Last Known Eruption":"1797 CE","Eruption Year":1797.0,"Eruption Period":"1500-1899","Elevation (m)":3118,"Elevation Class":"3,000 m and above","Tectonic Setting":"Subduction zone / Continental crust (>25 km)","Tectonic Group":"Subduction","Dominant Rock Type":"Basalt / Picro-Basalt"}},{"type":"Feature","geometry":{"type":"Point","coordinates":[110.446,-7.54]},"properties":{"Volcano Number":263250,"Volcano Name":"Merapi","Country":"Indonesia","Volcanic Region Group":"Sunda-Banda Volcanic Regions","Volcanic Region":"Sunda Volcanic Arc","Volcano Landform":"Composite","Primary Volcano Type":"Stratovolcano","Type Group":"Cone volcanoes","Type Description":"Tall, steep volcanoes often built by alternating lava and ash layers.","Activity Evidence":"Eruption Observed","Activity Class":"Observed eruption","Last Known Eruption":"2026 CE","Eruption Year":2026.0,"Eruption Period":"Since 1900","Elevation (m)":2910,"Elevation Class":"1,000-2,999 m","Tectonic Setting":"Subduction zone / Continental crust (>25 km)","Tectonic Group":"Subduction","Dominant Rock Type":"Andesite / Basaltic Andesite"}},{"type":"Feature","geometry":{"type":"Point","coordinates":[111.192,-7.625]},"properties":{"Volcano Number":263260,"Volcano Name":"Lawu","Country":"Indonesia","Volcanic Region Group":"Sunda-Banda Volcanic Regions","Volcanic Region":"Sunda Volcanic Arc","Volcano Landform":"Composite","Primary Volcano Type":"Stratovolcano","Type Group":"Cone volcanoes","Type Description":"Tall, steep volcanoes often built by alternating lava and ash layers.","Activity Evidence":"Evidence Uncertain","Activity Class":"Uncertain evidence","Last Known Eruption":"Unknown","Eruption Year":null,"Eruption Period":"BCE record","Elevation (m)":3265,"Elevation Class":"3,000 m and above","Tectonic Setting":"Subduction zone / Continental crust (>25 km)","Tectonic Group":"Subduction","Dominant Rock Type":"Andesite / Basaltic Andesite"}},{"type":"Feature","geometry":{"type":"Point","coordinates":[112.314,-7.935]},"properties":{"Volcano Number":263280,"Volcano Name":"Kelud","Country":"Indonesia","Volcanic Region Group":"Sunda-Banda Volcanic Regions","Volcanic Region":"Sunda Volcanic Arc","Volcano Landform":"Composite","Primary Volcano Type":"Stratovolcano","Type Group":"Cone volcanoes","Type Description":"Tall, steep volcanoes often built by alternating lava and ash layers.","Activity Evidence":"Eruption Observed","Activity Class":"Observed eruption","Last Known Eruption":"2014 CE","Eruption Year":2014.0,"Eruption Period":"Since 1900","Elevation (m)":1730,"Elevation Class":"1,000-2,999 m","Tectonic Setting":"Subduction zone / Continental crust (>25 km)","Tectonic Group":"Subduction","Dominant Rock Type":"Andesite / Basaltic Andesite"}},{"type":"Feature","geometry":{"type":"Point","coordinates":[112.45,-7.92]},"properties":{"Volcano Number":263281,"Volcano Name":"Kawi-Butak","Country":"Indonesia","Volcanic Region Group":"Sunda-Banda Volcanic Regions","Volcanic Region":"Sunda Volcanic Arc","Volcano Landform":"Composite","Primary Volcano Type":"Stratovolcano(es)","Type Group":"Cone volcanoes","Type Description":"Tall, steep volcanoes often built by alternating lava and ash layers.","Activity Evidence":"Evidence Credible","Activity Class":"Credible evidence","Last Known Eruption":"Unknown","Eruption Year":null,"Eruption Period":"BCE record","Elevation (m)":2651,"Elevation Class":"1,000-2,999 m","Tectonic Setting":"Subduction zone / Continental crust (>25 km)","Tectonic Group":"Subduction","Dominant Rock Type":"No Data (checked)"}},{"type":"Feature","geometry":{"type":"Point","coordinates":[112.575,-7.733]},"properties":{"Volcano Number":263290,"Volcano Name":"Arjuno-Welirang","Country":"Indonesia","Volcanic Region Group":"Sunda-Banda Volcanic Regions","Volcanic Region":"Sunda Volcanic Arc","Volcano Landform":"Composite","Primary Volcano Type":"Stratovolcano","Type Group":"Cone volcanoes","Type Description":"Tall, steep volcanoes often built by alternating lava and ash layers.","Activity Evidence":"Eruption Observed","Activity Class":"Observed eruption","Last Known Eruption":"1952 CE","Eruption Year":1952.0,"Eruption Period":"Since 1900","Elevation (m)":3343,"Elevation Class":"3,000 m and above","Tectonic Setting":"Subduction zone / Continental crust (>25 km)","Tectonic Group":"Subduction","Dominant Rock Type":"Andesite / Basaltic Andesite"}},{"type":"Feature","geometry":{"type":"Point","coordinates":[112.62,-7.616]},"properties":{"Volcano Number":263291,"Volcano Name":"Penanggungan","Country":"Indonesia","Volcanic Region Group":"Sunda-Banda Volcanic Regions","Volcanic Region":"Sunda Volcanic Arc","Volcano Landform":"Composite","Primary Volcano Type":"Stratovolcano","Type Group":"Cone volcanoes","Type Description":"Tall, steep volcanoes often built by alternating lava and ash layers.","Activity Evidence":"Evidence Credible","Activity Class":"Credible evidence","Last Known Eruption":"Unknown","Eruption Year":null,"Eruption Period":"BCE record","Elevation (m)":1631,"Elevation Class":"1,000-2,999 m","Tectonic Setting":"Subduction zone / Continental crust (>25 km)","Tectonic Group":"Subduction","Dominant Rock Type":"Andesite / Basaltic Andesite"}},{"type":"Feature","geometry":{"type":"Point","coordinates":[112.922,-8.108]},"properties":{"Volcano Number":263300,"Volcano Name":"Semeru","Country":"Indonesia","Volcanic Region Group":"Sunda-Banda Volcanic Regions","Volcanic Region":"Sunda Volcanic Arc","Volcano Landform":"Composite","Primary Volcano Type":"Stratovolcano","Type Group":"Cone volcanoes","Type Description":"Tall, steep volcanoes often built by alternating lava and ash layers.","Activity Evidence":"Eruption Observed","Activity Class":"Observed eruption","Last Known Eruption":"2026 CE","Eruption Year":2026.0,"Eruption Period":"Since 1900","Elevation (m)":3657,"Elevation Class":"3,000 m and above","Tectonic Setting":"Subduction zone / Continental crust (>25 km)","Tectonic Group":"Subduction","Dominant Rock Type":"Andesite / Basaltic Andesite"}},{"type":"Feature","geometry":{"type":"Point","coordinates":[112.95,-7.942]},"properties":{"Volcano Number":263310,"Volcano Name":"Tengger Caldera","Country":"Indonesia","Volcanic Region Group":"Sunda-Banda Volcanic Regions","Volcanic Region":"Sunda Volcanic Arc","Volcano Landform":"Composite","Primary Volcano Type":"Stratovolcano(es)","Type Group":"Cone volcanoes","Type Description":"Tall, steep volcanoes often built by alternating lava and ash layers.","Activity Evidence":"Eruption Observed","Activity Class":"Observed eruption","Last Known Eruption":"2023 CE","Eruption Year":2023.0,"Eruption Period":"Since 1900","Elevation (m)":2329,"Elevation Class":"1,000-2,999 m","Tectonic Setting":"Subduction zone / Continental crust (>25 km)","Tectonic Group":"Subduction","Dominant Rock Type":"Trachyandesite / Basaltic Trachyandesite"}},{"type":"Feature","geometry":{"type":"Point","coordinates":[113.341,-7.981]},"properties":{"Volcano Number":263320,"Volcano Name":"Lamongan","Country":"Indonesia","Volcanic Region Group":"Sunda-Banda Volcanic Regions","Volcanic Region":"Sunda Volcanic Arc","Volcano Landform":"Composite","Primary Volcano Type":"Stratovolcano","Type Group":"Cone volcanoes","Type Description":"Tall, steep volcanoes often built by alternating lava and ash layers.","Activity Evidence":"Eruption Observed","Activity Class":"Observed eruption","Last Known Eruption":"1898 CE","Eruption Year":1898.0,"Eruption Period":"1500-1899","Elevation (m)":1641,"Elevation Class":"1,000-2,999 m","Tectonic Setting":"Subduction zone / Continental crust (>25 km)","Tectonic Group":"Subduction","Dominant Rock Type":"Basalt / Picro-Basalt"}},{"type":"Feature","geometry":{"type":"Point","coordinates":[113.57,-7.97]},"properties":{"Volcano Number":263330,"Volcano Name":"Iyang-Argapura","Country":"Indonesia","Volcanic Region Group":"Sunda-Banda Volcanic Regions","Volcanic Region":"Sunda Volcanic Arc","Volcano Landform":"Composite","Primary Volcano Type":"Complex","Type Group":"Complex volcanoes","Type Description":"Volcanoes with multiple vents, cones, or overlapping eruptive centers.","Activity Evidence":"Evidence Credible","Activity Class":"Credible evidence","Last Known Eruption":"Unknown","Eruption Year":null,"Eruption Period":"BCE record","Elevation (m)":3088,"Elevation Class":"3,000 m and above","Tectonic Setting":"Subduction zone / Continental crust (>25 km)","Tectonic Group":"Subduction","Dominant Rock Type":"Andesite / Basaltic Andesite"}},{"type":"Feature","geometry":{"type":"Point","coordinates":[114.056,-8.119]},"properties":{"Volcano Number":263340,"Volcano Name":"Raung","Country":"Indonesia","Volcanic Region Group":"Sunda-Banda Volcanic Regions","Volcanic Region":"Sunda Volcanic Arc","Volcano Landform":"Composite","Primary Volcano Type":"Stratovolcano","Type Group":"Cone volcanoes","Type Description":"Tall, steep volcanoes often built by alternating lava and ash layers.","Activity Evidence":"Eruption Observed","Activity Class":"Observed eruption","Last Known Eruption":"2025 CE","Eruption Year":2025.0,"Eruption Period":"Since 1900","Elevation (m)":3260,"Elevation Class":"3,000 m and above","Tectonic Setting":"Subduction zone / Continental crust (>25 km)","Tectonic Group":"Subduction","Dominant Rock Type":"Andesite / Basaltic Andesite"}},{"type":"Feature","geometry":{"type":"Point","coordinates":[114.242,-8.058]},"properties":{"Volcano Number":263350,"Volcano Name":"Ijen","Country":"Indonesia","Volcanic Region Group":"Sunda-Banda Volcanic Regions","Volcanic Region":"Sunda Volcanic Arc","Volcano Landform":"Composite","Primary Volcano Type":"Stratovolcano(es)","Type Group":"Cone volcanoes","Type Description":"Tall, steep volcanoes often built by alternating lava and ash layers.","Activity Evidence":"Eruption Observed","Activity Class":"Observed eruption","Last Known Eruption":"1999 CE","Eruption Year":1999.0,"Eruption Period":"Since 1900","Elevation (m)":2769,"Elevation Class":"1,000-2,999 m","Tectonic Setting":"Subduction zone / Continental crust (>25 km)","Tectonic Group":"Subduction","Dominant Rock Type":"Andesite / Basaltic Andesite"}},{"type":"Feature","geometry":{"type":"Point","coordinates":[114.37,-7.85]},"properties":{"Volcano Number":263351,"Volcano Name":"Baluran","Country":"Indonesia","Volcanic Region Group":"Sunda-Banda Volcanic Regions","Volcanic Region":"Sunda Volcanic Arc","Volcano Landform":"Composite","Primary Volcano Type":"Stratovolcano","Type Group":"Cone volcanoes","Type Description":"Tall, steep volcanoes often built by alternating lava and ash layers.","Activity Evidence":"Evidence Uncertain","Activity Class":"Uncertain evidence","Last Known Eruption":"Unknown","Eruption Year":null,"Eruption Period":"BCE record","Elevation (m)":1247,"Elevation Class":"1,000-2,999 m","Tectonic Setting":"Subduction zone / Continental crust (>25 km)","Tectonic Group":"Subduction","Dominant Rock Type":"Andesite / Basaltic Andesite"}},{"type":"Feature","geometry":{"type":"Point","coordinates":[115.133,-8.283]},"properties":{"Volcano Number":264001,"Volcano Name":"Buyan-Bratan","Country":"Indonesia","Volcanic Region Group":"Sunda-Banda Volcanic Regions","Volcanic Region":"Sunda Volcanic Arc","Volcano Landform":"Cluster","Primary Volcano Type":"Caldera","Type Group":"Calderas","Type Description":"Large collapse basins that can form after major eruptions empty magma chambers.","Activity Evidence":"Evidence Credible","Activity Class":"Credible evidence","Last Known Eruption":"Unknown","Eruption Year":null,"Eruption Period":"BCE record","Elevation (m)":2244,"Elevation Class":"1,000-2,999 m","Tectonic Setting":"Subduction zone / Continental crust (>25 km)","Tectonic Group":"Subduction","Dominant Rock Type":"Andesite / Basaltic Andesite"}},{"type":"Feature","geometry":{"type":"Point","coordinates":[115.3775,-8.2403]},"properties":{"Volcano Number":264010,"Volcano Name":"Batur","Country":"Indonesia","Volcanic Region Group":"Sunda-Banda Volcanic Regions","Volcanic Region":"Sunda Volcanic Arc","Volcano Landform":"Caldera","Primary Volcano Type":"Caldera","Type Group":"Calderas","Type Description":"Large collapse basins that can form after major eruptions empty magma chambers.","Activity Evidence":"Eruption Observed","Activity Class":"Observed eruption","Last Known Eruption":"2000 CE","Eruption Year":2000.0,"Eruption Period":"Since 1900","Elevation (m)":1711,"Elevation Class":"1,000-2,999 m","Tectonic Setting":"Subduction zone / Continental crust (>25 km)","Tectonic Group":"Subduction","Dominant Rock Type":"Andesite / Basaltic Andesite"}},{"type":"Feature","geometry":{"type":"Point","coordinates":[115.508,-8.343]},"properties":{"Volcano Number":264020,"Volcano Name":"Agung","Country":"Indonesia","Volcanic Region Group":"Sunda-Banda Volcanic Regions","Volcanic Region":"Sunda Volcanic Arc","Volcano Landform":"Composite","Primary Volcano Type":"Stratovolcano","Type Group":"Cone volcanoes","Type Description":"Tall, steep volcanoes often built by alternating lava and ash layers.","Activity Evidence":"Eruption Observed","Activity Class":"Observed eruption","Last Known Eruption":"2022 CE","Eruption Year":2022.0,"Eruption Period":"Since 1900","Elevation (m)":2997,"Elevation Class":"1,000-2,999 m","Tectonic Setting":"Subduction zone / Continental crust (>25 km)","Tectonic Group":"Subduction","Dominant Rock Type":"Andesite / Basaltic Andesite"}},{"type":"Feature","geometry":{"type":"Point","coordinates":[116.47,-8.42]},"properties":{"Volcano Number":264030,"Volcano Name":"Rinjani","Country":"Indonesia","Volcanic Region Group":"Sunda-Banda Volcanic Regions","Volcanic Region":"Sunda Volcanic Arc","Volcano Landform":"Composite","Primary Volcano Type":"Stratovolcano","Type Group":"Cone volcanoes","Type Description":"Tall, steep volcanoes often built by alternating lava and ash layers.","Activity Evidence":"Eruption Observed","Activity Class":"Observed eruption","Last Known Eruption":"2016 CE","Eruption Year":2016.0,"Eruption Period":"Since 1900","Elevation (m)":3726,"Elevation Class":"3,000 m and above","Tectonic Setting":"Subduction zone / Continental crust (>25 km)","Tectonic Group":"Subduction","Dominant Rock Type":"Andesite / Basaltic Andesite"}},{"type":"Feature","geometry":{"type":"Point","coordinates":[118.0,-8.25]},"properties":{"Volcano Number":264040,"Volcano Name":"Tambora","Country":"Indonesia","Volcanic Region Group":"Sunda-Banda Volcanic Regions","Volcanic Region":"Sunda Volcanic Arc","Volcano Landform":"Composite","Primary Volcano Type":"Stratovolcano","Type Group":"Cone volcanoes","Type Description":"Tall, steep volcanoes often built by alternating lava and ash layers.","Activity Evidence":"Eruption Observed","Activity Class":"Observed eruption","Last Known Eruption":"1967 CE","Eruption Year":1967.0,"Eruption Period":"Since 1900","Elevation (m)":2850,"Elevation Class":"1,000-2,999 m","Tectonic Setting":"Subduction zone / Continental crust (>25 km)","Tectonic Group":"Subduction","Dominant Rock Type":"Trachybasalt / Tephrite Basanite"}},{"type":"Feature","geometry":{"type":"Point","coordinates":[119.07,-8.2]},"properties":{"Volcano Number":264050,"Volcano Name":"Sangeang Api","Country":"Indonesia","Volcanic Region Group":"Sunda-Banda Volcanic Regions","Volcanic Region":"Sunda Volcanic Arc","Volcano Landform":"Composite","Primary Volcano Type":"Complex","Type Group":"Complex volcanoes","Type Description":"Volcanoes with multiple vents, cones, or overlapping eruptive centers.","Activity Evidence":"Eruption Observed","Activity Class":"Observed eruption","Last Known Eruption":"2022 CE","Eruption Year":2022.0,"Eruption Period":"Since 1900","Elevation (m)":1912,"Elevation Class":"1,000-2,999 m","Tectonic Setting":"Subduction zone / Continental crust (>25 km)","Tectonic Group":"Subduction","Dominant Rock Type":"Trachybasalt / Tephrite Basanite"}},{"type":"Feature","geometry":{"type":"Point","coordinates":[120.0074,-8.7345]},"properties":{"Volcano Number":264060,"Volcano Name":"Sano, Wai","Country":"Indonesia","Volcanic Region Group":"Sunda-Banda Volcanic Regions","Volcanic Region":"Sunda Volcanic Arc","Volcano Landform":"Composite","Primary Volcano Type":"Caldera","Type Group":"Calderas","Type Description":"Large collapse basins that can form after major eruptions empty magma chambers.","Activity Evidence":"Evidence Credible","Activity Class":"Credible evidence","Last Known Eruption":"Unknown","Eruption Year":null,"Eruption Period":"BCE record","Elevation (m)":1319,"Elevation Class":"1,000-2,999 m","Tectonic Setting":"Subduction zone / Continental crust (>25 km)","Tectonic Group":"Subduction","Dominant Rock Type":"Dacite"}},{"type":"Feature","geometry":{"type":"Point","coordinates":[120.5302,-8.637]},"properties":{"Volcano Number":264071,"Volcano Name":"Ranakah","Country":"Indonesia","Volcanic Region Group":"Sunda-Banda Volcanic Regions","Volcanic Region":"Sunda Volcanic Arc","Volcano Landform":"Cluster","Primary Volcano Type":"Lava dome(s)","Type Group":"Lava domes","Type Description":"Steep mounds built by thick lava that piles up near the vent.","Activity Evidence":"Eruption Observed","Activity Class":"Observed eruption","Last Known Eruption":"1991 CE","Eruption Year":1991.0,"Eruption Period":"Since 1900","Elevation (m)":2288,"Elevation Class":"1,000-2,999 m","Tectonic Setting":"Subduction zone / Continental crust (>25 km)","Tectonic Group":"Subduction","Dominant Rock Type":"Andesite / Basaltic Andesite"}},{"type":"Feature","geometry":{"type":"Point","coordinates":[120.95,-8.875]},"properties":{"Volcano Number":264080,"Volcano Name":"Inierie","Country":"Indonesia","Volcanic Region Group":"Sunda-Banda Volcanic Regions","Volcanic Region":"Sunda Volcanic Arc","Volcano Landform":"Composite","Primary Volcano Type":"Stratovolcano","Type Group":"Cone volcanoes","Type Description":"Tall, steep volcanoes often built by alternating lava and ash layers.","Activity Evidence":"Eruption Dated","Activity Class":"Dated eruption","Last Known Eruption":"8050 BCE","Eruption Year":-8050.0,"Eruption Period":"BCE record","Elevation (m)":2245,"Elevation Class":"1,000-2,999 m","Tectonic Setting":"Subduction zone / Crustal thickness unknown","Tectonic Group":"Subduction","Dominant Rock Type":"Andesite / Basaltic Andesite"}},{"type":"Feature","geometry":{"type":"Point","coordinates":[120.98,-8.73]},"properties":{"Volcano Number":264090,"Volcano Name":"Inielika","Country":"Indonesia","Volcanic Region Group":"Sunda-Banda Volcanic Regions","Volcanic Region":"Sunda Volcanic Arc","Volcano Landform":"Composite","Primary Volcano Type":"Complex","Type Group":"Complex volcanoes","Type Description":"Volcanoes with multiple vents, cones, or overlapping eruptive centers.","Activity Evidence":"Eruption Observed","Activity Class":"Observed eruption","Last Known Eruption":"2001 CE","Eruption Year":2001.0,"Eruption Period":"Since 1900","Elevation (m)":1559,"Elevation Class":"1,000-2,999 m","Tectonic Setting":"Subduction zone / Crustal thickness unknown","Tectonic Group":"Subduction","Dominant Rock Type":"Andesite / Basaltic Andesite"}},{"type":"Feature","geometry":{"type":"Point","coordinates":[121.191,-8.817]},"properties":{"Volcano Number":264100,"Volcano Name":"Ebulobo","Country":"Indonesia","Volcanic Region Group":"Sunda-Banda Volcanic Regions","Volcanic Region":"Sunda Volcanic Arc","Volcano Landform":"Composite","Primary Volcano Type":"Stratovolcano","Type Group":"Cone volcanoes","Type Description":"Tall, steep volcanoes often built by alternating lava and ash layers.","Activity Evidence":"Eruption Observed","Activity Class":"Observed eruption","Last Known Eruption":"1969 CE","Eruption Year":1969.0,"Eruption Period":"Since 1900","Elevation (m)":2096,"Elevation Class":"1,000-2,999 m","Tectonic Setting":"Subduction zone / Crustal thickness unknown","Tectonic Group":"Subduction","Dominant Rock Type":"Andesite / Basaltic Andesite"}},{"type":"Feature","geometry":{"type":"Point","coordinates":[121.641,-8.891]},"properties":{"Volcano Number":264110,"Volcano Name":"Iya","Country":"Indonesia","Volcanic Region Group":"Sunda-Banda Volcanic Regions","Volcanic Region":"Sunda Volcanic Arc","Volcano Landform":"Composite","Primary Volcano Type":"Stratovolcano","Type Group":"Cone volcanoes","Type Description":"Tall, steep volcanoes often built by alternating lava and ash layers.","Activity Evidence":"Eruption Observed","Activity Class":"Observed eruption","Last Known Eruption":"1969 CE","Eruption Year":1969.0,"Eruption Period":"Since 1900","Elevation (m)":618,"Elevation Class":"0-999 m","Tectonic Setting":"Subduction zone / Crustal thickness unknown","Tectonic Group":"Subduction","Dominant Rock Type":"Basalt / Picro-Basalt"}},{"type":"Feature","geometry":{"type":"Point","coordinates":[121.82,-8.77]},"properties":{"Volcano Number":264140,"Volcano Name":"Kelimutu","Country":"Indonesia","Volcanic Region Group":"Sunda-Banda Volcanic Regions","Volcanic Region":"Sunda Volcanic Arc","Volcano Landform":"Composite","Primary Volcano Type":"Complex","Type Group":"Complex volcanoes","Type Description":"Volcanoes with multiple vents, cones, or overlapping eruptive centers.","Activity Evidence":"Eruption Observed","Activity Class":"Observed eruption","Last Known Eruption":"1968 CE","Eruption Year":1968.0,"Eruption Period":"Since 1900","Elevation (m)":1639,"Elevation Class":"1,000-2,999 m","Tectonic Setting":"Subduction zone / Crustal thickness unknown","Tectonic Group":"Subduction","Dominant Rock Type":"Andesite / Basaltic Andesite"}},{"type":"Feature","geometry":{"type":"Point","coordinates":[121.708,-8.32]},"properties":{"Volcano Number":264150,"Volcano Name":"Paluweh","Country":"Indonesia","Volcanic Region Group":"Sunda-Banda Volcanic Regions","Volcanic Region":"Sunda Volcanic Arc","Volcano Landform":"Composite","Primary Volcano Type":"Stratovolcano","Type Group":"Cone volcanoes","Type Description":"Tall, steep volcanoes often built by alternating lava and ash layers.","Activity Evidence":"Eruption Observed","Activity Class":"Observed eruption","Last Known Eruption":"2013 CE","Eruption Year":2013.0,"Eruption Period":"Since 1900","Elevation (m)":875,"Elevation Class":"0-999 m","Tectonic Setting":"Subduction zone / Crustal thickness unknown","Tectonic Group":"Subduction","Dominant Rock Type":"Andesite / Basaltic Andesite"}},{"type":"Feature","geometry":{"type":"Point","coordinates":[122.455,-8.676]},"properties":{"Volcano Number":264160,"Volcano Name":"Egon","Country":"Indonesia","Volcanic Region Group":"Sunda-Banda Volcanic Regions","Volcanic Region":"Sunda Volcanic Arc","Volcano Landform":"Composite","Primary Volcano Type":"Stratovolcano","Type Group":"Cone volcanoes","Type Description":"Tall, steep volcanoes often built by alternating lava and ash layers.","Activity Evidence":"Eruption Observed","Activity Class":"Observed eruption","Last Known Eruption":"2008 CE","Eruption Year":2008.0,"Eruption Period":"Since 1900","Elevation (m)":1661,"Elevation Class":"1,000-2,999 m","Tectonic Setting":"Subduction zone / Crustal thickness unknown","Tectonic Group":"Subduction","Dominant Rock Type":"Andesite / Basaltic Andesite"}},{"type":"Feature","geometry":{"type":"Point","coordinates":[122.775,-8.542]},"properties":{"Volcano Number":264180,"Volcano Name":"Lewotobi","Country":"Indonesia","Volcanic Region Group":"Sunda-Banda Volcanic Regions","Volcanic Region":"Sunda Volcanic Arc","Volcano Landform":"Composite","Primary Volcano Type":"Stratovolcano(es)","Type Group":"Cone volcanoes","Type Description":"Tall, steep volcanoes often built by alternating lava and ash layers.","Activity Evidence":"Eruption Observed","Activity Class":"Observed eruption","Last Known Eruption":"2026 CE","Eruption Year":2026.0,"Eruption Period":"Since 1900","Elevation (m)":1703,"Elevation Class":"1,000-2,999 m","Tectonic Setting":"Subduction zone / Crustal thickness unknown","Tectonic Group":"Subduction","Dominant Rock Type":"Andesite / Basaltic Andesite"}},{"type":"Feature","geometry":{"type":"Point","coordinates":[123.258,-8.342]},"properties":{"Volcano Number":264220,"Volcano Name":"Iliboleng","Country":"Indonesia","Volcanic Region Group":"Sunda-Banda Volcanic Regions","Volcanic Region":"Sunda Volcanic Arc","Volcano Landform":"Composite","Primary Volcano Type":"Stratovolcano","Type Group":"Cone volcanoes","Type Description":"Tall, steep volcanoes often built by alternating lava and ash layers.","Activity Evidence":"Eruption Observed","Activity Class":"Observed eruption","Last Known Eruption":"1993 CE","Eruption Year":1993.0,"Eruption Period":"Since 1900","Elevation (m)":1659,"Elevation Class":"1,000-2,999 m","Tectonic Setting":"Subduction zone / Crustal thickness unknown","Tectonic Group":"Subduction","Dominant Rock Type":"Basalt / Picro-Basalt"}},{"type":"Feature","geometry":{"type":"Point","coordinates":[123.508,-8.274]},"properties":{"Volcano Number":264230,"Volcano Name":"Lewotolok","Country":"Indonesia","Volcanic Region Group":"Sunda-Banda Volcanic Regions","Volcanic Region":"Sunda Volcanic Arc","Volcano Landform":"Composite","Primary Volcano Type":"Stratovolcano","Type Group":"Cone volcanoes","Type Description":"Tall, steep volcanoes often built by alternating lava and ash layers.","Activity Evidence":"Eruption Observed","Activity Class":"Observed eruption","Last Known Eruption":"2026 CE","Eruption Year":2026.0,"Eruption Period":"Since 1900","Elevation (m)":1431,"Elevation Class":"1,000-2,999 m","Tectonic Setting":"Subduction zone / Crustal thickness unknown","Tectonic Group":"Subduction","Dominant Rock Type":"Andesite / Basaltic Andesite"}},{"type":"Feature","geometry":{"type":"Point","coordinates":[123.38,-8.55]},"properties":{"Volcano Number":264240,"Volcano Name":"Ililabalekan","Country":"Indonesia","Volcanic Region Group":"Sunda-Banda Volcanic Regions","Volcanic Region":"Sunda Volcanic Arc","Volcano Landform":"Composite","Primary Volcano Type":"Stratovolcano","Type Group":"Cone volcanoes","Type Description":"Tall, steep volcanoes often built by alternating lava and ash layers.","Activity Evidence":"Unrest / Holocene","Activity Class":"Unspecified","Last Known Eruption":"Unknown","Eruption Year":null,"Eruption Period":"BCE record","Elevation (m)":1018,"Elevation Class":"1,000-2,999 m","Tectonic Setting":"Subduction zone / Crustal thickness unknown","Tectonic Group":"Subduction","Dominant Rock Type":"Basalt / Picro-Basalt"}},{"type":"Feature","geometry":{"type":"Point","coordinates":[123.573,-8.532]},"properties":{"Volcano Number":264250,"Volcano Name":"Iliwerung","Country":"Indonesia","Volcanic Region Group":"Sunda-Banda Volcanic Regions","Volcanic Region":"Sunda Volcanic Arc","Volcano Landform":"Composite","Primary Volcano Type":"Complex","Type Group":"Complex volcanoes","Type Description":"Volcanoes with multiple vents, cones, or overlapping eruptive centers.","Activity Evidence":"Eruption Observed","Activity Class":"Observed eruption","Last Known Eruption":"2021 CE","Eruption Year":2021.0,"Eruption Period":"Since 1900","Elevation (m)":583,"Elevation Class":"0-999 m","Tectonic Setting":"Subduction zone / Crustal thickness unknown","Tectonic Group":"Subduction","Dominant Rock Type":"Basalt / Picro-Basalt"}},{"type":"Feature","geometry":{"type":"Point","coordinates":[123.585,-7.791]},"properties":{"Volcano Number":264260,"Volcano Name":"Tara, Batu","Country":"Indonesia","Volcanic Region Group":"Sunda-Banda Volcanic Regions","Volcanic Region":"Sunda Volcanic Arc","Volcano Landform":"Composite","Primary Volcano Type":"Stratovolcano","Type Group":"Cone volcanoes","Type Description":"Tall, steep volcanoes often built by alternating lava and ash layers.","Activity Evidence":"Eruption Observed","Activity Class":"Observed eruption","Last Known Eruption":"2015 CE","Eruption Year":2015.0,"Eruption Period":"Since 1900","Elevation (m)":633,"Elevation Class":"0-999 m","Tectonic Setting":"Subduction zone / Oceanic crust (< 15 km)","Tectonic Group":"Subduction","Dominant Rock Type":"Trachybasalt / Tephrite Basanite"}},{"type":"Feature","geometry":{"type":"Point","coordinates":[124.1306,-8.4972]},"properties":{"Volcano Number":264270,"Volcano Name":"Sirung","Country":"Indonesia","Volcanic Region Group":"Sunda-Banda Volcanic Regions","Volcanic Region":"Sunda Volcanic Arc","Volcano Landform":"Composite","Primary Volcano Type":"Complex","Type Group":"Complex volcanoes","Type Description":"Volcanoes with multiple vents, cones, or overlapping eruptive centers.","Activity Evidence":"Eruption Observed","Activity Class":"Observed eruption","Last Known Eruption":"2021 CE","Eruption Year":2021.0,"Eruption Period":"Since 1900","Elevation (m)":1347,"Elevation Class":"1,000-2,999 m","Tectonic Setting":"Subduction zone / Crustal thickness unknown","Tectonic Group":"Subduction","Dominant Rock Type":"Andesite / Basaltic Andesite"}},{"type":"Feature","geometry":{"type":"Point","coordinates":[128.675,-7.125]},"properties":{"Volcano Number":265040,"Volcano Name":"Wurlali","Country":"Indonesia","Volcanic Region Group":"Sunda-Banda Volcanic Regions","Volcanic Region":"Inner Banda Volcanic Arc","Volcano Landform":"Composite","Primary Volcano Type":"Stratovolcano","Type Group":"Cone volcanoes","Type Description":"Tall, steep volcanoes often built by alternating lava and ash layers.","Activity Evidence":"Eruption Observed","Activity Class":"Observed eruption","Last Known Eruption":"1892 CE","Eruption Year":1892.0,"Eruption Period":"1500-1899","Elevation (m)":868,"Elevation Class":"0-999 m","Tectonic Setting":"Subduction zone / Oceanic crust (< 15 km)","Tectonic Group":"Subduction","Dominant Rock Type":"Andesite / Basaltic Andesite"}},{"type":"Feature","geometry":{"type":"Point","coordinates":[129.144,-6.976]},"properties":{"Volcano Number":265050,"Volcano Name":"Teon","Country":"Indonesia","Volcanic Region Group":"Sunda-Banda Volcanic Regions","Volcanic Region":"Inner Banda Volcanic Arc","Volcano Landform":"Composite","Primary Volcano Type":"Stratovolcano","Type Group":"Cone volcanoes","Type Description":"Tall, steep volcanoes often built by alternating lava and ash layers.","Activity Evidence":"Eruption Observed","Activity Class":"Observed eruption","Last Known Eruption":"1904 CE","Eruption Year":1904.0,"Eruption Period":"Since 1900","Elevation (m)":728,"Elevation Class":"0-999 m","Tectonic Setting":"Subduction zone / Oceanic crust (< 15 km)","Tectonic Group":"Subduction","Dominant Rock Type":"Andesite / Basaltic Andesite"}},{"type":"Feature","geometry":{"type":"Point","coordinates":[129.5,-6.73]},"properties":{"Volcano Number":265060,"Volcano Name":"Nila","Country":"Indonesia","Volcanic Region Group":"Sunda-Banda Volcanic Regions","Volcanic Region":"Inner Banda Volcanic Arc","Volcano Landform":"Composite","Primary Volcano Type":"Stratovolcano","Type Group":"Cone volcanoes","Type Description":"Tall, steep volcanoes often built by alternating lava and ash layers.","Activity Evidence":"Eruption Observed","Activity Class":"Observed eruption","Last Known Eruption":"1968 CE","Eruption Year":1968.0,"Eruption Period":"Since 1900","Elevation (m)":781,"Elevation Class":"0-999 m","Tectonic Setting":"Subduction zone / Oceanic crust (< 15 km)","Tectonic Group":"Subduction","Dominant Rock Type":"Andesite / Basaltic Andesite"}},{"type":"Feature","geometry":{"type":"Point","coordinates":[130.017,-6.312]},"properties":{"Volcano Number":265070,"Volcano Name":"Serua","Country":"Indonesia","Volcanic Region Group":"Sunda-Banda Volcanic Regions","Volcanic Region":"Inner Banda Volcanic Arc","Volcano Landform":"Composite","Primary Volcano Type":"Stratovolcano","Type Group":"Cone volcanoes","Type Description":"Tall, steep volcanoes often built by alternating lava and ash layers.","Activity Evidence":"Eruption Observed","Activity Class":"Observed eruption","Last Known Eruption":"1921 CE","Eruption Year":1921.0,"Eruption Period":"Since 1900","Elevation (m)":608,"Elevation Class":"0-999 m","Tectonic Setting":"Subduction zone / Oceanic crust (< 15 km)","Tectonic Group":"Subduction","Dominant Rock Type":"Andesite / Basaltic Andesite"}},{"type":"Feature","geometry":{"type":"Point","coordinates":[130.303,-5.543]},"properties":{"Volcano Number":265080,"Volcano Name":"Manuk","Country":"Indonesia","Volcanic Region Group":"Sunda-Banda Volcanic Regions","Volcanic Region":"Inner Banda Volcanic Arc","Volcano Landform":"Composite","Primary Volcano Type":"Stratovolcano","Type Group":"Cone volcanoes","Type Description":"Tall, steep volcanoes often built by alternating lava and ash layers.","Activity Evidence":"Unrest / Holocene","Activity Class":"Unspecified","Last Known Eruption":"Unknown","Eruption Year":null,"Eruption Period":"BCE record","Elevation (m)":257,"Elevation Class":"0-999 m","Tectonic Setting":"Subduction zone / Oceanic crust (< 15 km)","Tectonic Group":"Subduction","Dominant Rock Type":"Andesite / Basaltic Andesite"}},{"type":"Feature","geometry":{"type":"Point","coordinates":[129.881,-4.523]},"properties":{"Volcano Number":265090,"Volcano Name":"Banda Api","Country":"Indonesia","Volcanic Region Group":"Sunda-Banda Volcanic Regions","Volcanic Region":"Inner Banda Volcanic Arc","Volcano Landform":"Composite","Primary Volcano Type":"Caldera","Type Group":"Calderas","Type Description":"Large collapse basins that can form after major eruptions empty magma chambers.","Activity Evidence":"Eruption Observed","Activity Class":"Observed eruption","Last Known Eruption":"1988 CE","Eruption Year":1988.0,"Eruption Period":"Since 1900","Elevation (m)":596,"Elevation Class":"0-999 m","Tectonic Setting":"Subduction zone / Oceanic crust (< 15 km)","Tectonic Group":"Subduction","Dominant Rock Type":"Dacite"}},{"type":"Feature","geometry":{"type":"Point","coordinates":[121.601,-0.162]},"properties":{"Volcano Number":266010,"Volcano Name":"Colo","Country":"Indonesia","Volcanic Region Group":"Western Pacific Volcanic Regions","Volcanic Region":"Sangihe Volcanic Arc","Volcano Landform":"Composite","Primary Volcano Type":"Stratovolcano","Type Group":"Cone volcanoes","Type Description":"Tall, steep volcanoes often built by alternating lava and ash layers.","Activity Evidence":"Eruption Observed","Activity Class":"Observed eruption","Last Known Eruption":"1983 CE","Eruption Year":1983.0,"Eruption Period":"Since 1900","Elevation (m)":404,"Elevation Class":"0-999 m","Tectonic Setting":"Subduction zone / Continental crust (>25 km)","Tectonic Group":"Subduction","Dominant Rock Type":"Trachyandesite / Basaltic Trachyandesite"}},{"type":"Feature","geometry":{"type":"Point","coordinates":[124.42,0.75]},"properties":{"Volcano Number":266020,"Volcano Name":"Ambang","Country":"Indonesia","Volcanic Region Group":"Western Pacific Volcanic Regions","Volcanic Region":"Sangihe Volcanic Arc","Volcano Landform":"Composite","Primary Volcano Type":"Complex","Type Group":"Complex volcanoes","Type Description":"Volcanoes with multiple vents, cones, or overlapping eruptive centers.","Activity Evidence":"Eruption Observed","Activity Class":"Observed eruption","Last Known Eruption":"2005 CE","Eruption Year":2005.0,"Eruption Period":"Since 1900","Elevation (m)":1795,"Elevation Class":"1,000-2,999 m","Tectonic Setting":"Subduction zone / Continental crust (>25 km)","Tectonic Group":"Subduction","Dominant Rock Type":"Andesite / Basaltic Andesite"}},{"type":"Feature","geometry":{"type":"Point","coordinates":[124.737,1.112]},"properties":{"Volcano Number":266030,"Volcano Name":"Soputan","Country":"Indonesia","Volcanic Region Group":"Western Pacific Volcanic Regions","Volcanic Region":"Sangihe Volcanic Arc","Volcano Landform":"Composite","Primary Volcano Type":"Stratovolcano","Type Group":"Cone volcanoes","Type Description":"Tall, steep volcanoes often built by alternating lava and ash layers.","Activity Evidence":"Eruption Observed","Activity Class":"Observed eruption","Last Known Eruption":"2020 CE","Eruption Year":2020.0,"Eruption Period":"Since 1900","Elevation (m)":1785,"Elevation Class":"1,000-2,999 m","Tectonic Setting":"Subduction zone / Continental crust (>25 km)","Tectonic Group":"Subduction","Dominant Rock Type":"Andesite / Basaltic Andesite"}},{"type":"Feature","geometry":{"type":"Point","coordinates":[124.7992,1.3644]},"properties":{"Volcano Number":266100,"Volcano Name":"Lokon-Empung","Country":"Indonesia","Volcanic Region Group":"Western Pacific Volcanic Regions","Volcanic Region":"Sangihe Volcanic Arc","Volcano Landform":"Composite","Primary Volcano Type":"Stratovolcano(es)","Type Group":"Cone volcanoes","Type Description":"Tall, steep volcanoes often built by alternating lava and ash layers.","Activity Evidence":"Eruption Observed","Activity Class":"Observed eruption","Last Known Eruption":"2015 CE","Eruption Year":2015.0,"Eruption Period":"Since 1900","Elevation (m)":1580,"Elevation Class":"1,000-2,999 m","Tectonic Setting":"Subduction zone / Continental crust (>25 km)","Tectonic Group":"Subduction","Dominant Rock Type":"Basalt / Picro-Basalt"}},{"type":"Feature","geometry":{"type":"Point","coordinates":[124.865,1.352]},"properties":{"Volcano Number":266110,"Volcano Name":"Mahawu","Country":"Indonesia","Volcanic Region Group":"Western Pacific Volcanic Regions","Volcanic Region":"Sangihe Volcanic Arc","Volcano Landform":"Composite","Primary Volcano Type":"Stratovolcano","Type Group":"Cone volcanoes","Type Description":"Tall, steep volcanoes often built by alternating lava and ash layers.","Activity Evidence":"Eruption Observed","Activity Class":"Observed eruption","Last Known Eruption":"1977 CE","Eruption Year":1977.0,"Eruption Period":"Since 1900","Elevation (m)":1299,"Elevation Class":"1,000-2,999 m","Tectonic Setting":"Subduction zone / Continental crust (>25 km)","Tectonic Group":"Subduction","Dominant Rock Type":"Andesite / Basaltic Andesite"}},{"type":"Feature","geometry":{"type":"Point","coordinates":[125.031,1.454]},"properties":{"Volcano Number":266120,"Volcano Name":"Klabat","Country":"Indonesia","Volcanic Region Group":"Western Pacific Volcanic Regions","Volcanic Region":"Sangihe Volcanic Arc","Volcano Landform":"Composite","Primary Volcano Type":"Stratovolcano","Type Group":"Cone volcanoes","Type Description":"Tall, steep volcanoes often built by alternating lava and ash layers.","Activity Evidence":"Unrest / Holocene","Activity Class":"Unspecified","Last Known Eruption":"Unknown","Eruption Year":null,"Eruption Period":"BCE record","Elevation (m)":1968,"Elevation Class":"1,000-2,999 m","Tectonic Setting":"Subduction zone / Continental crust (>25 km)","Tectonic Group":"Subduction","Dominant Rock Type":"Andesite / Basaltic Andesite"}},{"type":"Feature","geometry":{"type":"Point","coordinates":[125.185,1.518]},"properties":{"Volcano Number":266130,"Volcano Name":"Tangkoko-Duasudara","Country":"Indonesia","Volcanic Region Group":"Western Pacific Volcanic Regions","Volcanic Region":"Sangihe Volcanic Arc","Volcano Landform":"Composite","Primary Volcano Type":"Stratovolcano","Type Group":"Cone volcanoes","Type Description":"Tall, steep volcanoes often built by alternating lava and ash layers.","Activity Evidence":"Eruption Observed","Activity Class":"Observed eruption","Last Known Eruption":"1880 CE","Eruption Year":1880.0,"Eruption Period":"1500-1899","Elevation (m)":1334,"Elevation Class":"1,000-2,999 m","Tectonic Setting":"Subduction zone / Continental crust (>25 km)","Tectonic Group":"Subduction","Dominant Rock Type":"Andesite / Basaltic Andesite"}},{"type":"Feature","geometry":{"type":"Point","coordinates":[125.3671,2.3058]},"properties":{"Volcano Number":267010,"Volcano Name":"Ruang","Country":"Indonesia","Volcanic Region Group":"Western Pacific Volcanic Regions","Volcanic Region":"Sangihe Volcanic Arc","Volcano Landform":"Composite","Primary Volcano Type":"Stratovolcano","Type Group":"Cone volcanoes","Type Description":"Tall, steep volcanoes often built by alternating lava and ash layers.","Activity Evidence":"Eruption Observed","Activity Class":"Observed eruption","Last Known Eruption":"2024 CE","Eruption Year":2024.0,"Eruption Period":"Since 1900","Elevation (m)":703,"Elevation Class":"0-999 m","Tectonic Setting":"Subduction zone / Oceanic crust (< 15 km)","Tectonic Group":"Subduction","Dominant Rock Type":"Andesite / Basaltic Andesite"}},{"type":"Feature","geometry":{"type":"Point","coordinates":[125.407,2.781]},"properties":{"Volcano Number":267020,"Volcano Name":"Karangetang","Country":"Indonesia","Volcanic Region Group":"Western Pacific Volcanic Regions","Volcanic Region":"Sangihe Volcanic Arc","Volcano Landform":"Composite","Primary Volcano Type":"Stratovolcano","Type Group":"Cone volcanoes","Type Description":"Tall, steep volcanoes often built by alternating lava and ash layers.","Activity Evidence":"Eruption Observed","Activity Class":"Observed eruption","Last Known Eruption":"2023 CE","Eruption Year":2023.0,"Eruption Period":"Since 1900","Elevation (m)":1797,"Elevation Class":"1,000-2,999 m","Tectonic Setting":"Subduction zone / Oceanic crust (< 15 km)","Tectonic Group":"Subduction","Dominant Rock Type":"Andesite / Basaltic Andesite"}},{"type":"Feature","geometry":{"type":"Point","coordinates":[125.4422,3.1463]},"properties":{"Volcano Number":267030,"Volcano Name":"Banua Wuhu","Country":"Indonesia","Volcanic Region Group":"Western Pacific Volcanic Regions","Volcanic Region":"Sangihe Volcanic Arc","Volcano Landform":"Composite","Primary Volcano Type":"Complex","Type Group":"Complex volcanoes","Type Description":"Volcanoes with multiple vents, cones, or overlapping eruptive centers.","Activity Evidence":"Eruption Observed","Activity Class":"Observed eruption","Last Known Eruption":"1919 CE","Eruption Year":1919.0,"Eruption Period":"Since 1900","Elevation (m)":-5,"Elevation Class":"Below sea level","Tectonic Setting":"Subduction zone / Oceanic crust (< 15 km)","Tectonic Group":"Subduction","Dominant Rock Type":"Andesite / Basaltic Andesite"}},{"type":"Feature","geometry":{"type":"Point","coordinates":[125.447,3.689]},"properties":{"Volcano Number":267040,"Volcano Name":"Awu","Country":"Indonesia","Volcanic Region Group":"Western Pacific Volcanic Regions","Volcanic Region":"Sangihe Volcanic Arc","Volcano Landform":"Composite","Primary Volcano Type":"Stratovolcano","Type Group":"Cone volcanoes","Type Description":"Tall, steep volcanoes often built by alternating lava and ash layers.","Activity Evidence":"Eruption Observed","Activity Class":"Observed eruption","Last Known Eruption":"2004 CE","Eruption Year":2004.0,"Eruption Period":"Since 1900","Elevation (m)":1318,"Elevation Class":"1,000-2,999 m","Tectonic Setting":"Subduction zone / Oceanic crust (< 15 km)","Tectonic Group":"Subduction","Dominant Rock Type":"Andesite / Basaltic Andesite"}},{"type":"Feature","geometry":{"type":"Point","coordinates":[127.825,1.832]},"properties":{"Volcano Number":268001,"Volcano Name":"Tarakan","Country":"Indonesia","Volcanic Region Group":"Western Pacific Volcanic Regions","Volcanic Region":"Halmahera Volcanic Arc","Volcano Landform":"Minor (Basaltic)","Primary Volcano Type":"Pyroclastic cone(s)","Type Group":"Small cones","Type Description":"Smaller volcanic cones or explosion craters formed by ash, cinders, or steam blasts.","Activity Evidence":"Evidence Credible","Activity Class":"Credible evidence","Last Known Eruption":"Unknown","Eruption Year":null,"Eruption Period":"BCE record","Elevation (m)":317,"Elevation Class":"0-999 m","Tectonic Setting":"Subduction zone / Oceanic crust (< 15 km)","Tectonic Group":"Subduction","Dominant Rock Type":"Basalt / Picro-Basalt"}},{"type":"Feature","geometry":{"type":"Point","coordinates":[127.8783,1.6992]},"properties":{"Volcano Number":268010,"Volcano Name":"Dukono","Country":"Indonesia","Volcanic Region Group":"Western Pacific Volcanic Regions","Volcanic Region":"Halmahera Volcanic Arc","Volcano Landform":"Composite","Primary Volcano Type":"Complex","Type Group":"Complex volcanoes","Type Description":"Volcanoes with multiple vents, cones, or overlapping eruptive centers.","Activity Evidence":"Eruption Observed","Activity Class":"Observed eruption","Last Known Eruption":"2026 CE","Eruption Year":2026.0,"Eruption Period":"Since 1900","Elevation (m)":1273,"Elevation Class":"1,000-2,999 m","Tectonic Setting":"Subduction zone / Oceanic crust (< 15 km)","Tectonic Group":"Subduction","Dominant Rock Type":"Andesite / Basaltic Andesite"}},{"type":"Feature","geometry":{"type":"Point","coordinates":[127.67,1.63]},"properties":{"Volcano Number":268020,"Volcano Name":"Tobaru","Country":"Indonesia","Volcanic Region Group":"Western Pacific Volcanic Regions","Volcanic Region":"Halmahera Volcanic Arc","Volcano Landform":"Composite","Primary Volcano Type":"Stratovolcano","Type Group":"Cone volcanoes","Type Description":"Tall, steep volcanoes often built by alternating lava and ash layers.","Activity Evidence":"Evidence Credible","Activity Class":"Credible evidence","Last Known Eruption":"Unknown","Eruption Year":null,"Eruption Period":"BCE record","Elevation (m)":1035,"Elevation Class":"1,000-2,999 m","Tectonic Setting":"Subduction zone / Oceanic crust (< 15 km)","Tectonic Group":"Subduction","Dominant Rock Type":"Andesite / Basaltic Andesite"}},{"type":"Feature","geometry":{"type":"Point","coordinates":[127.6324,1.4941]},"properties":{"Volcano Number":268030,"Volcano Name":"Ibu","Country":"Indonesia","Volcanic Region Group":"Western Pacific Volcanic Regions","Volcanic Region":"Halmahera Volcanic Arc","Volcano Landform":"Composite","Primary Volcano Type":"Stratovolcano","Type Group":"Cone volcanoes","Type Description":"Tall, steep volcanoes often built by alternating lava and ash layers.","Activity Evidence":"Eruption Observed","Activity Class":"Observed eruption","Last Known Eruption":"2026 CE","Eruption Year":2026.0,"Eruption Period":"Since 1900","Elevation (m)":1357,"Elevation Class":"1,000-2,999 m","Tectonic Setting":"Subduction zone / Oceanic crust (< 15 km)","Tectonic Group":"Subduction","Dominant Rock Type":"Andesite / Basaltic Andesite"}},{"type":"Feature","geometry":{"type":"Point","coordinates":[127.53,1.38]},"properties":{"Volcano Number":268040,"Volcano Name":"Gamkonora","Country":"Indonesia","Volcanic Region Group":"Western Pacific Volcanic Regions","Volcanic Region":"Halmahera Volcanic Arc","Volcano Landform":"Composite","Primary Volcano Type":"Stratovolcano","Type Group":"Cone volcanoes","Type Description":"Tall, steep volcanoes often built by alternating lava and ash layers.","Activity Evidence":"Eruption Observed","Activity Class":"Observed eruption","Last Known Eruption":"2007 CE","Eruption Year":2007.0,"Eruption Period":"Since 1900","Elevation (m)":1635,"Elevation Class":"1,000-2,999 m","Tectonic Setting":"Subduction zone / Oceanic crust (< 15 km)","Tectonic Group":"Subduction","Dominant Rock Type":"Andesite / Basaltic Andesite"}},{"type":"Feature","geometry":{"type":"Point","coordinates":[127.4556,1.2389]},"properties":{"Volcano Number":268050,"Volcano Name":"Todoko-Ranu","Country":"Indonesia","Volcanic Region Group":"Western Pacific Volcanic Regions","Volcanic Region":"Halmahera Volcanic Arc","Volcano Landform":"Composite","Primary Volcano Type":"Caldera(s)","Type Group":"Other or unknown","Type Description":"The database lists a less common or unspecified volcano form.","Activity Evidence":"Evidence Credible","Activity Class":"Credible evidence","Last Known Eruption":"Unknown","Eruption Year":null,"Eruption Period":"BCE record","Elevation (m)":979,"Elevation Class":"0-999 m","Tectonic Setting":"Subduction zone / Oceanic crust (< 15 km)","Tectonic Group":"Subduction","Dominant Rock Type":"Andesite / Basaltic Andesite"}},{"type":"Feature","geometry":{"type":"Point","coordinates":[127.439,1.08]},"properties":{"Volcano Number":268051,"Volcano Name":"Jailolo","Country":"Indonesia","Volcanic Region Group":"Western Pacific Volcanic Regions","Volcanic Region":"Halmahera Volcanic Arc","Volcano Landform":"Composite","Primary Volcano Type":"Stratovolcano","Type Group":"Cone volcanoes","Type Description":"Tall, steep volcanoes often built by alternating lava and ash layers.","Activity Evidence":"Evidence Credible","Activity Class":"Credible evidence","Last Known Eruption":"Unknown","Eruption Year":null,"Eruption Period":"BCE record","Elevation (m)":993,"Elevation Class":"0-999 m","Tectonic Setting":"Subduction zone / Oceanic crust (< 15 km)","Tectonic Group":"Subduction","Dominant Rock Type":"Andesite / Basaltic Andesite"}},{"type":"Feature","geometry":{"type":"Point","coordinates":[127.317,0.8971]},"properties":{"Volcano Number":268052,"Volcano Name":"Hiri","Country":"Indonesia","Volcanic Region Group":"Western Pacific Volcanic Regions","Volcanic Region":"Halmahera Volcanic Arc","Volcano Landform":"Composite","Primary Volcano Type":"Stratovolcano","Type Group":"Cone volcanoes","Type Description":"Tall, steep volcanoes often built by alternating lava and ash layers.","Activity Evidence":"Evidence Credible","Activity Class":"Credible evidence","Last Known Eruption":"Unknown","Eruption Year":null,"Eruption Period":"BCE record","Elevation (m)":687,"Elevation Class":"0-999 m","Tectonic Setting":"Subduction zone / Oceanic crust (< 15 km)","Tectonic Group":"Subduction","Dominant Rock Type":"Basalt / Picro-Basalt"}},{"type":"Feature","geometry":{"type":"Point","coordinates":[127.3322,0.81]},"properties":{"Volcano Number":268060,"Volcano Name":"Gamalama","Country":"Indonesia","Volcanic Region Group":"Western Pacific Volcanic Regions","Volcanic Region":"Halmahera Volcanic Arc","Volcano Landform":"Composite","Primary Volcano Type":"Stratovolcano(es)","Type Group":"Cone volcanoes","Type Description":"Tall, steep volcanoes often built by alternating lava and ash layers.","Activity Evidence":"Eruption Observed","Activity Class":"Observed eruption","Last Known Eruption":"2018 CE","Eruption Year":2018.0,"Eruption Period":"Since 1900","Elevation (m)":1714,"Elevation Class":"1,000-2,999 m","Tectonic Setting":"Subduction zone / Oceanic crust (< 15 km)","Tectonic Group":"Subduction","Dominant Rock Type":"Andesite / Basaltic Andesite"}},{"type":"Feature","geometry":{"type":"Point","coordinates":[127.4029,0.6623]},"properties":{"Volcano Number":268061,"Volcano Name":"Kie Matubu","Country":"Indonesia","Volcanic Region Group":"Western Pacific Volcanic Regions","Volcanic Region":"Halmahera Volcanic Arc","Volcano Landform":"Composite","Primary Volcano Type":"Stratovolcano","Type Group":"Cone volcanoes","Type Description":"Tall, steep volcanoes often built by alternating lava and ash layers.","Activity Evidence":"Eruption Dated","Activity Class":"Dated eruption","Last Known Eruption":"1210 CE","Eruption Year":1210.0,"Eruption Period":"1-1499 CE","Elevation (m)":1713,"Elevation Class":"1,000-2,999 m","Tectonic Setting":"Subduction zone / Oceanic crust (< 15 km)","Tectonic Group":"Subduction","Dominant Rock Type":"Andesite / Basaltic Andesite"}},{"type":"Feature","geometry":{"type":"Point","coordinates":[127.4,0.57]},"properties":{"Volcano Number":268062,"Volcano Name":"Mare","Country":"Indonesia","Volcanic Region Group":"Western Pacific Volcanic Regions","Volcanic Region":"Halmahera Volcanic Arc","Volcano Landform":"Composite","Primary Volcano Type":"Stratovolcano","Type Group":"Cone volcanoes","Type Description":"Tall, steep volcanoes often built by alternating lava and ash layers.","Activity Evidence":"Evidence Credible","Activity Class":"Credible evidence","Last Known Eruption":"Unknown","Eruption Year":null,"Eruption Period":"BCE record","Elevation (m)":308,"Elevation Class":"0-999 m","Tectonic Setting":"Subduction zone / Oceanic crust (< 15 km)","Tectonic Group":"Subduction","Dominant Rock Type":"Andesite / Basaltic Andesite"}},{"type":"Feature","geometry":{"type":"Point","coordinates":[127.411,0.454]},"properties":{"Volcano Number":268063,"Volcano Name":"Moti","Country":"Indonesia","Volcanic Region Group":"Western Pacific Volcanic Regions","Volcanic Region":"Halmahera Volcanic Arc","Volcano Landform":"Composite","Primary Volcano Type":"Stratovolcano","Type Group":"Cone volcanoes","Type Description":"Tall, steep volcanoes often built by alternating lava and ash layers.","Activity Evidence":"Evidence Credible","Activity Class":"Credible evidence","Last Known Eruption":"Unknown","Eruption Year":null,"Eruption Period":"BCE record","Elevation (m)":927,"Elevation Class":"0-999 m","Tectonic Setting":"Subduction zone / Oceanic crust (< 15 km)","Tectonic Group":"Subduction","Dominant Rock Type":"Andesite / Basaltic Andesite"}},{"type":"Feature","geometry":{"type":"Point","coordinates":[127.4,0.32]},"properties":{"Volcano Number":268070,"Volcano Name":"Kie Besi","Country":"Indonesia","Volcanic Region Group":"Western Pacific Volcanic Regions","Volcanic Region":"Halmahera Volcanic Arc","Volcano Landform":"Composite","Primary Volcano Type":"Stratovolcano","Type Group":"Cone volcanoes","Type Description":"Tall, steep volcanoes often built by alternating lava and ash layers.","Activity Evidence":"Eruption Observed","Activity Class":"Observed eruption","Last Known Eruption":"1988 CE","Eruption Year":1988.0,"Eruption Period":"Since 1900","Elevation (m)":1357,"Elevation Class":"1,000-2,999 m","Tectonic Setting":"Subduction zone / Oceanic crust (< 15 km)","Tectonic Group":"Subduction","Dominant Rock Type":"Andesite / Basaltic Andesite"}},{"type":"Feature","geometry":{"type":"Point","coordinates":[124.892,6.113]},"properties":{"Volcano Number":271011,"Volcano Name":"Melebingoy","Country":"Philippines","Volcanic Region Group":"Western Pacific Volcanic Regions","Volcanic Region":"Mindanao Volcanic Province","Volcano Landform":"Composite","Primary Volcano Type":"Stratovolcano","Type Group":"Cone volcanoes","Type Description":"Tall, steep volcanoes often built by alternating lava and ash layers.","Activity Evidence":"Eruption Observed","Activity Class":"Observed eruption","Last Known Eruption":"1641 CE","Eruption Year":1641.0,"Eruption Period":"1500-1899","Elevation (m)":1824,"Elevation Class":"1,000-2,999 m","Tectonic Setting":"Subduction zone / Continental crust (>25 km)","Tectonic Group":"Subduction","Dominant Rock Type":"Andesite / Basaltic Andesite"}},{"type":"Feature","geometry":{"type":"Point","coordinates":[125.0765,6.3604]},"properties":{"Volcano Number":271020,"Volcano Name":"Matutum","Country":"Philippines","Volcanic Region Group":"Western Pacific Volcanic Regions","Volcanic Region":"Mindanao Volcanic Province","Volcano Landform":"Composite","Primary Volcano Type":"Stratovolcano","Type Group":"Cone volcanoes","Type Description":"Tall, steep volcanoes often built by alternating lava and ash layers.","Activity Evidence":"Eruption Dated","Activity Class":"Dated eruption","Last Known Eruption":"1290 CE","Eruption Year":1290.0,"Eruption Period":"1-1499 CE","Elevation (m)":2262,"Elevation Class":"1,000-2,999 m","Tectonic Setting":"Subduction zone / Continental crust (>25 km)","Tectonic Group":"Subduction","Dominant Rock Type":"Andesite / Basaltic Andesite"}},{"type":"Feature","geometry":{"type":"Point","coordinates":[126.047,7.382]},"properties":{"Volcano Number":271031,"Volcano Name":"Leonard Range","Country":"Philippines","Volcanic Region Group":"Western Pacific Volcanic Regions","Volcanic Region":"Eastern Philippine Volcanic Arc","Volcano Landform":"Cluster","Primary Volcano Type":"Stratovolcano","Type Group":"Cone volcanoes","Type Description":"Tall, steep volcanoes often built by alternating lava and ash layers.","Activity Evidence":"Eruption Dated","Activity Class":"Dated eruption","Last Known Eruption":"80 CE","Eruption Year":80.0,"Eruption Period":"1-1499 CE","Elevation (m)":1080,"Elevation Class":"1,000-2,999 m","Tectonic Setting":"Subduction zone / Continental crust (>25 km)","Tectonic Group":"Subduction","Dominant Rock Type":"Andesite / Basaltic Andesite"}},{"type":"Feature","geometry":{"type":"Point","coordinates":[124.317,7.644]},"properties":{"Volcano Number":271040,"Volcano Name":"Makaturing","Country":"Philippines","Volcanic Region Group":"Western Pacific Volcanic Regions","Volcanic Region":"Mindanao Volcanic Province","Volcano Landform":"Composite","Primary Volcano Type":"Stratovolcano","Type Group":"Cone volcanoes","Type Description":"Tall, steep volcanoes often built by alternating lava and ash layers.","Activity Evidence":"Eruption Observed","Activity Class":"Observed eruption","Last Known Eruption":"1882 CE","Eruption Year":1882.0,"Eruption Period":"1500-1899","Elevation (m)":1818,"Elevation Class":"1,000-2,999 m","Tectonic Setting":"Subduction zone / Continental crust (>25 km)","Tectonic Group":"Subduction","Dominant Rock Type":"Basalt / Picro-Basalt"}},{"type":"Feature","geometry":{"type":"Point","coordinates":[124.507,7.691]},"properties":{"Volcano Number":271060,"Volcano Name":"Ragang","Country":"Philippines","Volcanic Region Group":"Western Pacific Volcanic Regions","Volcanic Region":"Mindanao Volcanic Province","Volcano Landform":"Composite","Primary Volcano Type":"Stratovolcano","Type Group":"Cone volcanoes","Type Description":"Tall, steep volcanoes often built by alternating lava and ash layers.","Activity Evidence":"Eruption Observed","Activity Class":"Observed eruption","Last Known Eruption":"1916 CE","Eruption Year":1916.0,"Eruption Period":"Since 1900","Elevation (m)":2790,"Elevation Class":"1,000-2,999 m","Tectonic Setting":"Subduction zone / Continental crust (>25 km)","Tectonic Group":"Subduction","Dominant Rock Type":"Basalt / Picro-Basalt"}},{"type":"Feature","geometry":{"type":"Point","coordinates":[125.0697,7.8765]},"properties":{"Volcano Number":271070,"Volcano Name":"Musuan","Country":"Philippines","Volcanic Region Group":"Western Pacific Volcanic Regions","Volcanic Region":"Mindanao Volcanic Province","Volcano Landform":"Minor (Silicic)","Primary Volcano Type":"Lava dome","Type Group":"Other or unknown","Type Description":"The database lists a less common or unspecified volcano form.","Activity Evidence":"Evidence Uncertain","Activity Class":"Uncertain evidence","Last Known Eruption":"Unknown","Eruption Year":null,"Eruption Period":"BCE record","Elevation (m)":610,"Elevation Class":"0-999 m","Tectonic Setting":"Subduction zone / Continental crust (>25 km)","Tectonic Group":"Subduction","Dominant Rock Type":"Andesite / Basaltic Andesite"}},{"type":"Feature","geometry":{"type":"Point","coordinates":[124.673,9.203]},"properties":{"Volcano Number":271080,"Volcano Name":"Camiguin","Country":"Philippines","Volcanic Region Group":"Western Pacific Volcanic Regions","Volcanic Region":"Mindanao Volcanic Province","Volcano Landform":"Composite","Primary Volcano Type":"Stratovolcano(es)","Type Group":"Cone volcanoes","Type Description":"Tall, steep volcanoes often built by alternating lava and ash layers.","Activity Evidence":"Eruption Observed","Activity Class":"Observed eruption","Last Known Eruption":"1953 CE","Eruption Year":1953.0,"Eruption Period":"Since 1900","Elevation (m)":1552,"Elevation Class":"1,000-2,999 m","Tectonic Setting":"Subduction zone / Continental crust (>25 km)","Tectonic Group":"Subduction","Dominant Rock Type":"Andesite / Basaltic Andesite"}},{"type":"Feature","geometry":{"type":"Point","coordinates":[123.13,10.4096]},"properties":{"Volcano Number":272020,"Volcano Name":"Kanlaon","Country":"Philippines","Volcanic Region Group":"Western Pacific Volcanic Regions","Volcanic Region":"Negros-Sulu Volcanic Arc","Volcano Landform":"Composite","Primary Volcano Type":"Stratovolcano","Type Group":"Cone volcanoes","Type Description":"Tall, steep volcanoes often built by alternating lava and ash layers.","Activity Evidence":"Eruption Observed","Activity Class":"Observed eruption","Last Known Eruption":"2026 CE","Eruption Year":2026.0,"Eruption Period":"Since 1900","Elevation (m)":2422,"Elevation Class":"1,000-2,999 m","Tectonic Setting":"Subduction zone / Continental crust (>25 km)","Tectonic Group":"Subduction","Dominant Rock Type":"Andesite / Basaltic Andesite"}},{"type":"Feature","geometry":{"type":"Point","coordinates":[125.218,10.285]},"properties":{"Volcano Number":272050,"Volcano Name":"Cabalían","Country":"Philippines","Volcanic Region Group":"Western Pacific Volcanic Regions","Volcanic Region":"Eastern Philippine Volcanic Arc","Volcano Landform":"Composite","Primary Volcano Type":"Stratovolcano","Type Group":"Cone volcanoes","Type Description":"Tall, steep volcanoes often built by alternating lava and ash layers.","Activity Evidence":"Eruption Dated","Activity Class":"Dated eruption","Last Known Eruption":"1820 CE","Eruption Year":1820.0,"Eruption Period":"1500-1899","Elevation (m)":912,"Elevation Class":"0-999 m","Tectonic Setting":"Subduction zone / Continental crust (>25 km)","Tectonic Group":"Subduction","Dominant Rock Type":"Andesite / Basaltic Andesite"}},{"type":"Feature","geometry":{"type":"Point","coordinates":[124.535,11.523]},"properties":{"Volcano Number":272080,"Volcano Name":"Biliran","Country":"Philippines","Volcanic Region Group":"Western Pacific Volcanic Regions","Volcanic Region":"Eastern Philippine Volcanic Arc","Volcano Landform":"Composite","Primary Volcano Type":"Compound","Type Group":"Other or unknown","Type Description":"The database lists a less common or unspecified volcano form.","Activity Evidence":"Eruption Observed","Activity Class":"Observed eruption","Last Known Eruption":"1939 CE","Eruption Year":1939.0,"Eruption Period":"Since 1900","Elevation (m)":1301,"Elevation Class":"1,000-2,999 m","Tectonic Setting":"Subduction zone / Continental crust (>25 km)","Tectonic Group":"Subduction","Dominant Rock Type":"Andesite / Basaltic Andesite"}},{"type":"Feature","geometry":{"type":"Point","coordinates":[124.056,12.769]},"properties":{"Volcano Number":273010,"Volcano Name":"Bulusan","Country":"Philippines","Volcanic Region Group":"Western Pacific Volcanic Regions","Volcanic Region":"Eastern Philippine Volcanic Arc","Volcano Landform":"Composite","Primary Volcano Type":"Stratovolcano(es)","Type Group":"Cone volcanoes","Type Description":"Tall, steep volcanoes often built by alternating lava and ash layers.","Activity Evidence":"Eruption Observed","Activity Class":"Observed eruption","Last Known Eruption":"2025 CE","Eruption Year":2025.0,"Eruption Period":"Since 1900","Elevation (m)":1535,"Elevation Class":"1,000-2,999 m","Tectonic Setting":"Subduction zone / Continental crust (>25 km)","Tectonic Group":"Subduction","Dominant Rock Type":"Andesite / Basaltic Andesite"}},{"type":"Feature","geometry":{"type":"Point","coordinates":[123.685,13.257]},"properties":{"Volcano Number":273030,"Volcano Name":"Mayon","Country":"Philippines","Volcanic Region Group":"Western Pacific Volcanic Regions","Volcanic Region":"Eastern Philippine Volcanic Arc","Volcano Landform":"Composite","Primary Volcano Type":"Stratovolcano","Type Group":"Cone volcanoes","Type Description":"Tall, steep volcanoes often built by alternating lava and ash layers.","Activity Evidence":"Eruption Observed","Activity Class":"Observed eruption","Last Known Eruption":"2026 CE","Eruption Year":2026.0,"Eruption Period":"Since 1900","Elevation (m)":2462,"Elevation Class":"1,000-2,999 m","Tectonic Setting":"Subduction zone / Continental crust (>25 km)","Tectonic Group":"Subduction","Dominant Rock Type":"Andesite / Basaltic Andesite"}},{"type":"Feature","geometry":{"type":"Point","coordinates":[123.451,13.458]},"properties":{"Volcano Number":273041,"Volcano Name":"Iriga","Country":"Philippines","Volcanic Region Group":"Western Pacific Volcanic Regions","Volcanic Region":"Eastern Philippine Volcanic Arc","Volcano Landform":"Composite","Primary Volcano Type":"Stratovolcano","Type Group":"Cone volcanoes","Type Description":"Tall, steep volcanoes often built by alternating lava and ash layers.","Activity Evidence":"Evidence Credible","Activity Class":"Credible evidence","Last Known Eruption":"Unknown","Eruption Year":null,"Eruption Period":"BCE record","Elevation (m)":1138,"Elevation Class":"1,000-2,999 m","Tectonic Setting":"Subduction zone / Continental crust (>25 km)","Tectonic Group":"Subduction","Dominant Rock Type":"Andesite / Basaltic Andesite"}},{"type":"Feature","geometry":{"type":"Point","coordinates":[123.38,13.658]},"properties":{"Volcano Number":273042,"Volcano Name":"Isarog","Country":"Philippines","Volcanic Region Group":"Western Pacific Volcanic Regions","Volcanic Region":"Eastern Philippine Volcanic Arc","Volcano Landform":"Composite","Primary Volcano Type":"Stratovolcano","Type Group":"Cone volcanoes","Type Description":"Tall, steep volcanoes often built by alternating lava and ash layers.","Activity Evidence":"Eruption Dated","Activity Class":"Dated eruption","Last Known Eruption":"3500 BCE","Eruption Year":-3500.0,"Eruption Period":"BCE record","Elevation (m)":1966,"Elevation Class":"1,000-2,999 m","Tectonic Setting":"Subduction zone / Continental crust (>25 km)","Tectonic Group":"Subduction","Dominant Rock Type":"Andesite / Basaltic Andesite"}},{"type":"Feature","geometry":{"type":"Point","coordinates":[121.48,14.07]},"properties":{"Volcano Number":273050,"Volcano Name":"Banahaw","Country":"Philippines","Volcanic Region Group":"Western Pacific Volcanic Regions","Volcanic Region":"Luzon Volcanic Arc","Volcano Landform":"Composite","Primary Volcano Type":"Complex","Type Group":"Complex volcanoes","Type Description":"Volcanoes with multiple vents, cones, or overlapping eruptive centers.","Activity Evidence":"Evidence Credible","Activity Class":"Credible evidence","Last Known Eruption":"Unknown","Eruption Year":null,"Eruption Period":"BCE record","Elevation (m)":2158,"Elevation Class":"1,000-2,999 m","Tectonic Setting":"Subduction zone / Continental crust (>25 km)","Tectonic Group":"Subduction","Dominant Rock Type":"Andesite / Basaltic Andesite"}},{"type":"Feature","geometry":{"type":"Point","coordinates":[121.3,14.12]},"properties":{"Volcano Number":273060,"Volcano Name":"San Pablo Volcanic Field","Country":"Philippines","Volcanic Region Group":"Western Pacific Volcanic Regions","Volcanic Region":"Luzon Volcanic Arc","Volcano Landform":"Cluster","Primary Volcano Type":"Volcanic field","Type Group":"Volcanic fields","Type Description":"Areas with many vents spread across a wider landscape.","Activity Evidence":"Eruption Dated","Activity Class":"Dated eruption","Last Known Eruption":"1350 CE","Eruption Year":1350.0,"Eruption Period":"1-1499 CE","Elevation (m)":1090,"Elevation Class":"1,000-2,999 m","Tectonic Setting":"Subduction zone / Continental crust (>25 km)","Tectonic Group":"Subduction","Dominant Rock Type":"Trachyandesite / Basaltic Trachyandesite"}},{"type":"Feature","geometry":{"type":"Point","coordinates":[120.9975,14.0106]},"properties":{"Volcano Number":273070,"Volcano Name":"Taal","Country":"Philippines","Volcanic Region Group":"Western Pacific Volcanic Regions","Volcanic Region":"Luzon Volcanic Arc","Volcano Landform":"Caldera","Primary Volcano Type":"Caldera","Type Group":"Calderas","Type Description":"Large collapse basins that can form after major eruptions empty magma chambers.","Activity Evidence":"Eruption Observed","Activity Class":"Observed eruption","Last Known Eruption":"2026 CE","Eruption Year":2026.0,"Eruption Period":"Since 1900","Elevation (m)":311,"Elevation Class":"0-999 m","Tectonic Setting":"Subduction zone / Continental crust (>25 km)","Tectonic Group":"Subduction","Dominant Rock Type":"Andesite / Basaltic Andesite"}},{"type":"Feature","geometry":{"type":"Point","coordinates":[120.35,15.13]},"properties":{"Volcano Number":273083,"Volcano Name":"Pinatubo","Country":"Philippines","Volcanic Region Group":"Western Pacific Volcanic Regions","Volcanic Region":"Luzon Volcanic Arc","Volcano Landform":"Composite","Primary Volcano Type":"Stratovolcano","Type Group":"Cone volcanoes","Type Description":"Tall, steep volcanoes often built by alternating lava and ash layers.","Activity Evidence":"Eruption Observed","Activity Class":"Observed eruption","Last Known Eruption":"2021 CE","Eruption Year":2021.0,"Eruption Period":"Since 1900","Elevation (m)":1486,"Elevation Class":"1,000-2,999 m","Tectonic Setting":"Subduction zone / Continental crust (>25 km)","Tectonic Group":"Subduction","Dominant Rock Type":"Dacite"}},{"type":"Feature","geometry":{"type":"Point","coordinates":[122.123,18.222]},"properties":{"Volcano Number":273090,"Volcano Name":"Cagua","Country":"Philippines","Volcanic Region Group":"Western Pacific Volcanic Regions","Volcanic Region":"Luzon Volcanic Arc","Volcano Landform":"Composite","Primary Volcano Type":"Stratovolcano","Type Group":"Cone volcanoes","Type Description":"Tall, steep volcanoes often built by alternating lava and ash layers.","Activity Evidence":"Eruption Observed","Activity Class":"Observed eruption","Last Known Eruption":"1860 CE","Eruption Year":1860.0,"Eruption Period":"1500-1899","Elevation (m)":1133,"Elevation Class":"1,000-2,999 m","Tectonic Setting":"Subduction zone / Continental crust (>25 km)","Tectonic Group":"Subduction","Dominant Rock Type":"Andesite / Basaltic Andesite"}},{"type":"Feature","geometry":{"type":"Point","coordinates":[121.86,18.83]},"properties":{"Volcano Number":274010,"Volcano Name":"Camiguin de Babuyanes","Country":"Philippines","Volcanic Region Group":"Western Pacific Volcanic Regions","Volcanic Region":"Luzon Volcanic Arc","Volcano Landform":"Composite","Primary Volcano Type":"Stratovolcano","Type Group":"Cone volcanoes","Type Description":"Tall, steep volcanoes often built by alternating lava and ash layers.","Activity Evidence":"Eruption Observed","Activity Class":"Observed eruption","Last Known Eruption":"1857 CE","Eruption Year":1857.0,"Eruption Period":"1500-1899","Elevation (m)":712,"Elevation Class":"0-999 m","Tectonic Setting":"Subduction zone / Crustal thickness unknown","Tectonic Group":"Subduction","Dominant Rock Type":"Andesite / Basaltic Andesite"}},{"type":"Feature","geometry":{"type":"Point","coordinates":[122.202,19.077]},"properties":{"Volcano Number":274020,"Volcano Name":"Didicas","Country":"Philippines","Volcanic Region Group":"Western Pacific Volcanic Regions","Volcanic Region":"Luzon Volcanic Arc","Volcano Landform":"Composite","Primary Volcano Type":"Compound","Type Group":"Other or unknown","Type Description":"The database lists a less common or unspecified volcano form.","Activity Evidence":"Eruption Observed","Activity Class":"Observed eruption","Last Known Eruption":"1978 CE","Eruption Year":1978.0,"Eruption Period":"Since 1900","Elevation (m)":228,"Elevation Class":"0-999 m","Tectonic Setting":"Subduction zone / Crustal thickness unknown","Tectonic Group":"Subduction","Dominant Rock Type":"Andesite / Basaltic Andesite"}},{"type":"Feature","geometry":{"type":"Point","coordinates":[121.95,19.524]},"properties":{"Volcano Number":274030,"Volcano Name":"Babuyan Claro","Country":"Philippines","Volcanic Region Group":"Western Pacific Volcanic Regions","Volcanic Region":"Luzon Volcanic Arc","Volcano Landform":"Composite","Primary Volcano Type":"Stratovolcano(es)","Type Group":"Cone volcanoes","Type Description":"Tall, steep volcanoes often built by alternating lava and ash layers.","Activity Evidence":"Eruption Observed","Activity Class":"Observed eruption","Last Known Eruption":"1924 CE","Eruption Year":1924.0,"Eruption Period":"Since 1900","Elevation (m)":1064,"Elevation Class":"1,000-2,999 m","Tectonic Setting":"Subduction zone / Crustal thickness unknown","Tectonic Group":"Subduction","Dominant Rock Type":"Andesite / Basaltic Andesite"}},{"type":"Feature","geometry":{"type":"Point","coordinates":[122.01,20.469]},"properties":{"Volcano Number":274060,"Volcano Name":"Iraya","Country":"Philippines","Volcanic Region Group":"Western Pacific Volcanic Regions","Volcanic Region":"Luzon Volcanic Arc","Volcano Landform":"Composite","Primary Volcano Type":"Stratovolcano","Type Group":"Cone volcanoes","Type Description":"Tall, steep volcanoes often built by alternating lava and ash layers.","Activity Evidence":"Eruption Observed","Activity Class":"Observed eruption","Last Known Eruption":"1454 CE","Eruption Year":1454.0,"Eruption Period":"1-1499 CE","Elevation (m)":1009,"Elevation Class":"1,000-2,999 m","Tectonic Setting":"Subduction zone / Crustal thickness unknown","Tectonic Group":"Subduction","Dominant Rock Type":"Andesite / Basaltic Andesite"}},{"type":"Feature","geometry":{"type":"Point","coordinates":[110.229,19.905]},"properties":{"Volcano Number":275001,"Volcano Name":"Hainan Volcanic Field","Country":"China","Volcanic Region Group":"Eastern Asia Volcanic Regions","Volcanic Region":"Southeast Asia Volcanic Province","Volcano Landform":"Cluster","Primary Volcano Type":"Volcanic field","Type Group":"Volcanic fields","Type Description":"Areas with many vents spread across a wider landscape.","Activity Evidence":"Eruption Observed","Activity Class":"Observed eruption","Last Known Eruption":"1933 CE","Eruption Year":1933.0,"Eruption Period":"Since 1900","Elevation (m)":196,"Elevation Class":"0-999 m","Tectonic Setting":"Intraplate / Continental crust (>25 km)","Tectonic Group":"Intraplate","Dominant Rock Type":"Basalt / Picro-Basalt"}},{"type":"Feature","geometry":{"type":"Point","coordinates":[109.12,15.38]},"properties":{"Volcano Number":275020,"Volcano Name":"Ly Son Group","Country":"Vietnam","Volcanic Region Group":"Eastern Asia Volcanic Regions","Volcanic Region":"Southeast Asia Volcanic Province","Volcano Landform":"Cluster","Primary Volcano Type":"Volcanic field","Type Group":"Volcanic fields","Type Description":"Areas with many vents spread across a wider landscape.","Activity Evidence":"Evidence Credible","Activity Class":"Credible evidence","Last Known Eruption":"Unknown","Eruption Year":null,"Eruption Period":"BCE record","Elevation (m)":157,"Elevation Class":"0-999 m","Tectonic Setting":"Intraplate / Continental crust (>25 km)","Tectonic Group":"Intraplate","Dominant Rock Type":"Basalt / Picro-Basalt"}},{"type":"Feature","geometry":{"type":"Point","coordinates":[109.014,10.158]},"properties":{"Volcano Number":275060,"Volcano Name":"Cendres, Ile des","Country":"Vietnam","Volcanic Region Group":"Eastern Asia Volcanic Regions","Volcanic Region":"Southeast Asia Volcanic Province","Volcano Landform":"Cluster","Primary Volcano Type":"Volcanic field","Type Group":"Volcanic fields","Type Description":"Areas with many vents spread across a wider landscape.","Activity Evidence":"Eruption Observed","Activity Class":"Observed eruption","Last Known Eruption":"1923 CE","Eruption Year":1923.0,"Eruption Period":"Since 1900","Elevation (m)":-20,"Elevation Class":"Below sea level","Tectonic Setting":"Intraplate / Continental crust (>25 km)","Tectonic Group":"Intraplate","Dominant Rock Type":"Basalt / Picro-Basalt"}},{"type":"Feature","geometry":{"type":"Point","coordinates":[95.25,20.92]},"properties":{"Volcano Number":275080,"Volcano Name":"Popa","Country":"Burma (Myanmar)","Volcanic Region Group":"Eastern Asia Volcanic Regions","Volcanic Region":"Southeast Asia Volcanic Province","Volcano Landform":"Composite","Primary Volcano Type":"Stratovolcano","Type Group":"Cone volcanoes","Type Description":"Tall, steep volcanoes often built by alternating lava and ash layers.","Activity Evidence":"Eruption Dated","Activity Class":"Dated eruption","Last Known Eruption":"6050 BCE","Eruption Year":-6050.0,"Eruption Period":"BCE record","Elevation (m)":1518,"Elevation Class":"1,000-2,999 m","Tectonic Setting":"Intraplate / Continental crust (>25 km)","Tectonic Group":"Intraplate","Dominant Rock Type":"Basalt / Picro-Basalt"}},{"type":"Feature","geometry":{"type":"Point","coordinates":[98.5,25.23]},"properties":{"Volcano Number":275110,"Volcano Name":"Tengchong","Country":"China","Volcanic Region Group":"Eastern Asia Volcanic Regions","Volcanic Region":"Southeast Asia Volcanic Province","Volcano Landform":"Cluster","Primary Volcano Type":"Volcanic field","Type Group":"Volcanic fields","Type Description":"Areas with many vents spread across a wider landscape.","Activity Evidence":"Eruption Dated","Activity Class":"Dated eruption","Last Known Eruption":"5750 BCE","Eruption Year":-5750.0,"Eruption Period":"BCE record","Elevation (m)":2865,"Elevation Class":"1,000-2,999 m","Tectonic Setting":"Intraplate / Continental crust (>25 km)","Tectonic Group":"Intraplate","Dominant Rock Type":"Basalt / Picro-Basalt"}},{"type":"Feature","geometry":{"type":"Point","coordinates":[121.953,24.841]},"properties":{"Volcano Number":281031,"Volcano Name":"Kueishantao","Country":"Taiwan","Volcanic Region Group":"Western Pacific Volcanic Regions","Volcanic Region":"Ryukyu Volcanic Arc","Volcano Landform":"Composite","Primary Volcano Type":"Stratovolcano","Type Group":"Cone volcanoes","Type Description":"Tall, steep volcanoes often built by alternating lava and ash layers.","Activity Evidence":"Eruption Observed","Activity Class":"Observed eruption","Last Known Eruption":"1853 CE","Eruption Year":1853.0,"Eruption Period":"1500-1899","Elevation (m)":361,"Elevation Class":"0-999 m","Tectonic Setting":"Subduction zone / Continental crust (>25 km)","Tectonic Group":"Subduction","Dominant Rock Type":"Andesite / Basaltic Andesite"}},{"type":"Feature","geometry":{"type":"Point","coordinates":[121.553,25.178]},"properties":{"Volcano Number":281032,"Volcano Name":"Tatun Volcanic Group","Country":"Taiwan","Volcanic Region Group":"Western Pacific Volcanic Regions","Volcanic Region":"Ryukyu Volcanic Arc","Volcano Landform":"Cluster","Primary Volcano Type":"Lava dome(s)","Type Group":"Lava domes","Type Description":"Steep mounds built by thick lava that piles up near the vent.","Activity Evidence":"Eruption Dated","Activity Class":"Dated eruption","Last Known Eruption":"648 CE","Eruption Year":648.0,"Eruption Period":"1-1499 CE","Elevation (m)":1120,"Elevation Class":"1,000-2,999 m","Tectonic Setting":"Subduction zone / Continental crust (>25 km)","Tectonic Group":"Subduction","Dominant Rock Type":"Andesite / Basaltic Andesite"}},{"type":"Feature","geometry":{"type":"Point","coordinates":[123.93,24.57]},"properties":{"Volcano Number":282010,"Volcano Name":"Submarine Volcano NNE of Iriomotejima","Country":"Japan","Volcanic Region Group":"Western Pacific Volcanic Regions","Volcanic Region":"Ryukyu Volcanic Arc","Volcano Landform":"Composite","Primary Volcano Type":"Stratovolcano","Type Group":"Cone volcanoes","Type Description":"Tall, steep volcanoes often built by alternating lava and ash layers.","Activity Evidence":"Eruption Observed","Activity Class":"Observed eruption","Last Known Eruption":"1924 CE","Eruption Year":1924.0,"Eruption Period":"Since 1900","Elevation (m)":-200,"Elevation Class":"Below sea level","Tectonic Setting":"Subduction zone / Oceanic crust (< 15 km)","Tectonic Group":"Subduction","Dominant Rock Type":"Rhyolite"}},{"type":"Feature","geometry":{"type":"Point","coordinates":[128.223,27.881]},"properties":{"Volcano Number":282020,"Volcano Name":"Io-Torishima","Country":"Japan","Volcanic Region Group":"Western Pacific Volcanic Regions","Volcanic Region":"Ryukyu Volcanic Arc","Volcano Landform":"Composite","Primary Volcano Type":"Complex","Type Group":"Complex volcanoes","Type Description":"Volcanoes with multiple vents, cones, or overlapping eruptive centers.","Activity Evidence":"Eruption Observed","Activity Class":"Observed eruption","Last Known Eruption":"1968 CE","Eruption Year":1968.0,"Eruption Period":"Since 1900","Elevation (m)":212,"Elevation Class":"0-999 m","Tectonic Setting":"Subduction zone / Oceanic crust (< 15 km)","Tectonic Group":"Subduction","Dominant Rock Type":"Andesite / Basaltic Andesite"}},{"type":"Feature","geometry":{"type":"Point","coordinates":[128.997,28.797]},"properties":{"Volcano Number":282021,"Volcano Name":"Yokoatejima","Country":"Japan","Volcanic Region Group":"Western Pacific Volcanic Regions","Volcanic Region":"Ryukyu Volcanic Arc","Volcano Landform":"Composite","Primary Volcano Type":"Stratovolcano(es)","Type Group":"Cone volcanoes","Type Description":"Tall, steep volcanoes often built by alternating lava and ash layers.","Activity Evidence":"Eruption Observed","Activity Class":"Observed eruption","Last Known Eruption":"1835 CE","Eruption Year":1835.0,"Eruption Period":"1500-1899","Elevation (m)":495,"Elevation Class":"0-999 m","Tectonic Setting":"Subduction zone / Oceanic crust (< 15 km)","Tectonic Group":"Subduction","Dominant Rock Type":"Andesite / Basaltic Andesite"}},{"type":"Feature","geometry":{"type":"Point","coordinates":[129.594,29.465]},"properties":{"Volcano Number":282022,"Volcano Name":"Akusekijima","Country":"Japan","Volcanic Region Group":"Western Pacific Volcanic Regions","Volcanic Region":"Ryukyu Volcanic Arc","Volcano Landform":"Composite","Primary Volcano Type":"Stratovolcano(es)","Type Group":"Cone volcanoes","Type Description":"Tall, steep volcanoes often built by alternating lava and ash layers.","Activity Evidence":"Evidence Uncertain","Activity Class":"Uncertain evidence","Last Known Eruption":"Unknown","Eruption Year":null,"Eruption Period":"BCE record","Elevation (m)":555,"Elevation Class":"0-999 m","Tectonic Setting":"Subduction zone / Oceanic crust (< 15 km)","Tectonic Group":"Subduction","Dominant Rock Type":"Andesite / Basaltic Andesite"}},{"type":"Feature","geometry":{"type":"Point","coordinates":[129.714,29.638]},"properties":{"Volcano Number":282030,"Volcano Name":"Suwanosejima","Country":"Japan","Volcanic Region Group":"Western Pacific Volcanic Regions","Volcanic Region":"Ryukyu Volcanic Arc","Volcano Landform":"Composite","Primary Volcano Type":"Stratovolcano(es)","Type Group":"Cone volcanoes","Type Description":"Tall, steep volcanoes often built by alternating lava and ash layers.","Activity Evidence":"Eruption Observed","Activity Class":"Observed eruption","Last Known Eruption":"2026 CE","Eruption Year":2026.0,"Eruption Period":"Since 1900","Elevation (m)":796,"Elevation Class":"0-999 m","Tectonic Setting":"Subduction zone / Oceanic crust (< 15 km)","Tectonic Group":"Subduction","Dominant Rock Type":"Andesite / Basaltic Andesite"}},{"type":"Feature","geometry":{"type":"Point","coordinates":[129.857,29.859]},"properties":{"Volcano Number":282040,"Volcano Name":"Nakanoshima","Country":"Japan","Volcanic Region Group":"Western Pacific Volcanic Regions","Volcanic Region":"Ryukyu Volcanic Arc","Volcano Landform":"Composite","Primary Volcano Type":"Stratovolcano(es)","Type Group":"Cone volcanoes","Type Description":"Tall, steep volcanoes often built by alternating lava and ash layers.","Activity Evidence":"Eruption Observed","Activity Class":"Observed eruption","Last Known Eruption":"1914 CE","Eruption Year":1914.0,"Eruption Period":"Since 1900","Elevation (m)":979,"Elevation Class":"0-999 m","Tectonic Setting":"Subduction zone / Oceanic crust (< 15 km)","Tectonic Group":"Subduction","Dominant Rock Type":"Andesite / Basaltic Andesite"}},{"type":"Feature","geometry":{"type":"Point","coordinates":[129.926,29.968]},"properties":{"Volcano Number":282043,"Volcano Name":"Kuchinoshima","Country":"Japan","Volcanic Region Group":"Western Pacific Volcanic Regions","Volcanic Region":"Ryukyu Volcanic Arc","Volcano Landform":"Composite","Primary Volcano Type":"Stratovolcano(es)","Type Group":"Cone volcanoes","Type Description":"Tall, steep volcanoes often built by alternating lava and ash layers.","Activity Evidence":"Eruption Dated","Activity Class":"Dated eruption","Last Known Eruption":"1190 CE","Eruption Year":1190.0,"Eruption Period":"1-1499 CE","Elevation (m)":628,"Elevation Class":"0-999 m","Tectonic Setting":"Subduction zone / Oceanic crust (< 15 km)","Tectonic Group":"Subduction","Dominant Rock Type":"Andesite / Basaltic Andesite"}},{"type":"Feature","geometry":{"type":"Point","coordinates":[130.217,30.443]},"properties":{"Volcano Number":282050,"Volcano Name":"Kuchinoerabujima","Country":"Japan","Volcanic Region Group":"Western Pacific Volcanic Regions","Volcanic Region":"Ryukyu Volcanic Arc","Volcano Landform":"Composite","Primary Volcano Type":"Stratovolcano(es)","Type Group":"Cone volcanoes","Type Description":"Tall, steep volcanoes often built by alternating lava and ash layers.","Activity Evidence":"Eruption Observed","Activity Class":"Observed eruption","Last Known Eruption":"2020 CE","Eruption Year":2020.0,"Eruption Period":"Since 1900","Elevation (m)":657,"Elevation Class":"0-999 m","Tectonic Setting":"Subduction zone / Oceanic crust (< 15 km)","Tectonic Group":"Subduction","Dominant Rock Type":"Andesite / Basaltic Andesite"}},{"type":"Feature","geometry":{"type":"Point","coordinates":[130.305,30.793]},"properties":{"Volcano Number":282060,"Volcano Name":"Kikai","Country":"Japan","Volcanic Region Group":"Western Pacific Volcanic Regions","Volcanic Region":"Ryukyu Volcanic Arc","Volcano Landform":"Caldera","Primary Volcano Type":"Caldera","Type Group":"Calderas","Type Description":"Large collapse basins that can form after major eruptions empty magma chambers.","Activity Evidence":"Eruption Observed","Activity Class":"Observed eruption","Last Known Eruption":"2025 CE","Eruption Year":2025.0,"Eruption Period":"Since 1900","Elevation (m)":704,"Elevation Class":"0-999 m","Tectonic Setting":"Subduction zone / Oceanic crust (< 15 km)","Tectonic Group":"Subduction","Dominant Rock Type":"Rhyolite"}},{"type":"Feature","geometry":{"type":"Point","coordinates":[130.57,31.22]},"properties":{"Volcano Number":282070,"Volcano Name":"Ata","Country":"Japan","Volcanic Region Group":"Western Pacific Volcanic Regions","Volcanic Region":"Ryukyu Volcanic Arc","Volcano Landform":"Caldera","Primary Volcano Type":"Caldera(s)","Type Group":"Other or unknown","Type Description":"The database lists a less common or unspecified volcano form.","Activity Evidence":"Eruption Observed","Activity Class":"Observed eruption","Last Known Eruption":"885 CE","Eruption Year":885.0,"Eruption Period":"1-1499 CE","Elevation (m)":924,"Elevation Class":"0-999 m","Tectonic Setting":"Subduction zone / Continental crust (>25 km)","Tectonic Group":"Subduction","Dominant Rock Type":"Andesite / Basaltic Andesite"}},{"type":"Feature","geometry":{"type":"Point","coordinates":[130.6589,31.5772]},"properties":{"Volcano Number":282080,"Volcano Name":"Aira","Country":"Japan","Volcanic Region Group":"Western Pacific Volcanic Regions","Volcanic Region":"Ryukyu Volcanic Arc","Volcano Landform":"Caldera","Primary Volcano Type":"Caldera","Type Group":"Calderas","Type Description":"Large collapse basins that can form after major eruptions empty magma chambers.","Activity Evidence":"Eruption Observed","Activity Class":"Observed eruption","Last Known Eruption":"2026 CE","Eruption Year":2026.0,"Eruption Period":"Since 1900","Elevation (m)":1117,"Elevation Class":"1,000-2,999 m","Tectonic Setting":"Subduction zone / Continental crust (>25 km)","Tectonic Group":"Subduction","Dominant Rock Type":"Andesite / Basaltic Andesite"}},{"type":"Feature","geometry":{"type":"Point","coordinates":[130.592,31.771]},"properties":{"Volcano Number":282081,"Volcano Name":"Yonemaru-Sumiyoshiike","Country":"Japan","Volcanic Region Group":"Western Pacific Volcanic Regions","Volcanic Region":"Ryukyu Volcanic Arc","Volcano Landform":"Minor (Basaltic)","Primary Volcano Type":"Maar(s)","Type Group":"Small cones","Type Description":"Smaller volcanic cones or explosion craters formed by ash, cinders, or steam blasts.","Activity Evidence":"Eruption Dated","Activity Class":"Dated eruption","Last Known Eruption":"6200 BCE","Eruption Year":-6200.0,"Eruption Period":"BCE record","Elevation (m)":40,"Elevation Class":"0-999 m","Tectonic Setting":"Subduction zone / Continental crust (>25 km)","Tectonic Group":"Subduction","Dominant Rock Type":"Basalt / Picro-Basalt"}},{"type":"Feature","geometry":{"type":"Point","coordinates":[130.862,31.934]},"properties":{"Volcano Number":282090,"Volcano Name":"Kirishimayama","Country":"Japan","Volcanic Region Group":"Western Pacific Volcanic Regions","Volcanic Region":"Ryukyu Volcanic Arc","Volcano Landform":"Shield","Primary Volcano Type":"Shield","Type Group":"Shield volcanoes","Type Description":"Broad volcanoes formed by fluid lava flows that can spread far from the vent.","Activity Evidence":"Eruption Observed","Activity Class":"Observed eruption","Last Known Eruption":"2025 CE","Eruption Year":2025.0,"Eruption Period":"Since 1900","Elevation (m)":1700,"Elevation Class":"1,000-2,999 m","Tectonic Setting":"Subduction zone / Continental crust (>25 km)","Tectonic Group":"Subduction","Dominant Rock Type":"Andesite / Basaltic Andesite"}},{"type":"Feature","geometry":{"type":"Point","coordinates":[128.849,32.657]},"properties":{"Volcano Number":282091,"Volcano Name":"Fukue","Country":"Japan","Volcanic Region Group":"Western Pacific Volcanic Regions","Volcanic Region":"Nankai Volcanic Arc","Volcano Landform":"Cluster","Primary Volcano Type":"Volcanic field","Type Group":"Volcanic fields","Type Description":"Areas with many vents spread across a wider landscape.","Activity Evidence":"Eruption Dated","Activity Class":"Dated eruption","Last Known Eruption":"400 BCE","Eruption Year":-400.0,"Eruption Period":"BCE record","Elevation (m)":315,"Elevation Class":"0-999 m","Tectonic Setting":"Subduction zone / Continental crust (>25 km)","Tectonic Group":"Subduction","Dominant Rock Type":"Basalt / Picro-Basalt"}},{"type":"Feature","geometry":{"type":"Point","coordinates":[130.299,32.761]},"properties":{"Volcano Number":282100,"Volcano Name":"Unzendake","Country":"Japan","Volcanic Region Group":"Western Pacific Volcanic Regions","Volcanic Region":"Nankai Volcanic Arc","Volcano Landform":"Composite","Primary Volcano Type":"Complex","Type Group":"Complex volcanoes","Type Description":"Volcanoes with multiple vents, cones, or overlapping eruptive centers.","Activity Evidence":"Eruption Observed","Activity Class":"Observed eruption","Last Known Eruption":"1996 CE","Eruption Year":1996.0,"Eruption Period":"Since 1900","Elevation (m)":1483,"Elevation Class":"1,000-2,999 m","Tectonic Setting":"Subduction zone / Continental crust (>25 km)","Tectonic Group":"Subduction","Dominant Rock Type":"Andesite / Basaltic Andesite"}},{"type":"Feature","geometry":{"type":"Point","coordinates":[131.085,32.8849]},"properties":{"Volcano Number":282110,"Volcano Name":"Asosan","Country":"Japan","Volcanic Region Group":"Western Pacific Volcanic Regions","Volcanic Region":"Nankai Volcanic Arc","Volcano Landform":"Caldera","Primary Volcano Type":"Caldera","Type Group":"Calderas","Type Description":"Large collapse basins that can form after major eruptions empty magma chambers.","Activity Evidence":"Eruption Observed","Activity Class":"Observed eruption","Last Known Eruption":"2021 CE","Eruption Year":2021.0,"Eruption Period":"Since 1900","Elevation (m)":1592,"Elevation Class":"1,000-2,999 m","Tectonic Setting":"Subduction zone / Continental crust (>25 km)","Tectonic Group":"Subduction","Dominant Rock Type":"Andesite / Basaltic Andesite"}},{"type":"Feature","geometry":{"type":"Point","coordinates":[131.249,33.086]},"properties":{"Volcano Number":282120,"Volcano Name":"Kujusan","Country":"Japan","Volcanic Region Group":"Western Pacific Volcanic Regions","Volcanic Region":"Nankai Volcanic Arc","Volcano Landform":"Composite","Primary Volcano Type":"Stratovolcano(es)","Type Group":"Cone volcanoes","Type Description":"Tall, steep volcanoes often built by alternating lava and ash layers.","Activity Evidence":"Eruption Observed","Activity Class":"Observed eruption","Last Known Eruption":"1996 CE","Eruption Year":1996.0,"Eruption Period":"Since 1900","Elevation (m)":1791,"Elevation Class":"1,000-2,999 m","Tectonic Setting":"Subduction zone / Continental crust (>25 km)","Tectonic Group":"Subduction","Dominant Rock Type":"Andesite / Basaltic Andesite"}},{"type":"Feature","geometry":{"type":"Point","coordinates":[131.39,33.282]},"properties":{"Volcano Number":282130,"Volcano Name":"Yufu-Tsurumi","Country":"Japan","Volcanic Region Group":"Western Pacific Volcanic Regions","Volcanic Region":"Nankai Volcanic Arc","Volcano Landform":"Composite","Primary Volcano Type":"Lava dome(s)","Type Group":"Lava domes","Type Description":"Steep mounds built by thick lava that piles up near the vent.","Activity Evidence":"Eruption Observed","Activity Class":"Observed eruption","Last Known Eruption":"867 CE","Eruption Year":867.0,"Eruption Period":"1-1499 CE","Elevation (m)":1584,"Elevation Class":"1,000-2,999 m","Tectonic Setting":"Subduction zone / Continental crust (>25 km)","Tectonic Group":"Subduction","Dominant Rock Type":"Andesite / Basaltic Andesite"}},{"type":"Feature","geometry":{"type":"Point","coordinates":[131.5167,34.4833]},"properties":{"Volcano Number":283001,"Volcano Name":"Abu","Country":"Japan","Volcanic Region Group":"Western Pacific Volcanic Regions","Volcanic Region":"Nankai Volcanic Arc","Volcano Landform":"Cluster","Primary Volcano Type":"Volcanic field","Type Group":"Volcanic fields","Type Description":"Areas with many vents spread across a wider landscape.","Activity Evidence":"Eruption Dated","Activity Class":"Dated eruption","Last Known Eruption":"6850 BCE","Eruption Year":-6850.0,"Eruption Period":"BCE record","Elevation (m)":641,"Elevation Class":"0-999 m","Tectonic Setting":"Subduction zone / Continental crust (>25 km)","Tectonic Group":"Subduction","Dominant Rock Type":"Andesite / Basaltic Andesite"}},{"type":"Feature","geometry":{"type":"Point","coordinates":[132.622,35.141]},"properties":{"Volcano Number":283002,"Volcano Name":"Sanbesan","Country":"Japan","Volcanic Region Group":"Western Pacific Volcanic Regions","Volcanic Region":"Nankai Volcanic Arc","Volcano Landform":"Composite","Primary Volcano Type":"Stratovolcano","Type Group":"Cone volcanoes","Type Description":"Tall, steep volcanoes often built by alternating lava and ash layers.","Activity Evidence":"Eruption Dated","Activity Class":"Dated eruption","Last Known Eruption":"650 CE","Eruption Year":650.0,"Eruption Period":"1-1499 CE","Elevation (m)":1126,"Elevation Class":"1,000-2,999 m","Tectonic Setting":"Subduction zone / Continental crust (>25 km)","Tectonic Group":"Subduction","Dominant Rock Type":"Dacite"}},{"type":"Feature","geometry":{"type":"Point","coordinates":[139.098,34.9]},"properties":{"Volcano Number":283010,"Volcano Name":"Izu-Tobu","Country":"Japan","Volcanic Region Group":"Northwestern Pacific Volcanic Regions","Volcanic Region":"Izu Volcanic Arc","Volcano Landform":"Cluster","Primary Volcano Type":"Pyroclastic cone(s)","Type Group":"Small cones","Type Description":"Smaller volcanic cones or explosion craters formed by ash, cinders, or steam blasts.","Activity Evidence":"Eruption Observed","Activity Class":"Observed eruption","Last Known Eruption":"1989 CE","Eruption Year":1989.0,"Eruption Period":"Since 1900","Elevation (m)":1406,"Elevation Class":"1,000-2,999 m","Tectonic Setting":"Subduction zone / Continental crust (>25 km)","Tectonic Group":"Subduction","Dominant Rock Type":"Basalt / Picro-Basalt"}},{"type":"Feature","geometry":{"type":"Point","coordinates":[139.021,35.233]},"properties":{"Volcano Number":283020,"Volcano Name":"Hakoneyama","Country":"Japan","Volcanic Region Group":"Northwestern Pacific Volcanic Regions","Volcanic Region":"Izu Volcanic Arc","Volcano Landform":"Composite","Primary Volcano Type":"Complex","Type Group":"Complex volcanoes","Type Description":"Volcanoes with multiple vents, cones, or overlapping eruptive centers.","Activity Evidence":"Eruption Dated","Activity Class":"Dated eruption","Last Known Eruption":"2015 CE","Eruption Year":2015.0,"Eruption Period":"Since 1900","Elevation (m)":1438,"Elevation Class":"1,000-2,999 m","Tectonic Setting":"Subduction zone / Continental crust (>25 km)","Tectonic Group":"Subduction","Dominant Rock Type":"Andesite / Basaltic Andesite"}},{"type":"Feature","geometry":{"type":"Point","coordinates":[138.728,35.361]},"properties":{"Volcano Number":283030,"Volcano Name":"Fujisan","Country":"Japan","Volcanic Region Group":"Northwestern Pacific Volcanic Regions","Volcanic Region":"Izu Volcanic Arc","Volcano Landform":"Composite","Primary Volcano Type":"Stratovolcano","Type Group":"Cone volcanoes","Type Description":"Tall, steep volcanoes often built by alternating lava and ash layers.","Activity Evidence":"Eruption Observed","Activity Class":"Observed eruption","Last Known Eruption":"1708 CE","Eruption Year":1708.0,"Eruption Period":"1500-1899","Elevation (m)":3776,"Elevation Class":"3,000 m and above","Tectonic Setting":"Subduction zone / Continental crust (>25 km)","Tectonic Group":"Subduction","Dominant Rock Type":"Basalt / Picro-Basalt"}},{"type":"Feature","geometry":{"type":"Point","coordinates":[138.32,36.087]},"properties":{"Volcano Number":283031,"Volcano Name":"Yokodake","Country":"Japan","Volcanic Region Group":"Northwestern Pacific Volcanic Regions","Volcanic Region":"Northeast Japan Volcanic Arc","Volcano Landform":"Composite","Primary Volcano Type":"Stratovolcano(es)","Type Group":"Cone volcanoes","Type Description":"Tall, steep volcanoes often built by alternating lava and ash layers.","Activity Evidence":"Eruption Dated","Activity Class":"Dated eruption","Last Known Eruption":"1200 CE","Eruption Year":1200.0,"Eruption Period":"1-1499 CE","Elevation (m)":2480,"Elevation Class":"1,000-2,999 m","Tectonic Setting":"Subduction zone / Continental crust (>25 km)","Tectonic Group":"Subduction","Dominant Rock Type":"Andesite / Basaltic Andesite"}},{"type":"Feature","geometry":{"type":"Point","coordinates":[137.48,35.893]},"properties":{"Volcano Number":283040,"Volcano Name":"Ontakesan","Country":"Japan","Volcanic Region Group":"Western Pacific Volcanic Regions","Volcanic Region":"Nankai Volcanic Arc","Volcano Landform":"Composite","Primary Volcano Type":"Complex","Type Group":"Complex volcanoes","Type Description":"Volcanoes with multiple vents, cones, or overlapping eruptive centers.","Activity Evidence":"Eruption Observed","Activity Class":"Observed eruption","Last Known Eruption":"2014 CE","Eruption Year":2014.0,"Eruption Period":"Since 1900","Elevation (m)":3067,"Elevation Class":"3,000 m and above","Tectonic Setting":"Subduction zone / Continental crust (>25 km)","Tectonic Group":"Subduction","Dominant Rock Type":"Andesite / Basaltic Andesite"}},{"type":"Feature","geometry":{"type":"Point","coordinates":[136.771,36.155]},"properties":{"Volcano Number":283050,"Volcano Name":"Hakusan","Country":"Japan","Volcanic Region Group":"Western Pacific Volcanic Regions","Volcanic Region":"Nankai Volcanic Arc","Volcano Landform":"Composite","Primary Volcano Type":"Stratovolcano","Type Group":"Cone volcanoes","Type Description":"Tall, steep volcanoes often built by alternating lava and ash layers.","Activity Evidence":"Eruption Observed","Activity Class":"Observed eruption","Last Known Eruption":"1659 CE","Eruption Year":1659.0,"Eruption Period":"1500-1899","Elevation (m)":2702,"Elevation Class":"1,000-2,999 m","Tectonic Setting":"Subduction zone / Continental crust (>25 km)","Tectonic Group":"Subduction","Dominant Rock Type":"Andesite / Basaltic Andesite"}},{"type":"Feature","geometry":{"type":"Point","coordinates":[137.554,36.106]},"properties":{"Volcano Number":283060,"Volcano Name":"Norikuradake","Country":"Japan","Volcanic Region Group":"Western Pacific Volcanic Regions","Volcanic Region":"Nankai Volcanic Arc","Volcano Landform":"Composite","Primary Volcano Type":"Stratovolcano(es)","Type Group":"Cone volcanoes","Type Description":"Tall, steep volcanoes often built by alternating lava and ash layers.","Activity Evidence":"Eruption Dated","Activity Class":"Dated eruption","Last Known Eruption":"50 BCE","Eruption Year":-50.0,"Eruption Period":"BCE record","Elevation (m)":3026,"Elevation Class":"3,000 m and above","Tectonic Setting":"Subduction zone / Continental crust (>25 km)","Tectonic Group":"Subduction","Dominant Rock Type":"Andesite / Basaltic Andesite"}},{"type":"Feature","geometry":{"type":"Point","coordinates":[137.573,36.2]},"properties":{"Volcano Number":283069,"Volcano Name":"Akandanayama","Country":"Japan","Volcanic Region Group":"Western Pacific Volcanic Regions","Volcanic Region":"Nankai Volcanic Arc","Volcano Landform":"Composite","Primary Volcano Type":"Stratovolcano","Type Group":"Cone volcanoes","Type Description":"Tall, steep volcanoes often built by alternating lava and ash layers.","Activity Evidence":"Evidence Credible","Activity Class":"Credible evidence","Last Known Eruption":"Unknown","Eruption Year":null,"Eruption Period":"BCE record","Elevation (m)":2109,"Elevation Class":"1,000-2,999 m","Tectonic Setting":null,"Tectonic Group":"Other setting","Dominant Rock Type":null}},{"type":"Feature","geometry":{"type":"Point","coordinates":[137.587,36.227]},"properties":{"Volcano Number":283070,"Volcano Name":"Yakedake","Country":"Japan","Volcanic Region Group":"Western Pacific Volcanic Regions","Volcanic Region":"Nankai Volcanic Arc","Volcano Landform":"Composite","Primary Volcano Type":"Stratovolcano(es)","Type Group":"Cone volcanoes","Type Description":"Tall, steep volcanoes often built by alternating lava and ash layers.","Activity Evidence":"Eruption Observed","Activity Class":"Observed eruption","Last Known Eruption":"1995 CE","Eruption Year":1995.0,"Eruption Period":"Since 1900","Elevation (m)":2455,"Elevation Class":"1,000-2,999 m","Tectonic Setting":"Subduction zone / Continental crust (>25 km)","Tectonic Group":"Subduction","Dominant Rock Type":"Andesite / Basaltic Andesite"}},{"type":"Feature","geometry":{"type":"Point","coordinates":[137.59,36.571]},"properties":{"Volcano Number":283080,"Volcano Name":"Midagahara","Country":"Japan","Volcanic Region Group":"Western Pacific Volcanic Regions","Volcanic Region":"Nankai Volcanic Arc","Volcano Landform":"Composite","Primary Volcano Type":"Stratovolcano","Type Group":"Cone volcanoes","Type Description":"Tall, steep volcanoes often built by alternating lava and ash layers.","Activity Evidence":"Eruption Observed","Activity Class":"Observed eruption","Last Known Eruption":"1839 CE","Eruption Year":1839.0,"Eruption Period":"1500-1899","Elevation (m)":2621,"Elevation Class":"1,000-2,999 m","Tectonic Setting":"Subduction zone / Continental crust (>25 km)","Tectonic Group":"Subduction","Dominant Rock Type":"Andesite / Basaltic Andesite"}},{"type":"Feature","geometry":{"type":"Point","coordinates":[138.036,36.921]},"properties":{"Volcano Number":283090,"Volcano Name":"Niigata-Yakeyama","Country":"Japan","Volcanic Region Group":"Northwestern Pacific Volcanic Regions","Volcanic Region":"Northeast Japan Volcanic Arc","Volcano Landform":"Minor (Silicic)","Primary Volcano Type":"Lava dome","Type Group":"Other or unknown","Type Description":"The database lists a less common or unspecified volcano form.","Activity Evidence":"Eruption Observed","Activity Class":"Observed eruption","Last Known Eruption":"1998 CE","Eruption Year":1998.0,"Eruption Period":"Since 1900","Elevation (m)":2400,"Elevation Class":"1,000-2,999 m","Tectonic Setting":"Subduction zone / Continental crust (>25 km)","Tectonic Group":"Subduction","Dominant Rock Type":"Andesite / Basaltic Andesite"}},{"type":"Feature","geometry":{"type":"Point","coordinates":[138.114,36.891]},"properties":{"Volcano Number":283100,"Volcano Name":"Myokosan","Country":"Japan","Volcanic Region Group":"Northwestern Pacific Volcanic Regions","Volcanic Region":"Northeast Japan Volcanic Arc","Volcano Landform":"Composite","Primary Volcano Type":"Stratovolcano","Type Group":"Cone volcanoes","Type Description":"Tall, steep volcanoes often built by alternating lava and ash layers.","Activity Evidence":"Eruption Dated","Activity Class":"Dated eruption","Last Known Eruption":"750 BCE","Eruption Year":-750.0,"Eruption Period":"BCE record","Elevation (m)":2454,"Elevation Class":"1,000-2,999 m","Tectonic Setting":"Subduction zone / Continental crust (>25 km)","Tectonic Group":"Subduction","Dominant Rock Type":"Andesite / Basaltic Andesite"}},{"type":"Feature","geometry":{"type":"Point","coordinates":[138.523,36.406]},"properties":{"Volcano Number":283110,"Volcano Name":"Asamayama","Country":"Japan","Volcanic Region Group":"Northwestern Pacific Volcanic Regions","Volcanic Region":"Northeast Japan Volcanic Arc","Volcano Landform":"Composite","Primary Volcano Type":"Complex","Type Group":"Complex volcanoes","Type Description":"Volcanoes with multiple vents, cones, or overlapping eruptive centers.","Activity Evidence":"Eruption Observed","Activity Class":"Observed eruption","Last Known Eruption":"2019 CE","Eruption Year":2019.0,"Eruption Period":"Since 1900","Elevation (m)":2568,"Elevation Class":"1,000-2,999 m","Tectonic Setting":"Subduction zone / Continental crust (>25 km)","Tectonic Group":"Subduction","Dominant Rock Type":"Andesite / Basaltic Andesite"}},{"type":"Feature","geometry":{"type":"Point","coordinates":[138.528,36.618]},"properties":{"Volcano Number":283120,"Volcano Name":"Kusatsu-Shiranesan","Country":"Japan","Volcanic Region Group":"Northwestern Pacific Volcanic Regions","Volcanic Region":"Northeast Japan Volcanic Arc","Volcano Landform":"Composite","Primary Volcano Type":"Stratovolcano(es)","Type Group":"Cone volcanoes","Type Description":"Tall, steep volcanoes often built by alternating lava and ash layers.","Activity Evidence":"Eruption Observed","Activity Class":"Observed eruption","Last Known Eruption":"2018 CE","Eruption Year":2018.0,"Eruption Period":"Since 1900","Elevation (m)":2165,"Elevation Class":"1,000-2,999 m","Tectonic Setting":"Subduction zone / Continental crust (>25 km)","Tectonic Group":"Subduction","Dominant Rock Type":"Andesite / Basaltic Andesite"}},{"type":"Feature","geometry":{"type":"Point","coordinates":[138.519,36.688]},"properties":{"Volcano Number":283121,"Volcano Name":"Shiga","Country":"Japan","Volcanic Region Group":"Northwestern Pacific Volcanic Regions","Volcanic Region":"Northeast Japan Volcanic Arc","Volcano Landform":"Shield","Primary Volcano Type":"Shield(s)","Type Group":"Shield volcanoes","Type Description":"Broad volcanoes formed by fluid lava flows that can spread far from the vent.","Activity Evidence":"Evidence Uncertain","Activity Class":"Uncertain evidence","Last Known Eruption":"Unknown","Eruption Year":null,"Eruption Period":"BCE record","Elevation (m)":2041,"Elevation Class":"1,000-2,999 m","Tectonic Setting":"Subduction zone / Continental crust (>25 km)","Tectonic Group":"Subduction","Dominant Rock Type":"Andesite / Basaltic Andesite"}},{"type":"Feature","geometry":{"type":"Point","coordinates":[138.851,36.477]},"properties":{"Volcano Number":283122,"Volcano Name":"Harunasan","Country":"Japan","Volcanic Region Group":"Northwestern Pacific Volcanic Regions","Volcanic Region":"Northeast Japan Volcanic Arc","Volcano Landform":"Composite","Primary Volcano Type":"Stratovolcano","Type Group":"Cone volcanoes","Type Description":"Tall, steep volcanoes often built by alternating lava and ash layers.","Activity Evidence":"Eruption Dated","Activity Class":"Dated eruption","Last Known Eruption":"550 CE","Eruption Year":550.0,"Eruption Period":"1-1499 CE","Elevation (m)":1449,"Elevation Class":"1,000-2,999 m","Tectonic Setting":"Subduction zone / Continental crust (>25 km)","Tectonic Group":"Subduction","Dominant Rock Type":"Andesite / Basaltic Andesite"}},{"type":"Feature","geometry":{"type":"Point","coordinates":[139.193,36.56]},"properties":{"Volcano Number":283130,"Volcano Name":"Akagisan","Country":"Japan","Volcanic Region Group":"Northwestern Pacific Volcanic Regions","Volcanic Region":"Northeast Japan Volcanic Arc","Volcano Landform":"Composite","Primary Volcano Type":"Stratovolcano","Type Group":"Cone volcanoes","Type Description":"Tall, steep volcanoes often built by alternating lava and ash layers.","Activity Evidence":"Evidence Uncertain","Activity Class":"Uncertain evidence","Last Known Eruption":"Unknown","Eruption Year":null,"Eruption Period":"BCE record","Elevation (m)":1828,"Elevation Class":"1,000-2,999 m","Tectonic Setting":"Subduction zone / Continental crust (>25 km)","Tectonic Group":"Subduction","Dominant Rock Type":"Andesite / Basaltic Andesite"}},{"type":"Feature","geometry":{"type":"Point","coordinates":[139.285,36.955]},"properties":{"Volcano Number":283131,"Volcano Name":"Hiuchigatake","Country":"Japan","Volcanic Region Group":"Northwestern Pacific Volcanic Regions","Volcanic Region":"Northeast Japan Volcanic Arc","Volcano Landform":"Composite","Primary Volcano Type":"Stratovolcano","Type Group":"Cone volcanoes","Type Description":"Tall, steep volcanoes often built by alternating lava and ash layers.","Activity Evidence":"Eruption Observed","Activity Class":"Observed eruption","Last Known Eruption":"1544 CE","Eruption Year":1544.0,"Eruption Period":"1500-1899","Elevation (m)":2356,"Elevation Class":"1,000-2,999 m","Tectonic Setting":"Subduction zone / Continental crust (>25 km)","Tectonic Group":"Subduction","Dominant Rock Type":"Andesite / Basaltic Andesite"}},{"type":"Feature","geometry":{"type":"Point","coordinates":[139.376,36.799]},"properties":{"Volcano Number":283140,"Volcano Name":"Nikko-Shiranesan","Country":"Japan","Volcanic Region Group":"Northwestern Pacific Volcanic Regions","Volcanic Region":"Northeast Japan Volcanic Arc","Volcano Landform":"Shield","Primary Volcano Type":"Shield","Type Group":"Shield volcanoes","Type Description":"Broad volcanoes formed by fluid lava flows that can spread far from the vent.","Activity Evidence":"Eruption Observed","Activity Class":"Observed eruption","Last Known Eruption":"1952 CE","Eruption Year":1952.0,"Eruption Period":"Since 1900","Elevation (m)":2578,"Elevation Class":"1,000-2,999 m","Tectonic Setting":"Subduction zone / Continental crust (>25 km)","Tectonic Group":"Subduction","Dominant Rock Type":"Andesite / Basaltic Andesite"}},{"type":"Feature","geometry":{"type":"Point","coordinates":[139.491,36.765]},"properties":{"Volcano Number":283141,"Volcano Name":"Nantaisan","Country":"Japan","Volcanic Region Group":"Northwestern Pacific Volcanic Regions","Volcanic Region":"Northeast Japan Volcanic Arc","Volcano Landform":"Composite","Primary Volcano Type":"Stratovolcano","Type Group":"Cone volcanoes","Type Description":"Tall, steep volcanoes often built by alternating lava and ash layers.","Activity Evidence":"Eruption Dated","Activity Class":"Dated eruption","Last Known Eruption":"9540 BCE","Eruption Year":-9540.0,"Eruption Period":"BCE record","Elevation (m)":2486,"Elevation Class":"1,000-2,999 m","Tectonic Setting":"Subduction zone / Continental crust (>25 km)","Tectonic Group":"Subduction","Dominant Rock Type":"Andesite / Basaltic Andesite"}},{"type":"Feature","geometry":{"type":"Point","coordinates":[139.4756,36.8067]},"properties":{"Volcano Number":283142,"Volcano Name":"Omanago Group","Country":"Japan","Volcanic Region Group":"Northwestern Pacific Volcanic Regions","Volcanic Region":"Northeast Japan Volcanic Arc","Volcano Landform":"Cluster","Primary Volcano Type":"Lava dome(s)","Type Group":"Lava domes","Type Description":"Steep mounds built by thick lava that piles up near the vent.","Activity Evidence":"Eruption Dated","Activity Class":"Dated eruption","Last Known Eruption":"3050 BCE","Eruption Year":-3050.0,"Eruption Period":"BCE record","Elevation (m)":2341,"Elevation Class":"1,000-2,999 m","Tectonic Setting":"Subduction zone / Continental crust (>25 km)","Tectonic Group":"Subduction","Dominant Rock Type":"Dacite"}},{"type":"Feature","geometry":{"type":"Point","coordinates":[139.777,36.9]},"properties":{"Volcano Number":283143,"Volcano Name":"Takaharayama","Country":"Japan","Volcanic Region Group":"Northwestern Pacific Volcanic Regions","Volcanic Region":"Northeast Japan Volcanic Arc","Volcano Landform":"Composite","Primary Volcano Type":"Stratovolcano","Type Group":"Cone volcanoes","Type Description":"Tall, steep volcanoes often built by alternating lava and ash layers.","Activity Evidence":"Eruption Dated","Activity Class":"Dated eruption","Last Known Eruption":"4570 BCE","Eruption Year":-4570.0,"Eruption Period":"BCE record","Elevation (m)":1795,"Elevation Class":"1,000-2,999 m","Tectonic Setting":"Subduction zone / Continental crust (>25 km)","Tectonic Group":"Subduction","Dominant Rock Type":"Andesite / Basaltic Andesite"}},{"type":"Feature","geometry":{"type":"Point","coordinates":[139.963,37.125]},"properties":{"Volcano Number":283150,"Volcano Name":"Nasudake","Country":"Japan","Volcanic Region Group":"Northwestern Pacific Volcanic Regions","Volcanic Region":"Northeast Japan Volcanic Arc","Volcano Landform":"Composite","Primary Volcano Type":"Stratovolcano(es)","Type Group":"Cone volcanoes","Type Description":"Tall, steep volcanoes often built by alternating lava and ash layers.","Activity Evidence":"Eruption Observed","Activity Class":"Observed eruption","Last Known Eruption":"1963 CE","Eruption Year":1963.0,"Eruption Period":"Since 1900","Elevation (m)":1915,"Elevation Class":"1,000-2,999 m","Tectonic Setting":"Subduction zone / Continental crust (>25 km)","Tectonic Group":"Subduction","Dominant Rock Type":"Andesite / Basaltic Andesite"}},{"type":"Feature","geometry":{"type":"Point","coordinates":[139.566,37.444]},"properties":{"Volcano Number":283151,"Volcano Name":"Numazawa","Country":"Japan","Volcanic Region Group":"Northwestern Pacific Volcanic Regions","Volcanic Region":"Northeast Japan Volcanic Arc","Volcano Landform":"Shield","Primary Volcano Type":"Shield","Type Group":"Shield volcanoes","Type Description":"Broad volcanoes formed by fluid lava flows that can spread far from the vent.","Activity Evidence":"Eruption Dated","Activity Class":"Dated eruption","Last Known Eruption":"3400 BCE","Eruption Year":-3400.0,"Eruption Period":"BCE record","Elevation (m)":835,"Elevation Class":"0-999 m","Tectonic Setting":"Subduction zone / Continental crust (>25 km)","Tectonic Group":"Subduction","Dominant Rock Type":"Dacite"}},{"type":"Feature","geometry":{"type":"Point","coordinates":[140.072,37.601]},"properties":{"Volcano Number":283160,"Volcano Name":"Bandaisan","Country":"Japan","Volcanic Region Group":"Northwestern Pacific Volcanic Regions","Volcanic Region":"Northeast Japan Volcanic Arc","Volcano Landform":"Composite","Primary Volcano Type":"Stratovolcano","Type Group":"Cone volcanoes","Type Description":"Tall, steep volcanoes often built by alternating lava and ash layers.","Activity Evidence":"Eruption Observed","Activity Class":"Observed eruption","Last Known Eruption":"1888 CE","Eruption Year":1888.0,"Eruption Period":"1500-1899","Elevation (m)":1816,"Elevation Class":"1,000-2,999 m","Tectonic Setting":"Subduction zone / Continental crust (>25 km)","Tectonic Group":"Subduction","Dominant Rock Type":"Andesite / Basaltic Andesite"}},{"type":"Feature","geometry":{"type":"Point","coordinates":[140.281,37.647]},"properties":{"Volcano Number":283170,"Volcano Name":"Adatarayama","Country":"Japan","Volcanic Region Group":"Northwestern Pacific Volcanic Regions","Volcanic Region":"Northeast Japan Volcanic Arc","Volcano Landform":"Composite","Primary Volcano Type":"Stratovolcano(es)","Type Group":"Cone volcanoes","Type Description":"Tall, steep volcanoes often built by alternating lava and ash layers.","Activity Evidence":"Eruption Observed","Activity Class":"Observed eruption","Last Known Eruption":"1996 CE","Eruption Year":1996.0,"Eruption Period":"Since 1900","Elevation (m)":1728,"Elevation Class":"1,000-2,999 m","Tectonic Setting":"Subduction zone / Continental crust (>25 km)","Tectonic Group":"Subduction","Dominant Rock Type":"Andesite / Basaltic Andesite"}},{"type":"Feature","geometry":{"type":"Point","coordinates":[140.244,37.735]},"properties":{"Volcano Number":283180,"Volcano Name":"Azumayama","Country":"Japan","Volcanic Region Group":"Northwestern Pacific Volcanic Regions","Volcanic Region":"Northeast Japan Volcanic Arc","Volcano Landform":"Composite","Primary Volcano Type":"Stratovolcano(es)","Type Group":"Cone volcanoes","Type Description":"Tall, steep volcanoes often built by alternating lava and ash layers.","Activity Evidence":"Eruption Observed","Activity Class":"Observed eruption","Last Known Eruption":"1977 CE","Eruption Year":1977.0,"Eruption Period":"Since 1900","Elevation (m)":1949,"Elevation Class":"1,000-2,999 m","Tectonic Setting":"Subduction zone / Continental crust (>25 km)","Tectonic Group":"Subduction","Dominant Rock Type":"Andesite / Basaltic Andesite"}},{"type":"Feature","geometry":{"type":"Point","coordinates":[140.44,38.144]},"properties":{"Volcano Number":283190,"Volcano Name":"Zaozan [Zaosan]","Country":"Japan","Volcanic Region Group":"Northwestern Pacific Volcanic Regions","Volcanic Region":"Northeast Japan Volcanic Arc","Volcano Landform":"Composite","Primary Volcano Type":"Complex","Type Group":"Complex volcanoes","Type Description":"Volcanoes with multiple vents, cones, or overlapping eruptive centers.","Activity Evidence":"Eruption Observed","Activity Class":"Observed eruption","Last Known Eruption":"1940 CE","Eruption Year":1940.0,"Eruption Period":"Since 1900","Elevation (m)":1841,"Elevation Class":"1,000-2,999 m","Tectonic Setting":"Subduction zone / Continental crust (>25 km)","Tectonic Group":"Subduction","Dominant Rock Type":"Andesite / Basaltic Andesite"}},{"type":"Feature","geometry":{"type":"Point","coordinates":[140.1617,38.5992]},"properties":{"Volcano Number":283191,"Volcano Name":"Hijiori","Country":"Japan","Volcanic Region Group":"Northwestern Pacific Volcanic Regions","Volcanic Region":"Northeast Japan Volcanic Arc","Volcano Landform":"Caldera","Primary Volcano Type":"Caldera","Type Group":"Calderas","Type Description":"Large collapse basins that can form after major eruptions empty magma chambers.","Activity Evidence":"Evidence Credible","Activity Class":"Credible evidence","Last Known Eruption":"Unknown","Eruption Year":null,"Eruption Period":"BCE record","Elevation (m)":552,"Elevation Class":"0-999 m","Tectonic Setting":"Subduction zone / Continental crust (>25 km)","Tectonic Group":"Subduction","Dominant Rock Type":"Dacite"}},{"type":"Feature","geometry":{"type":"Point","coordinates":[140.734,38.729]},"properties":{"Volcano Number":283200,"Volcano Name":"Naruko","Country":"Japan","Volcanic Region Group":"Northwestern Pacific Volcanic Regions","Volcanic Region":"Northeast Japan Volcanic Arc","Volcano Landform":"Cluster","Primary Volcano Type":"Caldera","Type Group":"Calderas","Type Description":"Large collapse basins that can form after major eruptions empty magma chambers.","Activity Evidence":"Eruption Observed","Activity Class":"Observed eruption","Last Known Eruption":"837 CE","Eruption Year":837.0,"Eruption Period":"1-1499 CE","Elevation (m)":470,"Elevation Class":"0-999 m","Tectonic Setting":"Subduction zone / Continental crust (>25 km)","Tectonic Group":"Subduction","Dominant Rock Type":"Rhyolite"}},{"type":"Feature","geometry":{"type":"Point","coordinates":[140.788,38.961]},"properties":{"Volcano Number":283210,"Volcano Name":"Kurikomayama","Country":"Japan","Volcanic Region Group":"Northwestern Pacific Volcanic Regions","Volcanic Region":"Northeast Japan Volcanic Arc","Volcano Landform":"Composite","Primary Volcano Type":"Stratovolcano","Type Group":"Cone volcanoes","Type Description":"Tall, steep volcanoes often built by alternating lava and ash layers.","Activity Evidence":"Eruption Observed","Activity Class":"Observed eruption","Last Known Eruption":"1950 CE","Eruption Year":1950.0,"Eruption Period":"Since 1900","Elevation (m)":1627,"Elevation Class":"1,000-2,999 m","Tectonic Setting":"Subduction zone / Continental crust (>25 km)","Tectonic Group":"Subduction","Dominant Rock Type":"Andesite / Basaltic Andesite"}},{"type":"Feature","geometry":{"type":"Point","coordinates":[140.049,39.099]},"properties":{"Volcano Number":283220,"Volcano Name":"Chokaisan","Country":"Japan","Volcanic Region Group":"Northwestern Pacific Volcanic Regions","Volcanic Region":"Northeast Japan Volcanic Arc","Volcano Landform":"Composite","Primary Volcano Type":"Stratovolcano(es)","Type Group":"Cone volcanoes","Type Description":"Tall, steep volcanoes often built by alternating lava and ash layers.","Activity Evidence":"Eruption Observed","Activity Class":"Observed eruption","Last Known Eruption":"1974 CE","Eruption Year":1974.0,"Eruption Period":"Since 1900","Elevation (m)":2236,"Elevation Class":"1,000-2,999 m","Tectonic Setting":"Subduction zone / Continental crust (>25 km)","Tectonic Group":"Subduction","Dominant Rock Type":"Andesite / Basaltic Andesite"}},{"type":"Feature","geometry":{"type":"Point","coordinates":[140.799,39.761]},"properties":{"Volcano Number":283230,"Volcano Name":"Akita-Komagatake","Country":"Japan","Volcanic Region Group":"Northwestern Pacific Volcanic Regions","Volcanic Region":"Northeast Japan Volcanic Arc","Volcano Landform":"Composite","Primary Volcano Type":"Stratovolcano(es)","Type Group":"Cone volcanoes","Type Description":"Tall, steep volcanoes often built by alternating lava and ash layers.","Activity Evidence":"Eruption Observed","Activity Class":"Observed eruption","Last Known Eruption":"1971 CE","Eruption Year":1971.0,"Eruption Period":"Since 1900","Elevation (m)":1637,"Elevation Class":"1,000-2,999 m","Tectonic Setting":"Subduction zone / Continental crust (>25 km)","Tectonic Group":"Subduction","Dominant Rock Type":"Basalt / Picro-Basalt"}},{"type":"Feature","geometry":{"type":"Point","coordinates":[141.001,39.853]},"properties":{"Volcano Number":283240,"Volcano Name":"Iwatesan","Country":"Japan","Volcanic Region Group":"Northwestern Pacific Volcanic Regions","Volcanic Region":"Northeast Japan Volcanic Arc","Volcano Landform":"Composite","Primary Volcano Type":"Complex","Type Group":"Complex volcanoes","Type Description":"Volcanoes with multiple vents, cones, or overlapping eruptive centers.","Activity Evidence":"Eruption Observed","Activity Class":"Observed eruption","Last Known Eruption":"1919 CE","Eruption Year":1919.0,"Eruption Period":"Since 1900","Elevation (m)":2038,"Elevation Class":"1,000-2,999 m","Tectonic Setting":"Subduction zone / Continental crust (>25 km)","Tectonic Group":"Subduction","Dominant Rock Type":"Basalt / Picro-Basalt"}},{"type":"Feature","geometry":{"type":"Point","coordinates":[140.854,39.958]},"properties":{"Volcano Number":283250,"Volcano Name":"Hachimantai","Country":"Japan","Volcanic Region Group":"Northwestern Pacific Volcanic Regions","Volcanic Region":"Northeast Japan Volcanic Arc","Volcano Landform":"Composite","Primary Volcano Type":"Stratovolcano","Type Group":"Cone volcanoes","Type Description":"Tall, steep volcanoes often built by alternating lava and ash layers.","Activity Evidence":"Eruption Dated","Activity Class":"Dated eruption","Last Known Eruption":"5350 BCE","Eruption Year":-5350.0,"Eruption Period":"BCE record","Elevation (m)":1613,"Elevation Class":"1,000-2,999 m","Tectonic Setting":"Subduction zone / Continental crust (>25 km)","Tectonic Group":"Subduction","Dominant Rock Type":"Andesite / Basaltic Andesite"}},{"type":"Feature","geometry":{"type":"Point","coordinates":[140.757,39.964]},"properties":{"Volcano Number":283260,"Volcano Name":"Akita-Yakeyama","Country":"Japan","Volcanic Region Group":"Northwestern Pacific Volcanic Regions","Volcanic Region":"Northeast Japan Volcanic Arc","Volcano Landform":"Composite","Primary Volcano Type":"Stratovolcano","Type Group":"Cone volcanoes","Type Description":"Tall, steep volcanoes often built by alternating lava and ash layers.","Activity Evidence":"Eruption Observed","Activity Class":"Observed eruption","Last Known Eruption":"1997 CE","Eruption Year":1997.0,"Eruption Period":"Since 1900","Elevation (m)":1366,"Elevation Class":"1,000-2,999 m","Tectonic Setting":"Subduction zone / Continental crust (>25 km)","Tectonic Group":"Subduction","Dominant Rock Type":"Andesite / Basaltic Andesite"}},{"type":"Feature","geometry":{"type":"Point","coordinates":[139.725,39.95]},"properties":{"Volcano Number":283262,"Volcano Name":"Megata","Country":"Japan","Volcanic Region Group":"Northwestern Pacific Volcanic Regions","Volcanic Region":"Northeast Japan Volcanic Arc","Volcano Landform":"Minor (Basaltic)","Primary Volcano Type":"Maar(s)","Type Group":"Small cones","Type Description":"Smaller volcanic cones or explosion craters formed by ash, cinders, or steam blasts.","Activity Evidence":"Eruption Dated","Activity Class":"Dated eruption","Last Known Eruption":"2050 BCE","Eruption Year":-2050.0,"Eruption Period":"BCE record","Elevation (m)":160,"Elevation Class":"0-999 m","Tectonic Setting":"Subduction zone / Continental crust (>25 km)","Tectonic Group":"Subduction","Dominant Rock Type":"Andesite / Basaltic Andesite"}},{"type":"Feature","geometry":{"type":"Point","coordinates":[140.303,40.656]},"properties":{"Volcano Number":283270,"Volcano Name":"Iwakisan","Country":"Japan","Volcanic Region Group":"Northwestern Pacific Volcanic Regions","Volcanic Region":"Northeast Japan Volcanic Arc","Volcano Landform":"Composite","Primary Volcano Type":"Stratovolcano","Type Group":"Cone volcanoes","Type Description":"Tall, steep volcanoes often built by alternating lava and ash layers.","Activity Evidence":"Eruption Observed","Activity Class":"Observed eruption","Last Known Eruption":"1863 CE","Eruption Year":1863.0,"Eruption Period":"1500-1899","Elevation (m)":1625,"Elevation Class":"1,000-2,999 m","Tectonic Setting":"Subduction zone / Continental crust (>25 km)","Tectonic Group":"Subduction","Dominant Rock Type":"Andesite / Basaltic Andesite"}},{"type":"Feature","geometry":{"type":"Point","coordinates":[140.88,40.51]},"properties":{"Volcano Number":283271,"Volcano Name":"Towada","Country":"Japan","Volcanic Region Group":"Northwestern Pacific Volcanic Regions","Volcanic Region":"Northeast Japan Volcanic Arc","Volcano Landform":"Caldera","Primary Volcano Type":"Caldera","Type Group":"Calderas","Type Description":"Large collapse basins that can form after major eruptions empty magma chambers.","Activity Evidence":"Eruption Observed","Activity Class":"Observed eruption","Last Known Eruption":"915 CE","Eruption Year":915.0,"Eruption Period":"1-1499 CE","Elevation (m)":1011,"Elevation Class":"1,000-2,999 m","Tectonic Setting":"Subduction zone / Continental crust (>25 km)","Tectonic Group":"Subduction","Dominant Rock Type":"Andesite / Basaltic Andesite"}},{"type":"Feature","geometry":{"type":"Point","coordinates":[140.877,40.659]},"properties":{"Volcano Number":283280,"Volcano Name":"Hakkodasan","Country":"Japan","Volcanic Region Group":"Northwestern Pacific Volcanic Regions","Volcanic Region":"Northeast Japan Volcanic Arc","Volcano Landform":"Composite","Primary Volcano Type":"Stratovolcano(es)","Type Group":"Cone volcanoes","Type Description":"Tall, steep volcanoes often built by alternating lava and ash layers.","Activity Evidence":"Eruption Dated","Activity Class":"Dated eruption","Last Known Eruption":"1550 CE","Eruption Year":1550.0,"Eruption Period":"1500-1899","Elevation (m)":1585,"Elevation Class":"1,000-2,999 m","Tectonic Setting":"Subduction zone / Continental crust (>25 km)","Tectonic Group":"Subduction","Dominant Rock Type":"Andesite / Basaltic Andesite"}},{"type":"Feature","geometry":{"type":"Point","coordinates":[141.12,41.279]},"properties":{"Volcano Number":283290,"Volcano Name":"Osorezan","Country":"Japan","Volcanic Region Group":"Northwestern Pacific Volcanic Regions","Volcanic Region":"Northeast Japan Volcanic Arc","Volcano Landform":"Composite","Primary Volcano Type":"Stratovolcano","Type Group":"Cone volcanoes","Type Description":"Tall, steep volcanoes often built by alternating lava and ash layers.","Activity Evidence":"Eruption Observed","Activity Class":"Observed eruption","Last Known Eruption":"1787 CE","Eruption Year":1787.0,"Eruption Period":"1500-1899","Elevation (m)":878,"Elevation Class":"0-999 m","Tectonic Setting":"Subduction zone / Continental crust (>25 km)","Tectonic Group":"Subduction","Dominant Rock Type":"Andesite / Basaltic Andesite"}},{"type":"Feature","geometry":{"type":"Point","coordinates":[139.394,34.724]},"properties":{"Volcano Number":284010,"Volcano Name":"Izu-Oshima","Country":"Japan","Volcanic Region Group":"Northwestern Pacific Volcanic Regions","Volcanic Region":"Izu Volcanic Arc","Volcano Landform":"Composite","Primary Volcano Type":"Stratovolcano","Type Group":"Cone volcanoes","Type Description":"Tall, steep volcanoes often built by alternating lava and ash layers.","Activity Evidence":"Eruption Observed","Activity Class":"Observed eruption","Last Known Eruption":"1990 CE","Eruption Year":1990.0,"Eruption Period":"Since 1900","Elevation (m)":746,"Elevation Class":"0-999 m","Tectonic Setting":"Subduction zone / Oceanic crust (< 15 km)","Tectonic Group":"Subduction","Dominant Rock Type":"Basalt / Picro-Basalt"}},{"type":"Feature","geometry":{"type":"Point","coordinates":[139.279,34.52]},"properties":{"Volcano Number":284011,"Volcano Name":"Toshima","Country":"Japan","Volcanic Region Group":"Northwestern Pacific Volcanic Regions","Volcanic Region":"Izu Volcanic Arc","Volcano Landform":"Composite","Primary Volcano Type":"Stratovolcano","Type Group":"Cone volcanoes","Type Description":"Tall, steep volcanoes often built by alternating lava and ash layers.","Activity Evidence":"Eruption Dated","Activity Class":"Dated eruption","Last Known Eruption":"4550 BCE","Eruption Year":-4550.0,"Eruption Period":"BCE record","Elevation (m)":508,"Elevation Class":"0-999 m","Tectonic Setting":"Subduction zone / Oceanic crust (< 15 km)","Tectonic Group":"Subduction","Dominant Rock Type":"Basalt / Picro-Basalt"}},{"type":"Feature","geometry":{"type":"Point","coordinates":[139.27,34.397]},"properties":{"Volcano Number":284020,"Volcano Name":"Niijima","Country":"Japan","Volcanic Region Group":"Northwestern Pacific Volcanic Regions","Volcanic Region":"Izu Volcanic Arc","Volcano Landform":"Minor (Silicic)","Primary Volcano Type":"Lava dome(s)","Type Group":"Lava domes","Type Description":"Steep mounds built by thick lava that piles up near the vent.","Activity Evidence":"Eruption Observed","Activity Class":"Observed eruption","Last Known Eruption":"886 CE","Eruption Year":886.0,"Eruption Period":"1-1499 CE","Elevation (m)":432,"Elevation Class":"0-999 m","Tectonic Setting":"Subduction zone / Oceanic crust (< 15 km)","Tectonic Group":"Subduction","Dominant Rock Type":"Rhyolite"}},{"type":"Feature","geometry":{"type":"Point","coordinates":[139.153,34.219]},"properties":{"Volcano Number":284030,"Volcano Name":"Kozushima","Country":"Japan","Volcanic Region Group":"Northwestern Pacific Volcanic Regions","Volcanic Region":"Izu Volcanic Arc","Volcano Landform":"Composite","Primary Volcano Type":"Lava dome(s)","Type Group":"Lava domes","Type Description":"Steep mounds built by thick lava that piles up near the vent.","Activity Evidence":"Eruption Observed","Activity Class":"Observed eruption","Last Known Eruption":"838 CE","Eruption Year":838.0,"Eruption Period":"1-1499 CE","Elevation (m)":572,"Elevation Class":"0-999 m","Tectonic Setting":"Subduction zone / Oceanic crust (< 15 km)","Tectonic Group":"Subduction","Dominant Rock Type":"Rhyolite"}},{"type":"Feature","geometry":{"type":"Point","coordinates":[139.526,34.094]},"properties":{"Volcano Number":284040,"Volcano Name":"Miyakejima","Country":"Japan","Volcanic Region Group":"Northwestern Pacific Volcanic Regions","Volcanic Region":"Izu Volcanic Arc","Volcano Landform":"Composite","Primary Volcano Type":"Stratovolcano","Type Group":"Cone volcanoes","Type Description":"Tall, steep volcanoes often built by alternating lava and ash layers.","Activity Evidence":"Eruption Observed","Activity Class":"Observed eruption","Last Known Eruption":"2010 CE","Eruption Year":2010.0,"Eruption Period":"Since 1900","Elevation (m)":775,"Elevation Class":"0-999 m","Tectonic Setting":"Subduction zone / Oceanic crust (< 15 km)","Tectonic Group":"Subduction","Dominant Rock Type":"Basalt / Picro-Basalt"}},{"type":"Feature","geometry":{"type":"Point","coordinates":[139.602,33.874]},"properties":{"Volcano Number":284041,"Volcano Name":"Mikurajima","Country":"Japan","Volcanic Region Group":"Northwestern Pacific Volcanic Regions","Volcanic Region":"Izu Volcanic Arc","Volcano Landform":"Composite","Primary Volcano Type":"Stratovolcano","Type Group":"Cone volcanoes","Type Description":"Tall, steep volcanoes often built by alternating lava and ash layers.","Activity Evidence":"Eruption Dated","Activity Class":"Dated eruption","Last Known Eruption":"4100 BCE","Eruption Year":-4100.0,"Eruption Period":"BCE record","Elevation (m)":851,"Elevation Class":"0-999 m","Tectonic Setting":"Subduction zone / Oceanic crust (< 15 km)","Tectonic Group":"Subduction","Dominant Rock Type":"Basalt / Picro-Basalt"}},{"type":"Feature","geometry":{"type":"Point","coordinates":[139.68,33.4]},"properties":{"Volcano Number":284042,"Volcano Name":"Kurose Hole","Country":"Japan","Volcanic Region Group":"Northwestern Pacific Volcanic Regions","Volcanic Region":"Izu Volcanic Arc","Volcano Landform":"Caldera","Primary Volcano Type":"Caldera","Type Group":"Calderas","Type Description":"Large collapse basins that can form after major eruptions empty magma chambers.","Activity Evidence":"Evidence Uncertain","Activity Class":"Uncertain evidence","Last Known Eruption":"Unknown","Eruption Year":null,"Eruption Period":"BCE record","Elevation (m)":-114,"Elevation Class":"Below sea level","Tectonic Setting":"Subduction zone / Oceanic crust (< 15 km)","Tectonic Group":"Subduction","Dominant Rock Type":"Dacite"}},{"type":"Feature","geometry":{"type":"Point","coordinates":[139.766,33.137]},"properties":{"Volcano Number":284050,"Volcano Name":"Hachijojima","Country":"Japan","Volcanic Region Group":"Northwestern Pacific Volcanic Regions","Volcanic Region":"Izu Volcanic Arc","Volcano Landform":"Composite","Primary Volcano Type":"Stratovolcano(es)","Type Group":"Cone volcanoes","Type Description":"Tall, steep volcanoes often built by alternating lava and ash layers.","Activity Evidence":"Eruption Observed","Activity Class":"Observed eruption","Last Known Eruption":"1606 CE","Eruption Year":1606.0,"Eruption Period":"1500-1899","Elevation (m)":854,"Elevation Class":"0-999 m","Tectonic Setting":"Subduction zone / Oceanic crust (< 15 km)","Tectonic Group":"Subduction","Dominant Rock Type":"Basalt / Picro-Basalt"}},{"type":"Feature","geometry":{"type":"Point","coordinates":[139.759,32.458]},"properties":{"Volcano Number":284060,"Volcano Name":"Aogashima","Country":"Japan","Volcanic Region Group":"Northwestern Pacific Volcanic Regions","Volcanic Region":"Izu Volcanic Arc","Volcano Landform":"Composite","Primary Volcano Type":"Stratovolcano","Type Group":"Cone volcanoes","Type Description":"Tall, steep volcanoes often built by alternating lava and ash layers.","Activity Evidence":"Eruption Observed","Activity Class":"Observed eruption","Last Known Eruption":"1785 CE","Eruption Year":1785.0,"Eruption Period":"1500-1899","Elevation (m)":423,"Elevation Class":"0-999 m","Tectonic Setting":"Subduction zone / Oceanic crust (< 15 km)","Tectonic Group":"Subduction","Dominant Rock Type":"Basalt / Picro-Basalt"}},{"type":"Feature","geometry":{"type":"Point","coordinates":[139.85,32.1]},"properties":{"Volcano Number":284061,"Volcano Name":"Kita-Bayonnaise","Country":"Japan","Volcanic Region Group":"Northwestern Pacific Volcanic Regions","Volcanic Region":"Izu Volcanic Arc","Volcano Landform":"Caldera","Primary Volcano Type":"Caldera","Type Group":"Calderas","Type Description":"Large collapse basins that can form after major eruptions empty magma chambers.","Activity Evidence":"Evidence Uncertain","Activity Class":"Uncertain evidence","Last Known Eruption":"Unknown","Eruption Year":null,"Eruption Period":"BCE record","Elevation (m)":-360,"Elevation Class":"Below sea level","Tectonic Setting":"Subduction zone / Oceanic crust (< 15 km)","Tectonic Group":"Subduction","Dominant Rock Type":"Rhyolite"}},{"type":"Feature","geometry":{"type":"Point","coordinates":[139.918,31.888]},"properties":{"Volcano Number":284070,"Volcano Name":"Myojinsho","Country":"Japan","Volcanic Region Group":"Northwestern Pacific Volcanic Regions","Volcanic Region":"Izu Volcanic Arc","Volcano Landform":"Caldera","Primary Volcano Type":"Caldera","Type Group":"Calderas","Type Description":"Large collapse basins that can form after major eruptions empty magma chambers.","Activity Evidence":"Eruption Observed","Activity Class":"Observed eruption","Last Known Eruption":"1970 CE","Eruption Year":1970.0,"Eruption Period":"Since 1900","Elevation (m)":11,"Elevation Class":"0-999 m","Tectonic Setting":"Subduction zone / Oceanic crust (< 15 km)","Tectonic Group":"Subduction","Dominant Rock Type":"Dacite"}},{"type":"Feature","geometry":{"type":"Point","coordinates":[140.051,31.44]},"properties":{"Volcano Number":284080,"Volcano Name":"Sumisujima","Country":"Japan","Volcanic Region Group":"Northwestern Pacific Volcanic Regions","Volcanic Region":"Izu Volcanic Arc","Volcano Landform":"Caldera","Primary Volcano Type":"Caldera","Type Group":"Calderas","Type Description":"Large collapse basins that can form after major eruptions empty magma chambers.","Activity Evidence":"Eruption Observed","Activity Class":"Observed eruption","Last Known Eruption":"1916 CE","Eruption Year":1916.0,"Eruption Period":"Since 1900","Elevation (m)":136,"Elevation Class":"0-999 m","Tectonic Setting":"Subduction zone / Oceanic crust (< 15 km)","Tectonic Group":"Subduction","Dominant Rock Type":"Dacite"}},{"type":"Feature","geometry":{"type":"Point","coordinates":[140.303,30.484]},"properties":{"Volcano Number":284090,"Volcano Name":"Izu-Torishima","Country":"Japan","Volcanic Region Group":"Northwestern Pacific Volcanic Regions","Volcanic Region":"Izu Volcanic Arc","Volcano Landform":"Composite","Primary Volcano Type":"Stratovolcano","Type Group":"Cone volcanoes","Type Description":"Tall, steep volcanoes often built by alternating lava and ash layers.","Activity Evidence":"Eruption Observed","Activity Class":"Observed eruption","Last Known Eruption":"2002 CE","Eruption Year":2002.0,"Eruption Period":"Since 1900","Elevation (m)":394,"Elevation Class":"0-999 m","Tectonic Setting":"Subduction zone / Oceanic crust (< 15 km)","Tectonic Group":"Subduction","Dominant Rock Type":"Basalt / Picro-Basalt"}},{"type":"Feature","geometry":{"type":"Point","coordinates":[140.342,29.794]},"properties":{"Volcano Number":284091,"Volcano Name":"Sofugan","Country":"Japan","Volcanic Region Group":"Northwestern Pacific Volcanic Regions","Volcanic Region":"Izu Volcanic Arc","Volcano Landform":"Composite","Primary Volcano Type":"Stratovolcano","Type Group":"Cone volcanoes","Type Description":"Tall, steep volcanoes often built by alternating lava and ash layers.","Activity Evidence":"Evidence Uncertain","Activity Class":"Uncertain evidence","Last Known Eruption":"Unknown","Eruption Year":null,"Eruption Period":"BCE record","Elevation (m)":99,"Elevation Class":"0-999 m","Tectonic Setting":"Subduction zone / Oceanic crust (< 15 km)","Tectonic Group":"Subduction","Dominant Rock Type":"Basalt / Picro-Basalt"}},{"type":"Feature","geometry":{"type":"Point","coordinates":[140.633,28.575]},"properties":{"Volcano Number":284093,"Volcano Name":"Suiyo Seamount","Country":"Japan","Volcanic Region Group":"Northwestern Pacific Volcanic Regions","Volcanic Region":"Ogasawara Volcanic Arc","Volcano Landform":"Composite","Primary Volcano Type":"Stratovolcano","Type Group":"Cone volcanoes","Type Description":"Tall, steep volcanoes often built by alternating lava and ash layers.","Activity Evidence":"Unrest / Holocene","Activity Class":"Unspecified","Last Known Eruption":"Unknown","Eruption Year":null,"Eruption Period":"BCE record","Elevation (m)":-991,"Elevation Class":"Below sea level","Tectonic Setting":"Subduction zone / Crustal thickness unknown","Tectonic Group":"Subduction","Dominant Rock Type":"Andesite / Basaltic Andesite"}},{"type":"Feature","geometry":{"type":"Point","coordinates":[140.572,28.327]},"properties":{"Volcano Number":284094,"Volcano Name":"Mokuyo Seamount","Country":"Japan","Volcanic Region Group":"Northwestern Pacific Volcanic Regions","Volcanic Region":"Ogasawara Volcanic Arc","Volcano Landform":"Composite","Primary Volcano Type":"Stratovolcano","Type Group":"Cone volcanoes","Type Description":"Tall, steep volcanoes often built by alternating lava and ash layers.","Activity Evidence":"Unrest / Holocene","Activity Class":"Unspecified","Last Known Eruption":"Unknown","Eruption Year":null,"Eruption Period":"BCE record","Elevation (m)":-933,"Elevation Class":"Below sea level","Tectonic Setting":"Subduction zone / Crustal thickness unknown","Tectonic Group":"Subduction","Dominant Rock Type":"Andesite / Basaltic Andesite"}},{"type":"Feature","geometry":{"type":"Point","coordinates":[140.8,27.68]},"properties":{"Volcano Number":284095,"Volcano Name":"Doyo Seamount","Country":"Japan","Volcanic Region Group":"Northwestern Pacific Volcanic Regions","Volcanic Region":"Ogasawara Volcanic Arc","Volcano Landform":"Composite","Primary Volcano Type":"Stratovolcano","Type Group":"Cone volcanoes","Type Description":"Tall, steep volcanoes often built by alternating lava and ash layers.","Activity Evidence":"Unrest / Holocene","Activity Class":"Unspecified","Last Known Eruption":"Unknown","Eruption Year":null,"Eruption Period":"BCE record","Elevation (m)":-590,"Elevation Class":"Below sea level","Tectonic Setting":"Subduction zone / Crustal thickness unknown","Tectonic Group":"Subduction","Dominant Rock Type":"Basalt / Picro-Basalt"}},{"type":"Feature","geometry":{"type":"Point","coordinates":[140.874,27.247]},"properties":{"Volcano Number":284096,"Volcano Name":"Nishinoshima","Country":"Japan","Volcanic Region Group":"Northwestern Pacific Volcanic Regions","Volcanic Region":"Ogasawara Volcanic Arc","Volcano Landform":"Caldera","Primary Volcano Type":"Caldera","Type Group":"Calderas","Type Description":"Large collapse basins that can form after major eruptions empty magma chambers.","Activity Evidence":"Eruption Observed","Activity Class":"Observed eruption","Last Known Eruption":"2023 CE","Eruption Year":2023.0,"Eruption Period":"Since 1900","Elevation (m)":100,"Elevation Class":"0-999 m","Tectonic Setting":"Subduction zone / Crustal thickness unknown","Tectonic Group":"Subduction","Dominant Rock Type":"Andesite / Basaltic Andesite"}},{"type":"Feature","geometry":{"type":"Point","coordinates":[140.929,26.667]},"properties":{"Volcano Number":284097,"Volcano Name":"Kaikata Seamount","Country":"Japan","Volcanic Region Group":"Northwestern Pacific Volcanic Regions","Volcanic Region":"Ogasawara Volcanic Arc","Volcano Landform":"Composite","Primary Volcano Type":"Stratovolcano","Type Group":"Cone volcanoes","Type Description":"Tall, steep volcanoes often built by alternating lava and ash layers.","Activity Evidence":"Unrest / Holocene","Activity Class":"Unspecified","Last Known Eruption":"Unknown","Eruption Year":null,"Eruption Period":"BCE record","Elevation (m)":-165,"Elevation Class":"Below sea level","Tectonic Setting":"Subduction zone / Crustal thickness unknown","Tectonic Group":"Subduction","Dominant Rock Type":"Andesite / Basaltic Andesite"}},{"type":"Feature","geometry":{"type":"Point","coordinates":[141.0955,26.1217]},"properties":{"Volcano Number":284100,"Volcano Name":"Kaitoku Seamount","Country":"Japan","Volcanic Region Group":"Northwestern Pacific Volcanic Regions","Volcanic Region":"Ogasawara Volcanic Arc","Volcano Landform":"Composite","Primary Volcano Type":"Stratovolcano","Type Group":"Cone volcanoes","Type Description":"Tall, steep volcanoes often built by alternating lava and ash layers.","Activity Evidence":"Eruption Observed","Activity Class":"Observed eruption","Last Known Eruption":"2023 CE","Eruption Year":2023.0,"Eruption Period":"Since 1900","Elevation (m)":-95,"Elevation Class":"Below sea level","Tectonic Setting":"Subduction zone / Crustal thickness unknown","Tectonic Group":"Subduction","Dominant Rock Type":"Basalt / Picro-Basalt"}},{"type":"Feature","geometry":{"type":"Point","coordinates":[141.284,25.424]},"properties":{"Volcano Number":284110,"Volcano Name":"Kita-Ioto","Country":"Japan","Volcanic Region Group":"Northwestern Pacific Volcanic Regions","Volcanic Region":"Ogasawara Volcanic Arc","Volcano Landform":"Composite","Primary Volcano Type":"Stratovolcano","Type Group":"Cone volcanoes","Type Description":"Tall, steep volcanoes often built by alternating lava and ash layers.","Activity Evidence":"Eruption Observed","Activity Class":"Observed eruption","Last Known Eruption":"2022 CE","Eruption Year":2022.0,"Eruption Period":"Since 1900","Elevation (m)":792,"Elevation Class":"0-999 m","Tectonic Setting":"Subduction zone / Crustal thickness unknown","Tectonic Group":"Subduction","Dominant Rock Type":"Basalt / Picro-Basalt"}},{"type":"Feature","geometry":{"type":"Point","coordinates":[141.289,24.751]},"properties":{"Volcano Number":284120,"Volcano Name":"Ioto","Country":"Japan","Volcanic Region Group":"Northwestern Pacific Volcanic Regions","Volcanic Region":"Ogasawara Volcanic Arc","Volcano Landform":"Caldera","Primary Volcano Type":"Caldera","Type Group":"Calderas","Type Description":"Large collapse basins that can form after major eruptions empty magma chambers.","Activity Evidence":"Eruption Observed","Activity Class":"Observed eruption","Last Known Eruption":"2025 CE","Eruption Year":2025.0,"Eruption Period":"Since 1900","Elevation (m)":169,"Elevation Class":"0-999 m","Tectonic Setting":"Subduction zone / Crustal thickness unknown","Tectonic Group":"Subduction","Dominant Rock Type":"Trachyandesite / Basaltic Trachyandesite"}},{"type":"Feature","geometry":{"type":"Point","coordinates":[141.417,24.417]},"properties":{"Volcano Number":284121,"Volcano Name":"Kita-Fukutokutai","Country":"Japan","Volcanic Region Group":"Northwestern Pacific Volcanic Regions","Volcanic Region":"Ogasawara Volcanic Arc","Volcano Landform":"Composite","Primary Volcano Type":"Stratovolcano","Type Group":"Cone volcanoes","Type Description":"Tall, steep volcanoes often built by alternating lava and ash layers.","Activity Evidence":"Eruption Observed","Activity Class":"Observed eruption","Last Known Eruption":"1954 CE","Eruption Year":1954.0,"Eruption Period":"Since 1900","Elevation (m)":-73,"Elevation Class":"Below sea level","Tectonic Setting":"Subduction zone / Crustal thickness unknown","Tectonic Group":"Subduction","Dominant Rock Type":"No Data (checked)"}},{"type":"Feature","geometry":{"type":"Point","coordinates":[141.481,24.285]},"properties":{"Volcano Number":284130,"Volcano Name":"Fukutoku-Oka-no-Ba","Country":"Japan","Volcanic Region Group":"Northwestern Pacific Volcanic Regions","Volcanic Region":"Ogasawara Volcanic Arc","Volcano Landform":"Composite","Primary Volcano Type":"Pyroclastic cone","Type Group":"Other or unknown","Type Description":"The database lists a less common or unspecified volcano form.","Activity Evidence":"Eruption Observed","Activity Class":"Observed eruption","Last Known Eruption":"2021 CE","Eruption Year":2021.0,"Eruption Period":"Since 1900","Elevation (m)":-29,"Elevation Class":"Below sea level","Tectonic Setting":"Subduction zone / Crustal thickness unknown","Tectonic Group":"Subduction","Dominant Rock Type":"Trachyandesite / Basaltic Trachyandesite"}},{"type":"Feature","geometry":{"type":"Point","coordinates":[141.935,23.5]},"properties":{"Volcano Number":284131,"Volcano Name":"Minami-Hiyoshi","Country":"Japan","Volcanic Region Group":"Northwestern Pacific Volcanic Regions","Volcanic Region":"Mariana Volcanic Arc","Volcano Landform":"Composite","Primary Volcano Type":"Stratovolcano","Type Group":"Cone volcanoes","Type Description":"Tall, steep volcanoes often built by alternating lava and ash layers.","Activity Evidence":"Eruption Observed","Activity Class":"Observed eruption","Last Known Eruption":"1975 CE","Eruption Year":1975.0,"Eruption Period":"Since 1900","Elevation (m)":-107,"Elevation Class":"Below sea level","Tectonic Setting":"Subduction zone / Crustal thickness unknown","Tectonic Group":"Subduction","Dominant Rock Type":"Trachyandesite / Basaltic Trachyandesite"}},{"type":"Feature","geometry":{"type":"Point","coordinates":[142.326,23.078]},"properties":{"Volcano Number":284132,"Volcano Name":"Nikko","Country":"Japan","Volcanic Region Group":"Northwestern Pacific Volcanic Regions","Volcanic Region":"Mariana Volcanic Arc","Volcano Landform":"Composite","Primary Volcano Type":"Stratovolcano","Type Group":"Cone volcanoes","Type Description":"Tall, steep volcanoes often built by alternating lava and ash layers.","Activity Evidence":"Unrest / Holocene","Activity Class":"Unspecified","Last Known Eruption":"Unknown","Eruption Year":null,"Eruption Period":"BCE record","Elevation (m)":-392,"Elevation Class":"Below sea level","Tectonic Setting":"Subduction zone / Crustal thickness unknown","Tectonic Group":"Subduction","Dominant Rock Type":"Basalt / Picro-Basalt"}},{"type":"Feature","geometry":{"type":"Point","coordinates":[143.47,21.93]},"properties":{"Volcano Number":284133,"Volcano Name":"Fukujin","Country":"United States","Volcanic Region Group":"Northwestern Pacific Volcanic Regions","Volcanic Region":"Mariana Volcanic Arc","Volcano Landform":"Composite","Primary Volcano Type":"Stratovolcano","Type Group":"Cone volcanoes","Type Description":"Tall, steep volcanoes often built by alternating lava and ash layers.","Activity Evidence":"Eruption Observed","Activity Class":"Observed eruption","Last Known Eruption":"1974 CE","Eruption Year":1974.0,"Eruption Period":"Since 1900","Elevation (m)":-217,"Elevation Class":"Below sea level","Tectonic Setting":"Subduction zone / Crustal thickness unknown","Tectonic Group":"Subduction","Dominant Rock Type":"Andesite / Basaltic Andesite"}},{"type":"Feature","geometry":{"type":"Point","coordinates":[143.71,21.765]},"properties":{"Volcano Number":284134,"Volcano Name":"Kasuga 1","Country":"United States","Volcanic Region Group":"Northwestern Pacific Volcanic Regions","Volcanic Region":"Mariana Volcanic Arc","Volcano Landform":"Composite","Primary Volcano Type":"Stratovolcano","Type Group":"Cone volcanoes","Type Description":"Tall, steep volcanoes often built by alternating lava and ash layers.","Activity Evidence":"Eruption Observed","Activity Class":"Observed eruption","Last Known Eruption":"1959 CE","Eruption Year":1959.0,"Eruption Period":"Since 1900","Elevation (m)":-598,"Elevation Class":"Below sea level","Tectonic Setting":"Subduction zone / Crustal thickness unknown","Tectonic Group":"Subduction","Dominant Rock Type":"Andesite / Basaltic Andesite"}},{"type":"Feature","geometry":{"type":"Point","coordinates":[143.637,21.6]},"properties":{"Volcano Number":284135,"Volcano Name":"Kasuga 2","Country":"United States","Volcanic Region Group":"Northwestern Pacific Volcanic Regions","Volcanic Region":"Mariana Volcanic Arc","Volcano Landform":"Composite","Primary Volcano Type":"Stratovolcano","Type Group":"Cone volcanoes","Type Description":"Tall, steep volcanoes often built by alternating lava and ash layers.","Activity Evidence":"Evidence Credible","Activity Class":"Credible evidence","Last Known Eruption":"Unknown","Eruption Year":null,"Eruption Period":"BCE record","Elevation (m)":-274,"Elevation Class":"Below sea level","Tectonic Setting":"Subduction zone / Crustal thickness unknown","Tectonic Group":"Subduction","Dominant Rock Type":"Basalt / Picro-Basalt"}},{"type":"Feature","geometry":{"type":"Point","coordinates":[144.043,21.485]},"properties":{"Volcano Number":284136,"Volcano Name":"NW Eifuku","Country":"United States","Volcanic Region Group":"Northwestern Pacific Volcanic Regions","Volcanic Region":"Mariana Volcanic Arc","Volcano Landform":"Composite","Primary Volcano Type":"Stratovolcano","Type Group":"Cone volcanoes","Type Description":"Tall, steep volcanoes often built by alternating lava and ash layers.","Activity Evidence":"Unrest / Holocene","Activity Class":"Unspecified","Last Known Eruption":"Unknown","Eruption Year":null,"Eruption Period":"BCE record","Elevation (m)":-1535,"Elevation Class":"Below sea level","Tectonic Setting":"Subduction zone / Crustal thickness unknown","Tectonic Group":"Subduction","Dominant Rock Type":"Basalt / Picro-Basalt"}},{"type":"Feature","geometry":{"type":"Point","coordinates":[144.194,21.324]},"properties":{"Volcano Number":284137,"Volcano Name":"Daikoku","Country":"United States","Volcanic Region Group":"Northwestern Pacific Volcanic Regions","Volcanic Region":"Mariana Volcanic Arc","Volcano Landform":"Composite","Primary Volcano Type":"Stratovolcano","Type Group":"Cone volcanoes","Type Description":"Tall, steep volcanoes often built by alternating lava and ash layers.","Activity Evidence":"Unrest / Holocene","Activity Class":"Unspecified","Last Known Eruption":"Unknown","Eruption Year":null,"Eruption Period":"BCE record","Elevation (m)":-323,"Elevation Class":"Below sea level","Tectonic Setting":"Subduction zone / Crustal thickness unknown","Tectonic Group":"Subduction","Dominant Rock Type":"Andesite / Basaltic Andesite"}},{"type":"Feature","geometry":{"type":"Point","coordinates":[144.893,20.546]},"properties":{"Volcano Number":284140,"Volcano Name":"Farallon de Pajaros","Country":"United States","Volcanic Region Group":"Northwestern Pacific Volcanic Regions","Volcanic Region":"Mariana Volcanic Arc","Volcano Landform":"Composite","Primary Volcano Type":"Stratovolcano","Type Group":"Cone volcanoes","Type Description":"Tall, steep volcanoes often built by alternating lava and ash layers.","Activity Evidence":"Eruption Observed","Activity Class":"Observed eruption","Last Known Eruption":"1953 CE","Eruption Year":1953.0,"Eruption Period":"Since 1900","Elevation (m)":337,"Elevation Class":"0-999 m","Tectonic Setting":"Subduction zone / Crustal thickness unknown","Tectonic Group":"Subduction","Dominant Rock Type":"Andesite / Basaltic Andesite"}},{"type":"Feature","geometry":{"type":"Point","coordinates":[145.03,20.437]},"properties":{"Volcano Number":284141,"Volcano Name":"Ahyi","Country":"United States","Volcanic Region Group":"Northwestern Pacific Volcanic Regions","Volcanic Region":"Mariana Volcanic Arc","Volcano Landform":"Composite","Primary Volcano Type":"Stratovolcano","Type Group":"Cone volcanoes","Type Description":"Tall, steep volcanoes often built by alternating lava and ash layers.","Activity Evidence":"Eruption Dated","Activity Class":"Dated eruption","Last Known Eruption":"2026 CE","Eruption Year":2026.0,"Eruption Period":"Since 1900","Elevation (m)":-55,"Elevation Class":"Below sea level","Tectonic Setting":"Subduction zone / Crustal thickness unknown","Tectonic Group":"Subduction","Dominant Rock Type":"Andesite / Basaltic Andesite"}},{"type":"Feature","geometry":{"type":"Point","coordinates":[145.1,20.13]},"properties":{"Volcano Number":284142,"Volcano Name":"Supply Reef","Country":"United States","Volcanic Region Group":"Northwestern Pacific Volcanic Regions","Volcanic Region":"Mariana Volcanic Arc","Volcano Landform":"Composite","Primary Volcano Type":"Stratovolcano","Type Group":"Cone volcanoes","Type Description":"Tall, steep volcanoes often built by alternating lava and ash layers.","Activity Evidence":"Evidence Uncertain","Activity Class":"Uncertain evidence","Last Known Eruption":"Unknown","Eruption Year":null,"Eruption Period":"BCE record","Elevation (m)":-8,"Elevation Class":"Below sea level","Tectonic Setting":"Subduction zone / Crustal thickness unknown","Tectonic Group":"Subduction","Dominant Rock Type":"Andesite / Basaltic Andesite"}},{"type":"Feature","geometry":{"type":"Point","coordinates":[145.22,20.02]},"properties":{"Volcano Number":284143,"Volcano Name":"Maug Islands","Country":"United States","Volcanic Region Group":"Northwestern Pacific Volcanic Regions","Volcanic Region":"Mariana Volcanic Arc","Volcano Landform":"Composite","Primary Volcano Type":"Stratovolcano","Type Group":"Cone volcanoes","Type Description":"Tall, steep volcanoes often built by alternating lava and ash layers.","Activity Evidence":"Unrest / Holocene","Activity Class":"Unspecified","Last Known Eruption":"Unknown","Eruption Year":null,"Eruption Period":"BCE record","Elevation (m)":227,"Elevation Class":"0-999 m","Tectonic Setting":"Subduction zone / Crustal thickness unknown","Tectonic Group":"Subduction","Dominant Rock Type":"Basalt / Picro-Basalt"}},{"type":"Feature","geometry":{"type":"Point","coordinates":[145.406,19.671]},"properties":{"Volcano Number":284150,"Volcano Name":"Asuncion","Country":"United States","Volcanic Region Group":"Northwestern Pacific Volcanic Regions","Volcanic Region":"Mariana Volcanic Arc","Volcano Landform":"Composite","Primary Volcano Type":"Stratovolcano","Type Group":"Cone volcanoes","Type Description":"Tall, steep volcanoes often built by alternating lava and ash layers.","Activity Evidence":"Eruption Observed","Activity Class":"Observed eruption","Last Known Eruption":"1906 CE","Eruption Year":1906.0,"Eruption Period":"Since 1900","Elevation (m)":857,"Elevation Class":"0-999 m","Tectonic Setting":"Subduction zone / Crustal thickness unknown","Tectonic Group":"Subduction","Dominant Rock Type":"Andesite / Basaltic Andesite"}},{"type":"Feature","geometry":{"type":"Point","coordinates":[145.67,18.77]},"properties":{"Volcano Number":284160,"Volcano Name":"Agrigan","Country":"United States","Volcanic Region Group":"Northwestern Pacific Volcanic Regions","Volcanic Region":"Mariana Volcanic Arc","Volcano Landform":"Composite","Primary Volcano Type":"Stratovolcano","Type Group":"Cone volcanoes","Type Description":"Tall, steep volcanoes often built by alternating lava and ash layers.","Activity Evidence":"Eruption Observed","Activity Class":"Observed eruption","Last Known Eruption":"1917 CE","Eruption Year":1917.0,"Eruption Period":"Since 1900","Elevation (m)":965,"Elevation Class":"0-999 m","Tectonic Setting":"Subduction zone / Crustal thickness unknown","Tectonic Group":"Subduction","Dominant Rock Type":"Basalt / Picro-Basalt"}},{"type":"Feature","geometry":{"type":"Point","coordinates":[145.8,18.13]},"properties":{"Volcano Number":284170,"Volcano Name":"Pagan","Country":"United States","Volcanic Region Group":"Northwestern Pacific Volcanic Regions","Volcanic Region":"Mariana Volcanic Arc","Volcano Landform":"Composite","Primary Volcano Type":"Stratovolcano(es)","Type Group":"Cone volcanoes","Type Description":"Tall, steep volcanoes often built by alternating lava and ash layers.","Activity Evidence":"Eruption Observed","Activity Class":"Observed eruption","Last Known Eruption":"2021 CE","Eruption Year":2021.0,"Eruption Period":"Since 1900","Elevation (m)":570,"Elevation Class":"0-999 m","Tectonic Setting":"Subduction zone / Crustal thickness unknown","Tectonic Group":"Subduction","Dominant Rock Type":"Basalt / Picro-Basalt"}},{"type":"Feature","geometry":{"type":"Point","coordinates":[145.83,17.6]},"properties":{"Volcano Number":284180,"Volcano Name":"Alamagan","Country":"United States","Volcanic Region Group":"Northwestern Pacific Volcanic Regions","Volcanic Region":"Mariana Volcanic Arc","Volcano Landform":"Composite","Primary Volcano Type":"Stratovolcano","Type Group":"Cone volcanoes","Type Description":"Tall, steep volcanoes often built by alternating lava and ash layers.","Activity Evidence":"Eruption Dated","Activity Class":"Dated eruption","Last Known Eruption":"870 CE","Eruption Year":870.0,"Eruption Period":"1-1499 CE","Elevation (m)":744,"Elevation Class":"0-999 m","Tectonic Setting":"Subduction zone / Crustal thickness unknown","Tectonic Group":"Subduction","Dominant Rock Type":"Andesite / Basaltic Andesite"}},{"type":"Feature","geometry":{"type":"Point","coordinates":[145.84,17.3137]},"properties":{"Volcano Number":284190,"Volcano Name":"Guguan","Country":"United States","Volcanic Region Group":"Northwestern Pacific Volcanic Regions","Volcanic Region":"Mariana Volcanic Arc","Volcano Landform":"Composite","Primary Volcano Type":"Stratovolcano","Type Group":"Cone volcanoes","Type Description":"Tall, steep volcanoes often built by alternating lava and ash layers.","Activity Evidence":"Eruption Observed","Activity Class":"Observed eruption","Last Known Eruption":"1883 CE","Eruption Year":1883.0,"Eruption Period":"1500-1899","Elevation (m)":232,"Elevation Class":"0-999 m","Tectonic Setting":"Subduction zone / Crustal thickness unknown","Tectonic Group":"Subduction","Dominant Rock Type":"Andesite / Basaltic Andesite"}},{"type":"Feature","geometry":{"type":"Point","coordinates":[145.85,16.88]},"properties":{"Volcano Number":284191,"Volcano Name":"Zealandia Bank","Country":"United States","Volcanic Region Group":"Northwestern Pacific Volcanic Regions","Volcanic Region":"Mariana Volcanic Arc","Volcano Landform":"Composite","Primary Volcano Type":"Stratovolcano","Type Group":"Cone volcanoes","Type Description":"Tall, steep volcanoes often built by alternating lava and ash layers.","Activity Evidence":"Unrest / Holocene","Activity Class":"Unspecified","Last Known Eruption":"Unknown","Eruption Year":null,"Eruption Period":"BCE record","Elevation (m)":0,"Elevation Class":"0-999 m","Tectonic Setting":"Subduction zone / Crustal thickness unknown","Tectonic Group":"Subduction","Dominant Rock Type":"Basalt / Picro-Basalt"}},{"type":"Feature","geometry":{"type":"Point","coordinates":[145.7803,16.6991]},"properties":{"Volcano Number":284192,"Volcano Name":"Sarigan","Country":"United States","Volcanic Region Group":"Northwestern Pacific Volcanic Regions","Volcanic Region":"Mariana Volcanic Arc","Volcano Landform":"Composite","Primary Volcano Type":"Stratovolcano","Type Group":"Cone volcanoes","Type Description":"Tall, steep volcanoes often built by alternating lava and ash layers.","Activity Evidence":"Evidence Credible","Activity Class":"Credible evidence","Last Known Eruption":"Unknown","Eruption Year":null,"Eruption Period":"BCE record","Elevation (m)":494,"Elevation Class":"0-999 m","Tectonic Setting":"Subduction zone / Crustal thickness unknown","Tectonic Group":"Subduction","Dominant Rock Type":"Andesite / Basaltic Andesite"}},{"type":"Feature","geometry":{"type":"Point","coordinates":[145.78,16.58]},"properties":{"Volcano Number":284193,"Volcano Name":"South Sarigan Seamount","Country":"United States","Volcanic Region Group":"Northwestern Pacific Volcanic Regions","Volcanic Region":"Mariana Volcanic Arc","Volcano Landform":"Composite","Primary Volcano Type":"Stratovolcano","Type Group":"Cone volcanoes","Type Description":"Tall, steep volcanoes often built by alternating lava and ash layers.","Activity Evidence":"Eruption Observed","Activity Class":"Observed eruption","Last Known Eruption":"2010 CE","Eruption Year":2010.0,"Eruption Period":"Since 1900","Elevation (m)":-184,"Elevation Class":"Below sea level","Tectonic Setting":"Subduction zone / Crustal thickness unknown","Tectonic Group":"Subduction","Dominant Rock Type":"No Data (checked)"}},{"type":"Feature","geometry":{"type":"Point","coordinates":[145.67,16.35]},"properties":{"Volcano Number":284200,"Volcano Name":"Anatahan","Country":"United States","Volcanic Region Group":"Northwestern Pacific Volcanic Regions","Volcanic Region":"Mariana Volcanic Arc","Volcano Landform":"Composite","Primary Volcano Type":"Stratovolcano","Type Group":"Cone volcanoes","Type Description":"Tall, steep volcanoes often built by alternating lava and ash layers.","Activity Evidence":"Eruption Observed","Activity Class":"Observed eruption","Last Known Eruption":"2008 CE","Eruption Year":2008.0,"Eruption Period":"Since 1900","Elevation (m)":790,"Elevation Class":"0-999 m","Tectonic Setting":"Subduction zone / Crustal thickness unknown","Tectonic Group":"Subduction","Dominant Rock Type":"Andesite / Basaltic Andesite"}},{"type":"Feature","geometry":{"type":"Point","coordinates":[145.67,15.93]},"properties":{"Volcano Number":284201,"Volcano Name":"East Diamante","Country":"United States","Volcanic Region Group":"Northwestern Pacific Volcanic Regions","Volcanic Region":"Mariana Volcanic Arc","Volcano Landform":"Composite","Primary Volcano Type":"Stratovolcano","Type Group":"Cone volcanoes","Type Description":"Tall, steep volcanoes often built by alternating lava and ash layers.","Activity Evidence":"Unrest / Holocene","Activity Class":"Unspecified","Last Known Eruption":"Unknown","Eruption Year":null,"Eruption Period":"BCE record","Elevation (m)":-127,"Elevation Class":"Below sea level","Tectonic Setting":"Subduction zone / Crustal thickness unknown","Tectonic Group":"Subduction","Dominant Rock Type":"Dacite"}},{"type":"Feature","geometry":{"type":"Point","coordinates":[145.572,15.605]},"properties":{"Volcano Number":284202,"Volcano Name":"Ruby","Country":"United States","Volcanic Region Group":"Northwestern Pacific Volcanic Regions","Volcanic Region":"Mariana Volcanic Arc","Volcano Landform":"Composite","Primary Volcano Type":"Stratovolcano","Type Group":"Cone volcanoes","Type Description":"Tall, steep volcanoes often built by alternating lava and ash layers.","Activity Evidence":"Eruption Observed","Activity Class":"Observed eruption","Last Known Eruption":"2023 CE","Eruption Year":2023.0,"Eruption Period":"Since 1900","Elevation (m)":-174,"Elevation Class":"Below sea level","Tectonic Setting":"Subduction zone / Crustal thickness unknown","Tectonic Group":"Subduction","Dominant Rock Type":"Basalt / Picro-Basalt"}},{"type":"Feature","geometry":{"type":"Point","coordinates":[145.249,14.958]},"properties":{"Volcano Number":284210,"Volcano Name":"Esmeralda Bank","Country":"United States","Volcanic Region Group":"Northwestern Pacific Volcanic Regions","Volcanic Region":"Mariana Volcanic Arc","Volcano Landform":"Composite","Primary Volcano Type":"Stratovolcano","Type Group":"Cone volcanoes","Type Description":"Tall, steep volcanoes often built by alternating lava and ash layers.","Activity Evidence":"Unrest / Holocene","Activity Class":"Unspecified","Last Known Eruption":"Unknown","Eruption Year":null,"Eruption Period":"BCE record","Elevation (m)":-74,"Elevation Class":"Below sea level","Tectonic Setting":"Subduction zone / Crustal thickness unknown","Tectonic Group":"Subduction","Dominant Rock Type":"Basalt / Picro-Basalt"}},{"type":"Feature","geometry":{"type":"Point","coordinates":[144.775,14.601]},"properties":{"Volcano Number":284211,"Volcano Name":"NW Rota-1","Country":"United States","Volcanic Region Group":"Northwestern Pacific Volcanic Regions","Volcanic Region":"Mariana Volcanic Arc","Volcano Landform":"Composite","Primary Volcano Type":"Stratovolcano","Type Group":"Cone volcanoes","Type Description":"Tall, steep volcanoes often built by alternating lava and ash layers.","Activity Evidence":"Eruption Observed","Activity Class":"Observed eruption","Last Known Eruption":"2010 CE","Eruption Year":2010.0,"Eruption Period":"Since 1900","Elevation (m)":-455,"Elevation Class":"Below sea level","Tectonic Setting":"Subduction zone / Crustal thickness unknown","Tectonic Group":"Subduction","Dominant Rock Type":"Basalt / Picro-Basalt"}},{"type":"Feature","geometry":{"type":"Point","coordinates":[143.92,13.4]},"properties":{"Volcano Number":284220,"Volcano Name":"Forecast Seamount","Country":"United States","Volcanic Region Group":"Northwestern Pacific Volcanic Regions","Volcanic Region":"Mariana Volcanic Arc","Volcano Landform":"Composite","Primary Volcano Type":"Stratovolcano","Type Group":"Cone volcanoes","Type Description":"Tall, steep volcanoes often built by alternating lava and ash layers.","Activity Evidence":"Unrest / Holocene","Activity Class":"Unspecified","Last Known Eruption":"Unknown","Eruption Year":null,"Eruption Period":"BCE record","Elevation (m)":-1456,"Elevation Class":"Below sea level","Tectonic Setting":"Subduction zone / Crustal thickness unknown","Tectonic Group":"Subduction","Dominant Rock Type":"No Data (checked)"}},{"type":"Feature","geometry":{"type":"Point","coordinates":[144.02,13.25]},"properties":{"Volcano Number":284230,"Volcano Name":"Seamount X","Country":"United States","Volcanic Region Group":"Northwestern Pacific Volcanic Regions","Volcanic Region":"Mariana Volcanic Arc","Volcano Landform":"Composite","Primary Volcano Type":"Stratovolcano","Type Group":"Cone volcanoes","Type Description":"Tall, steep volcanoes often built by alternating lava and ash layers.","Activity Evidence":"Unrest / Holocene","Activity Class":"Unspecified","Last Known Eruption":"Unknown","Eruption Year":null,"Eruption Period":"BCE record","Elevation (m)":-1230,"Elevation Class":"Below sea level","Tectonic Setting":"Subduction zone / Crustal thickness unknown","Tectonic Group":"Subduction","Dominant Rock Type":"Basalt / Picro-Basalt"}},{"type":"Feature","geometry":{"type":"Point","coordinates":[144.506,15.406]},"properties":{"Volcano Number":284305,"Volcano Name":"Mariana Back-Arc Segment at 15.5°N","Country":"United States","Volcanic Region Group":"Northwestern Pacific Volcanic Regions","Volcanic Region":"Mariana Volcanic Arc","Volcano Landform":"Cluster","Primary Volcano Type":"Fissure vent","Type Group":"Other or unknown","Type Description":"The database lists a less common or unspecified volcano form.","Activity Evidence":"Eruption Dated","Activity Class":"Dated eruption","Last Known Eruption":"2015 CE","Eruption Year":2015.0,"Eruption Period":"Since 1900","Elevation (m)":-4100,"Elevation Class":"Below sea level","Tectonic Setting":"Subduction zone / Oceanic crust (< 15 km)","Tectonic Group":"Subduction","Dominant Rock Type":null}},{"type":"Feature","geometry":{"type":"Point","coordinates":[139.367,41.51]},"properties":{"Volcano Number":285010,"Volcano Name":"Oshima-Oshima","Country":"Japan","Volcanic Region Group":"Northwestern Pacific Volcanic Regions","Volcanic Region":"Northeast Japan Volcanic Arc","Volcano Landform":"Composite","Primary Volcano Type":"Stratovolcano","Type Group":"Cone volcanoes","Type Description":"Tall, steep volcanoes often built by alternating lava and ash layers.","Activity Evidence":"Eruption Observed","Activity Class":"Observed eruption","Last Known Eruption":"1790 CE","Eruption Year":1790.0,"Eruption Period":"1500-1899","Elevation (m)":732,"Elevation Class":"0-999 m","Tectonic Setting":"Subduction zone / Continental crust (>25 km)","Tectonic Group":"Subduction","Dominant Rock Type":"Basalt / Picro-Basalt"}},{"type":"Feature","geometry":{"type":"Point","coordinates":[141.166,41.805]},"properties":{"Volcano Number":285011,"Volcano Name":"Esan","Country":"Japan","Volcanic Region Group":"Northwestern Pacific Volcanic Regions","Volcanic Region":"Northeast Japan Volcanic Arc","Volcano Landform":"Minor (Silicic)","Primary Volcano Type":"Lava dome(s)","Type Group":"Lava domes","Type Description":"Steep mounds built by thick lava that piles up near the vent.","Activity Evidence":"Eruption Observed","Activity Class":"Observed eruption","Last Known Eruption":"1874 CE","Eruption Year":1874.0,"Eruption Period":"1500-1899","Elevation (m)":618,"Elevation Class":"0-999 m","Tectonic Setting":"Subduction zone / Continental crust (>25 km)","Tectonic Group":"Subduction","Dominant Rock Type":"Andesite / Basaltic Andesite"}},{"type":"Feature","geometry":{"type":"Point","coordinates":[140.677,42.063]},"properties":{"Volcano Number":285020,"Volcano Name":"Hokkaido-Komagatake","Country":"Japan","Volcanic Region Group":"Northwestern Pacific Volcanic Regions","Volcanic Region":"Northeast Japan Volcanic Arc","Volcano Landform":"Composite","Primary Volcano Type":"Stratovolcano","Type Group":"Cone volcanoes","Type Description":"Tall, steep volcanoes often built by alternating lava and ash layers.","Activity Evidence":"Eruption Observed","Activity Class":"Observed eruption","Last Known Eruption":"2000 CE","Eruption Year":2000.0,"Eruption Period":"Since 1900","Elevation (m)":1131,"Elevation Class":"1,000-2,999 m","Tectonic Setting":"Subduction zone / Continental crust (>25 km)","Tectonic Group":"Subduction","Dominant Rock Type":"Andesite / Basaltic Andesite"}},{"type":"Feature","geometry":{"type":"Point","coordinates":[140.839,42.544]},"properties":{"Volcano Number":285030,"Volcano Name":"Toya","Country":"Japan","Volcanic Region Group":"Northwestern Pacific Volcanic Regions","Volcanic Region":"Northeast Japan Volcanic Arc","Volcano Landform":"Composite","Primary Volcano Type":"Stratovolcano","Type Group":"Cone volcanoes","Type Description":"Tall, steep volcanoes often built by alternating lava and ash layers.","Activity Evidence":"Eruption Observed","Activity Class":"Observed eruption","Last Known Eruption":"2001 CE","Eruption Year":2001.0,"Eruption Period":"Since 1900","Elevation (m)":733,"Elevation Class":"0-999 m","Tectonic Setting":"Subduction zone / Continental crust (>25 km)","Tectonic Group":"Subduction","Dominant Rock Type":"Basalt / Picro-Basalt"}},{"type":"Feature","geometry":{"type":"Point","coordinates":[140.659,42.875]},"properties":{"Volcano Number":285031,"Volcano Name":"Niseko","Country":"Japan","Volcanic Region Group":"Northwestern Pacific Volcanic Regions","Volcanic Region":"Northeast Japan Volcanic Arc","Volcano Landform":"Composite","Primary Volcano Type":"Stratovolcano(es)","Type Group":"Cone volcanoes","Type Description":"Tall, steep volcanoes often built by alternating lava and ash layers.","Activity Evidence":"Eruption Dated","Activity Class":"Dated eruption","Last Known Eruption":"4900 BCE","Eruption Year":-4900.0,"Eruption Period":"BCE record","Elevation (m)":1308,"Elevation Class":"1,000-2,999 m","Tectonic Setting":"Subduction zone / Continental crust (>25 km)","Tectonic Group":"Subduction","Dominant Rock Type":"Andesite / Basaltic Andesite"}},{"type":"Feature","geometry":{"type":"Point","coordinates":[140.812,42.827]},"properties":{"Volcano Number":285032,"Volcano Name":"Yoteizan","Country":"Japan","Volcanic Region Group":"Northwestern Pacific Volcanic Regions","Volcanic Region":"Northeast Japan Volcanic Arc","Volcano Landform":"Composite","Primary Volcano Type":"Stratovolcano","Type Group":"Cone volcanoes","Type Description":"Tall, steep volcanoes often built by alternating lava and ash layers.","Activity Evidence":"Eruption Dated","Activity Class":"Dated eruption","Last Known Eruption":"1050 BCE","Eruption Year":-1050.0,"Eruption Period":"BCE record","Elevation (m)":1888,"Elevation Class":"1,000-2,999 m","Tectonic Setting":"Subduction zone / Continental crust (>25 km)","Tectonic Group":"Subduction","Dominant Rock Type":"Andesite / Basaltic Andesite"}},{"type":"Feature","geometry":{"type":"Point","coordinates":[141.16,42.491]},"properties":{"Volcano Number":285034,"Volcano Name":"Kuttara","Country":"Japan","Volcanic Region Group":"Northwestern Pacific Volcanic Regions","Volcanic Region":"Northeast Japan Volcanic Arc","Volcano Landform":"Composite","Primary Volcano Type":"Stratovolcano(es)","Type Group":"Cone volcanoes","Type Description":"Tall, steep volcanoes often built by alternating lava and ash layers.","Activity Evidence":"Eruption Dated","Activity Class":"Dated eruption","Last Known Eruption":"1820 CE","Eruption Year":1820.0,"Eruption Period":"1500-1899","Elevation (m)":549,"Elevation Class":"0-999 m","Tectonic Setting":"Subduction zone / Continental crust (>25 km)","Tectonic Group":"Subduction","Dominant Rock Type":"Basalt / Picro-Basalt"}},{"type":"Feature","geometry":{"type":"Point","coordinates":[141.38,42.688]},"properties":{"Volcano Number":285040,"Volcano Name":"Shikotsu","Country":"Japan","Volcanic Region Group":"Northwestern Pacific Volcanic Regions","Volcanic Region":"Northeast Japan Volcanic Arc","Volcano Landform":"Caldera","Primary Volcano Type":"Caldera","Type Group":"Calderas","Type Description":"Large collapse basins that can form after major eruptions empty magma chambers.","Activity Evidence":"Eruption Observed","Activity Class":"Observed eruption","Last Known Eruption":"1981 CE","Eruption Year":1981.0,"Eruption Period":"Since 1900","Elevation (m)":1320,"Elevation Class":"1,000-2,999 m","Tectonic Setting":"Subduction zone / Continental crust (>25 km)","Tectonic Group":"Subduction","Dominant Rock Type":"Andesite / Basaltic Andesite"}},{"type":"Feature","geometry":{"type":"Point","coordinates":[141.242,45.179]},"properties":{"Volcano Number":285041,"Volcano Name":"Rishirizan","Country":"Japan","Volcanic Region Group":"Northwestern Pacific Volcanic Regions","Volcanic Region":"Kuril Volcanic Arc","Volcano Landform":"Composite","Primary Volcano Type":"Stratovolcano","Type Group":"Cone volcanoes","Type Description":"Tall, steep volcanoes often built by alternating lava and ash layers.","Activity Evidence":"Eruption Dated","Activity Class":"Dated eruption","Last Known Eruption":"5830 BCE","Eruption Year":-5830.0,"Eruption Period":"BCE record","Elevation (m)":1721,"Elevation Class":"1,000-2,999 m","Tectonic Setting":"Subduction zone / Continental crust (>25 km)","Tectonic Group":"Subduction","Dominant Rock Type":"Andesite / Basaltic Andesite"}},{"type":"Feature","geometry":{"type":"Point","coordinates":[142.686,43.418]},"properties":{"Volcano Number":285050,"Volcano Name":"Tokachidake","Country":"Japan","Volcanic Region Group":"Northwestern Pacific Volcanic Regions","Volcanic Region":"Kuril Volcanic Arc","Volcano Landform":"Composite","Primary Volcano Type":"Stratovolcano(es)","Type Group":"Cone volcanoes","Type Description":"Tall, steep volcanoes often built by alternating lava and ash layers.","Activity Evidence":"Eruption Observed","Activity Class":"Observed eruption","Last Known Eruption":"2004 CE","Eruption Year":2004.0,"Eruption Period":"Since 1900","Elevation (m)":2077,"Elevation Class":"1,000-2,999 m","Tectonic Setting":"Subduction zone / Continental crust (>25 km)","Tectonic Group":"Subduction","Dominant Rock Type":"Andesite / Basaltic Andesite"}},{"type":"Feature","geometry":{"type":"Point","coordinates":[142.854,43.664]},"properties":{"Volcano Number":285060,"Volcano Name":"Taisetsuzan","Country":"Japan","Volcanic Region Group":"Northwestern Pacific Volcanic Regions","Volcanic Region":"Kuril Volcanic Arc","Volcano Landform":"Composite","Primary Volcano Type":"Stratovolcano(es)","Type Group":"Cone volcanoes","Type Description":"Tall, steep volcanoes often built by alternating lava and ash layers.","Activity Evidence":"Eruption Dated","Activity Class":"Dated eruption","Last Known Eruption":"1739 CE","Eruption Year":1739.0,"Eruption Period":"1500-1899","Elevation (m)":2291,"Elevation Class":"1,000-2,999 m","Tectonic Setting":"Subduction zone / Continental crust (>25 km)","Tectonic Group":"Subduction","Dominant Rock Type":"Andesite / Basaltic Andesite"}},{"type":"Feature","geometry":{"type":"Point","coordinates":[143.031,43.418]},"properties":{"Volcano Number":285061,"Volcano Name":"Maruyama","Country":"Japan","Volcanic Region Group":"Northwestern Pacific Volcanic Regions","Volcanic Region":"Kuril Volcanic Arc","Volcano Landform":"Composite","Primary Volcano Type":"Stratovolcano(es)","Type Group":"Cone volcanoes","Type Description":"Tall, steep volcanoes often built by alternating lava and ash layers.","Activity Evidence":"Eruption Observed","Activity Class":"Observed eruption","Last Known Eruption":"1898 CE","Eruption Year":1898.0,"Eruption Period":"1500-1899","Elevation (m)":2013,"Elevation Class":"1,000-2,999 m","Tectonic Setting":"Subduction zone / Continental crust (>25 km)","Tectonic Group":"Subduction","Dominant Rock Type":"Andesite / Basaltic Andesite"}},{"type":"Feature","geometry":{"type":"Point","coordinates":[144.013,43.384]},"properties":{"Volcano Number":285070,"Volcano Name":"Akan","Country":"Japan","Volcanic Region Group":"Northwestern Pacific Volcanic Regions","Volcanic Region":"Kuril Volcanic Arc","Volcano Landform":"Caldera","Primary Volcano Type":"Caldera","Type Group":"Calderas","Type Description":"Large collapse basins that can form after major eruptions empty magma chambers.","Activity Evidence":"Eruption Observed","Activity Class":"Observed eruption","Last Known Eruption":"2026 CE","Eruption Year":2026.0,"Eruption Period":"Since 1900","Elevation (m)":1499,"Elevation Class":"1,000-2,999 m","Tectonic Setting":"Subduction zone / Continental crust (>25 km)","Tectonic Group":"Subduction","Dominant Rock Type":"Andesite / Basaltic Andesite"}},{"type":"Feature","geometry":{"type":"Point","coordinates":[144.427,43.615]},"properties":{"Volcano Number":285080,"Volcano Name":"Kussharo","Country":"Japan","Volcanic Region Group":"Northwestern Pacific Volcanic Regions","Volcanic Region":"Kuril Volcanic Arc","Volcano Landform":"Caldera","Primary Volcano Type":"Caldera","Type Group":"Calderas","Type Description":"Large collapse basins that can form after major eruptions empty magma chambers.","Activity Evidence":"Eruption Dated","Activity Class":"Dated eruption","Last Known Eruption":"1320 CE","Eruption Year":1320.0,"Eruption Period":"1-1499 CE","Elevation (m)":574,"Elevation Class":"0-999 m","Tectonic Setting":"Subduction zone / Continental crust (>25 km)","Tectonic Group":"Subduction","Dominant Rock Type":"Dacite"}},{"type":"Feature","geometry":{"type":"Point","coordinates":[144.561,43.572]},"properties":{"Volcano Number":285081,"Volcano Name":"Mashu","Country":"Japan","Volcanic Region Group":"Northwestern Pacific Volcanic Regions","Volcanic Region":"Kuril Volcanic Arc","Volcano Landform":"Caldera","Primary Volcano Type":"Caldera","Type Group":"Calderas","Type Description":"Large collapse basins that can form after major eruptions empty magma chambers.","Activity Evidence":"Eruption Dated","Activity Class":"Dated eruption","Last Known Eruption":"1080 CE","Eruption Year":1080.0,"Eruption Period":"1-1499 CE","Elevation (m)":857,"Elevation Class":"0-999 m","Tectonic Setting":"Subduction zone / Continental crust (>25 km)","Tectonic Group":"Subduction","Dominant Rock Type":"Andesite / Basaltic Andesite"}},{"type":"Feature","geometry":{"type":"Point","coordinates":[145.122,44.076]},"properties":{"Volcano Number":285082,"Volcano Name":"Rausudake","Country":"Japan","Volcanic Region Group":"Northwestern Pacific Volcanic Regions","Volcanic Region":"Kuril Volcanic Arc","Volcano Landform":"Composite","Primary Volcano Type":"Stratovolcano","Type Group":"Cone volcanoes","Type Description":"Tall, steep volcanoes often built by alternating lava and ash layers.","Activity Evidence":"Eruption Dated","Activity Class":"Dated eruption","Last Known Eruption":"1800 CE","Eruption Year":1800.0,"Eruption Period":"1500-1899","Elevation (m)":1660,"Elevation Class":"1,000-2,999 m","Tectonic Setting":"Subduction zone / Continental crust (>25 km)","Tectonic Group":"Subduction","Dominant Rock Type":"Andesite / Basaltic Andesite"}},{"type":"Feature","geometry":{"type":"Point","coordinates":[145.086,44.044]},"properties":{"Volcano Number":285083,"Volcano Name":"Tenchozan","Country":"Japan","Volcanic Region Group":"Northwestern Pacific Volcanic Regions","Volcanic Region":"Kuril Volcanic Arc","Volcano Landform":"Cluster","Primary Volcano Type":"Crater rows","Type Group":"Other or unknown","Type Description":"The database lists a less common or unspecified volcano form.","Activity Evidence":"Eruption Dated","Activity Class":"Dated eruption","Last Known Eruption":"Unknown","Eruption Year":null,"Eruption Period":"BCE record","Elevation (m)":1046,"Elevation Class":"1,000-2,999 m","Tectonic Setting":null,"Tectonic Group":"Other setting","Dominant Rock Type":null}},{"type":"Feature","geometry":{"type":"Point","coordinates":[145.161,44.133]},"properties":{"Volcano Number":285090,"Volcano Name":"Shiretoko-Iozan","Country":"Japan","Volcanic Region Group":"Northwestern Pacific Volcanic Regions","Volcanic Region":"Kuril Volcanic Arc","Volcano Landform":"Composite","Primary Volcano Type":"Stratovolcano","Type Group":"Cone volcanoes","Type Description":"Tall, steep volcanoes often built by alternating lava and ash layers.","Activity Evidence":"Eruption Observed","Activity Class":"Observed eruption","Last Known Eruption":"1936 CE","Eruption Year":1936.0,"Eruption Period":"Since 1900","Elevation (m)":1562,"Elevation Class":"1,000-2,999 m","Tectonic Setting":"Subduction zone / Continental crust (>25 km)","Tectonic Group":"Subduction","Dominant Rock Type":"Andesite / Basaltic Andesite"}},{"type":"Feature","geometry":{"type":"Point","coordinates":[145.504,43.844]},"properties":{"Volcano Number":290010,"Volcano Name":"Tomariyama [Golovnin]","Country":"Japan - administered by Russia","Volcanic Region Group":"Northwestern Pacific Volcanic Regions","Volcanic Region":"Kuril Volcanic Arc","Volcano Landform":"Caldera","Primary Volcano Type":"Caldera","Type Group":"Calderas","Type Description":"Large collapse basins that can form after major eruptions empty magma chambers.","Activity Evidence":"Eruption Observed","Activity Class":"Observed eruption","Last Known Eruption":"1848 CE","Eruption Year":1848.0,"Eruption Period":"1500-1899","Elevation (m)":535,"Elevation Class":"0-999 m","Tectonic Setting":"Subduction zone / Intermediate crust (15-25 km)","Tectonic Group":"Subduction","Dominant Rock Type":"Andesite / Basaltic Andesite"}},{"type":"Feature","geometry":{"type":"Point","coordinates":[145.733,43.979]},"properties":{"Volcano Number":290020,"Volcano Name":"Raususan [Mendeleev]","Country":"Japan - administered by Russia","Volcanic Region Group":"Northwestern Pacific Volcanic Regions","Volcanic Region":"Kuril Volcanic Arc","Volcano Landform":"Composite","Primary Volcano Type":"Stratovolcano","Type Group":"Cone volcanoes","Type Description":"Tall, steep volcanoes often built by alternating lava and ash layers.","Activity Evidence":"Eruption Observed","Activity Class":"Observed eruption","Last Known Eruption":"1880 CE","Eruption Year":1880.0,"Eruption Period":"1500-1899","Elevation (m)":882,"Elevation Class":"0-999 m","Tectonic Setting":"Subduction zone / Intermediate crust (15-25 km)","Tectonic Group":"Subduction","Dominant Rock Type":"Andesite / Basaltic Andesite"}},{"type":"Feature","geometry":{"type":"Point","coordinates":[146.1401,44.4541]},"properties":{"Volcano Number":290021,"Volcano Name":"Ruruidake [Smirnov]","Country":"Japan - administered by Russia","Volcanic Region Group":"Northwestern Pacific Volcanic Regions","Volcanic Region":"Kuril Volcanic Arc","Volcano Landform":"Composite","Primary Volcano Type":"Stratovolcano","Type Group":"Cone volcanoes","Type Description":"Tall, steep volcanoes often built by alternating lava and ash layers.","Activity Evidence":"Evidence Credible","Activity Class":"Credible evidence","Last Known Eruption":"Unknown","Eruption Year":null,"Eruption Period":"BCE record","Elevation (m)":1447,"Elevation Class":"1,000-2,999 m","Tectonic Setting":"Subduction zone / Intermediate crust (15-25 km)","Tectonic Group":"Subduction","Dominant Rock Type":"Andesite / Basaltic Andesite"}},{"type":"Feature","geometry":{"type":"Point","coordinates":[146.252,44.353]},"properties":{"Volcano Number":290030,"Volcano Name":"Chachadake [Tiatia]","Country":"Japan - administered by Russia","Volcanic Region Group":"Northwestern Pacific Volcanic Regions","Volcanic Region":"Kuril Volcanic Arc","Volcano Landform":"Composite","Primary Volcano Type":"Stratovolcano","Type Group":"Cone volcanoes","Type Description":"Tall, steep volcanoes often built by alternating lava and ash layers.","Activity Evidence":"Eruption Observed","Activity Class":"Observed eruption","Last Known Eruption":"1981 CE","Eruption Year":1981.0,"Eruption Period":"Since 1900","Elevation (m)":1822,"Elevation Class":"1,000-2,999 m","Tectonic Setting":"Subduction zone / Intermediate crust (15-25 km)","Tectonic Group":"Subduction","Dominant Rock Type":"Basalt / Picro-Basalt"}},{"type":"Feature","geometry":{"type":"Point","coordinates":[146.932,44.462]},"properties":{"Volcano Number":290040,"Volcano Name":"Berutarubesan [Berutarube]","Country":"Japan - administered by Russia","Volcanic Region Group":"Northwestern Pacific Volcanic Regions","Volcanic Region":"Kuril Volcanic Arc","Volcano Landform":"Composite","Primary Volcano Type":"Stratovolcano","Type Group":"Cone volcanoes","Type Description":"Tall, steep volcanoes often built by alternating lava and ash layers.","Activity Evidence":"Evidence Credible","Activity Class":"Credible evidence","Last Known Eruption":"Unknown","Eruption Year":null,"Eruption Period":"BCE record","Elevation (m)":1221,"Elevation Class":"1,000-2,999 m","Tectonic Setting":"Subduction zone / Intermediate crust (15-25 km)","Tectonic Group":"Subduction","Dominant Rock Type":"Andesite / Basaltic Andesite"}},{"type":"Feature","geometry":{"type":"Point","coordinates":[147.131,44.808]},"properties":{"Volcano Number":290050,"Volcano Name":"Etorofu-Atosanupuri [Atosanupuri]","Country":"Japan - administered by Russia","Volcanic Region Group":"Northwestern Pacific Volcanic Regions","Volcanic Region":"Kuril Volcanic Arc","Volcano Landform":"Composite","Primary Volcano Type":"Stratovolcano","Type Group":"Cone volcanoes","Type Description":"Tall, steep volcanoes often built by alternating lava and ash layers.","Activity Evidence":"Eruption Observed","Activity Class":"Observed eruption","Last Known Eruption":"1932 CE","Eruption Year":1932.0,"Eruption Period":"Since 1900","Elevation (m)":1206,"Elevation Class":"1,000-2,999 m","Tectonic Setting":"Subduction zone / Intermediate crust (15-25 km)","Tectonic Group":"Subduction","Dominant Rock Type":"Andesite / Basaltic Andesite"}},{"type":"Feature","geometry":{"type":"Point","coordinates":[147.403,44.857]},"properties":{"Volcano Number":290060,"Volcano Name":"Hitokappu Volcano Group [Bogatyr Ridge]","Country":"Japan - administered by Russia","Volcanic Region Group":"Northwestern Pacific Volcanic Regions","Volcanic Region":"Kuril Volcanic Arc","Volcano Landform":"Cluster","Primary Volcano Type":"Stratovolcano","Type Group":"Cone volcanoes","Type Description":"Tall, steep volcanoes often built by alternating lava and ash layers.","Activity Evidence":"Evidence Credible","Activity Class":"Credible evidence","Last Known Eruption":"Unknown","Eruption Year":null,"Eruption Period":"BCE record","Elevation (m)":1610,"Elevation Class":"1,000-2,999 m","Tectonic Setting":"Subduction zone / Intermediate crust (15-25 km)","Tectonic Group":"Subduction","Dominant Rock Type":"Andesite / Basaltic Andesite"}},{"type":"Feature","geometry":{"type":"Point","coordinates":[147.871,45.012]},"properties":{"Volcano Number":290070,"Volcano Name":"Etorofu-Yakeyama [Grozny Group]","Country":"Japan - administered by Russia","Volcanic Region Group":"Northwestern Pacific Volcanic Regions","Volcanic Region":"Kuril Volcanic Arc","Volcano Landform":"Composite","Primary Volcano Type":"Complex","Type Group":"Complex volcanoes","Type Description":"Volcanoes with multiple vents, cones, or overlapping eruptive centers.","Activity Evidence":"Eruption Observed","Activity Class":"Observed eruption","Last Known Eruption":"2013 CE","Eruption Year":2013.0,"Eruption Period":"Since 1900","Elevation (m)":1158,"Elevation Class":"1,000-2,999 m","Tectonic Setting":"Subduction zone / Intermediate crust (15-25 km)","Tectonic Group":"Subduction","Dominant Rock Type":"Andesite / Basaltic Andesite"}},{"type":"Feature","geometry":{"type":"Point","coordinates":[147.918,45.028]},"properties":{"Volcano Number":290072,"Volcano Name":"Odamoisan [Tebenkov]","Country":"Japan - administered by Russia","Volcanic Region Group":"Northwestern Pacific Volcanic Regions","Volcanic Region":"Kuril Volcanic Arc","Volcano Landform":"Composite","Primary Volcano Type":"Stratovolcano","Type Group":"Cone volcanoes","Type Description":"Tall, steep volcanoes often built by alternating lava and ash layers.","Activity Evidence":"Evidence Uncertain","Activity Class":"Uncertain evidence","Last Known Eruption":"Unknown","Eruption Year":null,"Eruption Period":"BCE record","Elevation (m)":1208,"Elevation Class":"1,000-2,999 m","Tectonic Setting":"Subduction zone / Intermediate crust (15-25 km)","Tectonic Group":"Subduction","Dominant Rock Type":null}},{"type":"Feature","geometry":{"type":"Point","coordinates":[148.0148,45.103]},"properties":{"Volcano Number":290080,"Volcano Name":"Sashiusudake [Baransky]","Country":"Japan - administered by Russia","Volcanic Region Group":"Northwestern Pacific Volcanic Regions","Volcanic Region":"Kuril Volcanic Arc","Volcano Landform":"Composite","Primary Volcano Type":"Stratovolcano","Type Group":"Cone volcanoes","Type Description":"Tall, steep volcanoes often built by alternating lava and ash layers.","Activity Evidence":"Eruption Observed","Activity Class":"Observed eruption","Last Known Eruption":"1951 CE","Eruption Year":1951.0,"Eruption Period":"Since 1900","Elevation (m)":1107,"Elevation Class":"1,000-2,999 m","Tectonic Setting":"Subduction zone / Intermediate crust (15-25 km)","Tectonic Group":"Subduction","Dominant Rock Type":"Andesite / Basaltic Andesite"}},{"type":"Feature","geometry":{"type":"Point","coordinates":[147.92,45.338]},"properties":{"Volcano Number":290090,"Volcano Name":"Chirippusan [Chirip]","Country":"Japan - administered by Russia","Volcanic Region Group":"Northwestern Pacific Volcanic Regions","Volcanic Region":"Kuril Volcanic Arc","Volcano Landform":"Composite","Primary Volcano Type":"Stratovolcano(es)","Type Group":"Cone volcanoes","Type Description":"Tall, steep volcanoes often built by alternating lava and ash layers.","Activity Evidence":"Eruption Observed","Activity Class":"Observed eruption","Last Known Eruption":"1860 CE","Eruption Year":1860.0,"Eruption Period":"1500-1899","Elevation (m)":1587,"Elevation Class":"1,000-2,999 m","Tectonic Setting":"Subduction zone / Intermediate crust (15-25 km)","Tectonic Group":"Subduction","Dominant Rock Type":"Basalt / Picro-Basalt"}},{"type":"Feature","geometry":{"type":"Point","coordinates":[148.838,45.389]},"properties":{"Volcano Number":290100,"Volcano Name":"Moyorodake [Medvezhia]","Country":"Japan - administered by Russia","Volcanic Region Group":"Northwestern Pacific Volcanic Regions","Volcanic Region":"Kuril Volcanic Arc","Volcano Landform":"Composite","Primary Volcano Type":"Stratovolcano","Type Group":"Cone volcanoes","Type Description":"Tall, steep volcanoes often built by alternating lava and ash layers.","Activity Evidence":"Eruption Observed","Activity Class":"Observed eruption","Last Known Eruption":"1999 CE","Eruption Year":1999.0,"Eruption Period":"Since 1900","Elevation (m)":1124,"Elevation Class":"1,000-2,999 m","Tectonic Setting":"Subduction zone / Intermediate crust (15-25 km)","Tectonic Group":"Subduction","Dominant Rock Type":"Andesite / Basaltic Andesite"}},{"type":"Feature","geometry":{"type":"Point","coordinates":[149.6762,45.7593]},"properties":{"Volcano Number":290111,"Volcano Name":"Ivao Group","Country":"Russia","Volcanic Region Group":"Northwestern Pacific Volcanic Regions","Volcanic Region":"Kuril Volcanic Arc","Volcano Landform":"Cluster","Primary Volcano Type":"Pyroclastic cone(s)","Type Group":"Small cones","Type Description":"Smaller volcanic cones or explosion craters formed by ash, cinders, or steam blasts.","Activity Evidence":"Evidence Credible","Activity Class":"Credible evidence","Last Known Eruption":"Unknown","Eruption Year":null,"Eruption Period":"BCE record","Elevation (m)":1426,"Elevation Class":"1,000-2,999 m","Tectonic Setting":"Subduction zone / Intermediate crust (15-25 km)","Tectonic Group":"Subduction","Dominant Rock Type":"No Data (checked)"}},{"type":"Feature","geometry":{"type":"Point","coordinates":[150.083,46.042]},"properties":{"Volcano Number":290120,"Volcano Name":"Kolokol Group","Country":"Russia","Volcanic Region Group":"Northwestern Pacific Volcanic Regions","Volcanic Region":"Kuril Volcanic Arc","Volcano Landform":"Composite","Primary Volcano Type":"Stratovolcano","Type Group":"Cone volcanoes","Type Description":"Tall, steep volcanoes often built by alternating lava and ash layers.","Activity Evidence":"Eruption Observed","Activity Class":"Observed eruption","Last Known Eruption":"1973 CE","Eruption Year":1973.0,"Eruption Period":"Since 1900","Elevation (m)":1328,"Elevation Class":"1,000-2,999 m","Tectonic Setting":"Subduction zone / Intermediate crust (15-25 km)","Tectonic Group":"Subduction","Dominant Rock Type":"Andesite / Basaltic Andesite"}},{"type":"Feature","geometry":{"type":"Point","coordinates":[150.8526,46.2944]},"properties":{"Volcano Number":290130,"Volcano Name":"Kuril Arc at 46.3°N","Country":"Japan - administered by Russia","Volcanic Region Group":"Northwestern Pacific Volcanic Regions","Volcanic Region":"Kuril Volcanic Arc","Volcano Landform":"Composite","Primary Volcano Type":null,"Type Group":"Other or unknown","Type Description":"The database lists a less common or unspecified volcano form.","Activity Evidence":"Evidence Uncertain","Activity Class":"Uncertain evidence","Last Known Eruption":"Unknown","Eruption Year":null,"Eruption Period":"BCE record","Elevation (m)":-100,"Elevation Class":"Below sea level","Tectonic Setting":"Subduction zone / Crustal thickness unknown","Tectonic Group":"Subduction","Dominant Rock Type":"No Data (checked)"}},{"type":"Feature","geometry":{"type":"Point","coordinates":[150.871,46.532]},"properties":{"Volcano Number":290150,"Volcano Name":"Chirpoi","Country":"Russia","Volcanic Region Group":"Northwestern Pacific Volcanic Regions","Volcanic Region":"Kuril Volcanic Arc","Volcano Landform":"Composite","Primary Volcano Type":"Caldera","Type Group":"Calderas","Type Description":"Large collapse basins that can form after major eruptions empty magma chambers.","Activity Evidence":"Eruption Observed","Activity Class":"Observed eruption","Last Known Eruption":"2016 CE","Eruption Year":2016.0,"Eruption Period":"Since 1900","Elevation (m)":742,"Elevation Class":"0-999 m","Tectonic Setting":"Subduction zone / Oceanic crust (< 15 km)","Tectonic Group":"Subduction","Dominant Rock Type":"Andesite / Basaltic Andesite"}},{"type":"Feature","geometry":{"type":"Point","coordinates":[151.786,46.815]},"properties":{"Volcano Number":290161,"Volcano Name":"Milna","Country":"Russia","Volcanic Region Group":"Northwestern Pacific Volcanic Regions","Volcanic Region":"Kuril Volcanic Arc","Volcano Landform":"Composite","Primary Volcano Type":"Stratovolcano","Type Group":"Cone volcanoes","Type Description":"Tall, steep volcanoes often built by alternating lava and ash layers.","Activity Evidence":"Eruption Observed","Activity Class":"Observed eruption","Last Known Eruption":"1914 CE","Eruption Year":1914.0,"Eruption Period":"Since 1900","Elevation (m)":1504,"Elevation Class":"1,000-2,999 m","Tectonic Setting":"Subduction zone / Oceanic crust (< 15 km)","Tectonic Group":"Subduction","Dominant Rock Type":"Andesite / Basaltic Andesite"}},{"type":"Feature","geometry":{"type":"Point","coordinates":[151.9518,46.9178]},"properties":{"Volcano Number":290180,"Volcano Name":"Zavaritzki Caldera","Country":"Russia","Volcanic Region Group":"Northwestern Pacific Volcanic Regions","Volcanic Region":"Kuril Volcanic Arc","Volcano Landform":"Caldera","Primary Volcano Type":"Caldera","Type Group":"Calderas","Type Description":"Large collapse basins that can form after major eruptions empty magma chambers.","Activity Evidence":"Eruption Observed","Activity Class":"Observed eruption","Last Known Eruption":"1957 CE","Eruption Year":1957.0,"Eruption Period":"Since 1900","Elevation (m)":612,"Elevation Class":"0-999 m","Tectonic Setting":"Subduction zone / Oceanic crust (< 15 km)","Tectonic Group":"Subduction","Dominant Rock Type":"Andesite / Basaltic Andesite"}},{"type":"Feature","geometry":{"type":"Point","coordinates":[152.1167,47.0139]},"properties":{"Volcano Number":290190,"Volcano Name":"Prevo Peak","Country":"Russia","Volcanic Region Group":"Northwestern Pacific Volcanic Regions","Volcanic Region":"Kuril Volcanic Arc","Volcano Landform":"Composite","Primary Volcano Type":"Stratovolcano","Type Group":"Cone volcanoes","Type Description":"Tall, steep volcanoes often built by alternating lava and ash layers.","Activity Evidence":"Eruption Observed","Activity Class":"Observed eruption","Last Known Eruption":"1825 CE","Eruption Year":1825.0,"Eruption Period":"1500-1899","Elevation (m)":1360,"Elevation Class":"1,000-2,999 m","Tectonic Setting":"Subduction zone / Oceanic crust (< 15 km)","Tectonic Group":"Subduction","Dominant Rock Type":"Basalt / Picro-Basalt"}},{"type":"Feature","geometry":{"type":"Point","coordinates":[152.25,47.12]},"properties":{"Volcano Number":290191,"Volcano Name":"Uratman","Country":"Russia","Volcanic Region Group":"Northwestern Pacific Volcanic Regions","Volcanic Region":"Kuril Volcanic Arc","Volcano Landform":"Composite","Primary Volcano Type":"Stratovolcano","Type Group":"Cone volcanoes","Type Description":"Tall, steep volcanoes often built by alternating lava and ash layers.","Activity Evidence":"Evidence Credible","Activity Class":"Credible evidence","Last Known Eruption":"Unknown","Eruption Year":null,"Eruption Period":"BCE record","Elevation (m)":678,"Elevation Class":"0-999 m","Tectonic Setting":"Subduction zone / Oceanic crust (< 15 km)","Tectonic Group":"Subduction","Dominant Rock Type":"Andesite / Basaltic Andesite"}},{"type":"Feature","geometry":{"type":"Point","coordinates":[152.475,47.35]},"properties":{"Volcano Number":290200,"Volcano Name":"Ketoi","Country":"Russia","Volcanic Region Group":"Northwestern Pacific Volcanic Regions","Volcanic Region":"Kuril Volcanic Arc","Volcano Landform":"Composite","Primary Volcano Type":"Stratovolcano","Type Group":"Cone volcanoes","Type Description":"Tall, steep volcanoes often built by alternating lava and ash layers.","Activity Evidence":"Eruption Observed","Activity Class":"Observed eruption","Last Known Eruption":"1960 CE","Eruption Year":1960.0,"Eruption Period":"Since 1900","Elevation (m)":1172,"Elevation Class":"1,000-2,999 m","Tectonic Setting":"Subduction zone / Oceanic crust (< 15 km)","Tectonic Group":"Subduction","Dominant Rock Type":"Andesite / Basaltic Andesite"}},{"type":"Feature","geometry":{"type":"Point","coordinates":[152.8139,47.5125]},"properties":{"Volcano Number":290210,"Volcano Name":"Ushishur","Country":"Russia","Volcanic Region Group":"Northwestern Pacific Volcanic Regions","Volcanic Region":"Kuril Volcanic Arc","Volcano Landform":"Caldera","Primary Volcano Type":"Caldera","Type Group":"Calderas","Type Description":"Large collapse basins that can form after major eruptions empty magma chambers.","Activity Evidence":"Eruption Observed","Activity Class":"Observed eruption","Last Known Eruption":"1884 CE","Eruption Year":1884.0,"Eruption Period":"1500-1899","Elevation (m)":357,"Elevation Class":"0-999 m","Tectonic Setting":"Subduction zone / Oceanic crust (< 15 km)","Tectonic Group":"Subduction","Dominant Rock Type":"Andesite / Basaltic Andesite"}},{"type":"Feature","geometry":{"type":"Point","coordinates":[152.893,47.5861]},"properties":{"Volcano Number":290211,"Volcano Name":"Srednii","Country":"Russia","Volcanic Region Group":"Northwestern Pacific Volcanic Regions","Volcanic Region":"Kuril Volcanic Arc","Volcano Landform":"Composite","Primary Volcano Type":"Stratovolcano","Type Group":"Cone volcanoes","Type Description":"Tall, steep volcanoes often built by alternating lava and ash layers.","Activity Evidence":"Evidence Credible","Activity Class":"Credible evidence","Last Known Eruption":"Unknown","Eruption Year":null,"Eruption Period":"BCE record","Elevation (m)":36,"Elevation Class":"0-999 m","Tectonic Setting":"Subduction zone / Oceanic crust (< 15 km)","Tectonic Group":"Subduction","Dominant Rock Type":"No Data (checked)"}},{"type":"Feature","geometry":{"type":"Point","coordinates":[153.02,47.77]},"properties":{"Volcano Number":290220,"Volcano Name":"Rasshua","Country":"Russia","Volcanic Region Group":"Northwestern Pacific Volcanic Regions","Volcanic Region":"Kuril Volcanic Arc","Volcano Landform":"Composite","Primary Volcano Type":"Stratovolcano","Type Group":"Cone volcanoes","Type Description":"Tall, steep volcanoes often built by alternating lava and ash layers.","Activity Evidence":"Eruption Observed","Activity Class":"Observed eruption","Last Known Eruption":"1957 CE","Eruption Year":1957.0,"Eruption Period":"Since 1900","Elevation (m)":956,"Elevation Class":"0-999 m","Tectonic Setting":"Subduction zone / Oceanic crust (< 15 km)","Tectonic Group":"Subduction","Dominant Rock Type":"Andesite / Basaltic Andesite"}},{"type":"Feature","geometry":{"type":"Point","coordinates":[153.2,48.092]},"properties":{"Volcano Number":290240,"Volcano Name":"Sarychev Peak","Country":"Russia","Volcanic Region Group":"Northwestern Pacific Volcanic Regions","Volcanic Region":"Kuril Volcanic Arc","Volcano Landform":"Composite","Primary Volcano Type":"Stratovolcano","Type Group":"Cone volcanoes","Type Description":"Tall, steep volcanoes often built by alternating lava and ash layers.","Activity Evidence":"Eruption Observed","Activity Class":"Observed eruption","Last Known Eruption":"2021 CE","Eruption Year":2021.0,"Eruption Period":"Since 1900","Elevation (m)":1496,"Elevation Class":"1,000-2,999 m","Tectonic Setting":"Subduction zone / Intermediate crust (15-25 km)","Tectonic Group":"Subduction","Dominant Rock Type":"Andesite / Basaltic Andesite"}},{"type":"Feature","geometry":{"type":"Point","coordinates":[153.25,48.292]},"properties":{"Volcano Number":290250,"Volcano Name":"Raikoke","Country":"Russia","Volcanic Region Group":"Northwestern Pacific Volcanic Regions","Volcanic Region":"Kuril Volcanic Arc","Volcano Landform":"Composite","Primary Volcano Type":"Stratovolcano","Type Group":"Cone volcanoes","Type Description":"Tall, steep volcanoes often built by alternating lava and ash layers.","Activity Evidence":"Eruption Observed","Activity Class":"Observed eruption","Last Known Eruption":"2019 CE","Eruption Year":2019.0,"Eruption Period":"Since 1900","Elevation (m)":551,"Elevation Class":"0-999 m","Tectonic Setting":"Subduction zone / Intermediate crust (15-25 km)","Tectonic Group":"Subduction","Dominant Rock Type":"Basalt / Picro-Basalt"}},{"type":"Feature","geometry":{"type":"Point","coordinates":[153.48,48.98]},"properties":{"Volcano Number":290260,"Volcano Name":"Chirinkotan","Country":"Russia","Volcanic Region Group":"Northwestern Pacific Volcanic Regions","Volcanic Region":"Kuril Volcanic Arc","Volcano Landform":"Composite","Primary Volcano Type":"Stratovolcano","Type Group":"Cone volcanoes","Type Description":"Tall, steep volcanoes often built by alternating lava and ash layers.","Activity Evidence":"Eruption Observed","Activity Class":"Observed eruption","Last Known Eruption":"2022 CE","Eruption Year":2022.0,"Eruption Period":"Since 1900","Elevation (m)":724,"Elevation Class":"0-999 m","Tectonic Setting":"Subduction zone / Intermediate crust (15-25 km)","Tectonic Group":"Subduction","Dominant Rock Type":"Andesite / Basaltic Andesite"}},{"type":"Feature","geometry":{"type":"Point","coordinates":[153.93,48.958]},"properties":{"Volcano Number":290270,"Volcano Name":"Ekarma","Country":"Russia","Volcanic Region Group":"Northwestern Pacific Volcanic Regions","Volcanic Region":"Kuril Volcanic Arc","Volcano Landform":"Composite","Primary Volcano Type":"Stratovolcano","Type Group":"Cone volcanoes","Type Description":"Tall, steep volcanoes often built by alternating lava and ash layers.","Activity Evidence":"Eruption Observed","Activity Class":"Observed eruption","Last Known Eruption":"2010 CE","Eruption Year":2010.0,"Eruption Period":"Since 1900","Elevation (m)":1170,"Elevation Class":"1,000-2,999 m","Tectonic Setting":"Subduction zone / Intermediate crust (15-25 km)","Tectonic Group":"Subduction","Dominant Rock Type":"Andesite / Basaltic Andesite"}},{"type":"Feature","geometry":{"type":"Point","coordinates":[154.182,48.873]},"properties":{"Volcano Number":290290,"Volcano Name":"Sinarka","Country":"Russia","Volcanic Region Group":"Northwestern Pacific Volcanic Regions","Volcanic Region":"Kuril Volcanic Arc","Volcano Landform":"Composite","Primary Volcano Type":"Stratovolcano","Type Group":"Cone volcanoes","Type Description":"Tall, steep volcanoes often built by alternating lava and ash layers.","Activity Evidence":"Eruption Observed","Activity Class":"Observed eruption","Last Known Eruption":"1878 CE","Eruption Year":1878.0,"Eruption Period":"1500-1899","Elevation (m)":911,"Elevation Class":"0-999 m","Tectonic Setting":"Subduction zone / Intermediate crust (15-25 km)","Tectonic Group":"Subduction","Dominant Rock Type":"Andesite / Basaltic Andesite"}},{"type":"Feature","geometry":{"type":"Point","coordinates":[154.508,49.12]},"properties":{"Volcano Number":290300,"Volcano Name":"Kharimkotan","Country":"Russia","Volcanic Region Group":"Northwestern Pacific Volcanic Regions","Volcanic Region":"Kuril Volcanic Arc","Volcano Landform":"Composite","Primary Volcano Type":"Stratovolcano","Type Group":"Cone volcanoes","Type Description":"Tall, steep volcanoes often built by alternating lava and ash layers.","Activity Evidence":"Eruption Observed","Activity Class":"Observed eruption","Last Known Eruption":"1933 CE","Eruption Year":1933.0,"Eruption Period":"Since 1900","Elevation (m)":1145,"Elevation Class":"1,000-2,999 m","Tectonic Setting":"Subduction zone / Intermediate crust (15-25 km)","Tectonic Group":"Subduction","Dominant Rock Type":"Andesite / Basaltic Andesite"}},{"type":"Feature","geometry":{"type":"Point","coordinates":[154.725,49.34]},"properties":{"Volcano Number":290310,"Volcano Name":"Tao-Rusyr Caldera","Country":"Russia","Volcanic Region Group":"Northwestern Pacific Volcanic Regions","Volcanic Region":"Kuril Volcanic Arc","Volcano Landform":"Composite","Primary Volcano Type":"Stratovolcano","Type Group":"Cone volcanoes","Type Description":"Tall, steep volcanoes often built by alternating lava and ash layers.","Activity Evidence":"Eruption Observed","Activity Class":"Observed eruption","Last Known Eruption":"1952 CE","Eruption Year":1952.0,"Eruption Period":"Since 1900","Elevation (m)":1272,"Elevation Class":"1,000-2,999 m","Tectonic Setting":"Subduction zone / Intermediate crust (15-25 km)","Tectonic Group":"Subduction","Dominant Rock Type":"Andesite / Basaltic Andesite"}},{"type":"Feature","geometry":{"type":"Point","coordinates":[154.8126,49.5641]},"properties":{"Volcano Number":290320,"Volcano Name":"Nemo Peak","Country":"Russia","Volcanic Region Group":"Northwestern Pacific Volcanic Regions","Volcanic Region":"Kuril Volcanic Arc","Volcano Landform":"Caldera","Primary Volcano Type":"Caldera","Type Group":"Calderas","Type Description":"Large collapse basins that can form after major eruptions empty magma chambers.","Activity Evidence":"Eruption Observed","Activity Class":"Observed eruption","Last Known Eruption":"1938 CE","Eruption Year":1938.0,"Eruption Period":"Since 1900","Elevation (m)":994,"Elevation Class":"0-999 m","Tectonic Setting":"Subduction zone / Intermediate crust (15-25 km)","Tectonic Group":"Subduction","Dominant Rock Type":"Andesite / Basaltic Andesite"}},{"type":"Feature","geometry":{"type":"Point","coordinates":[154.9781,50.1973]},"properties":{"Volcano Number":290331,"Volcano Name":"Shirinki","Country":"Russia","Volcanic Region Group":"Northwestern Pacific Volcanic Regions","Volcanic Region":"Kuril Volcanic Arc","Volcano Landform":"Composite","Primary Volcano Type":"Stratovolcano","Type Group":"Cone volcanoes","Type Description":"Tall, steep volcanoes often built by alternating lava and ash layers.","Activity Evidence":"Evidence Credible","Activity Class":"Credible evidence","Last Known Eruption":"Unknown","Eruption Year":null,"Eruption Period":"BCE record","Elevation (m)":693,"Elevation Class":"0-999 m","Tectonic Setting":"Subduction zone / Continental crust (>25 km)","Tectonic Group":"Subduction","Dominant Rock Type":"Andesite / Basaltic Andesite"}},{"type":"Feature","geometry":{"type":"Point","coordinates":[155.246,50.267]},"properties":{"Volcano Number":290340,"Volcano Name":"Fuss Peak","Country":"Russia","Volcanic Region Group":"Northwestern Pacific Volcanic Regions","Volcanic Region":"Kuril Volcanic Arc","Volcano Landform":"Composite","Primary Volcano Type":"Stratovolcano","Type Group":"Cone volcanoes","Type Description":"Tall, steep volcanoes often built by alternating lava and ash layers.","Activity Evidence":"Eruption Observed","Activity Class":"Observed eruption","Last Known Eruption":"1854 CE","Eruption Year":1854.0,"Eruption Period":"1500-1899","Elevation (m)":1742,"Elevation Class":"1,000-2,999 m","Tectonic Setting":"Subduction zone / Continental crust (>25 km)","Tectonic Group":"Subduction","Dominant Rock Type":"Andesite / Basaltic Andesite"}},{"type":"Feature","geometry":{"type":"Point","coordinates":[155.3847,50.1419]},"properties":{"Volcano Number":290350,"Volcano Name":"Karpinsky Group","Country":"Russia","Volcanic Region Group":"Northwestern Pacific Volcanic Regions","Volcanic Region":"Kuril Volcanic Arc","Volcano Landform":"Composite","Primary Volcano Type":"Complex","Type Group":"Complex volcanoes","Type Description":"Volcanoes with multiple vents, cones, or overlapping eruptive centers.","Activity Evidence":"Unrest / Holocene","Activity Class":"Unspecified","Last Known Eruption":"Unknown","Eruption Year":null,"Eruption Period":"BCE record","Elevation (m)":1326,"Elevation Class":"1,000-2,999 m","Tectonic Setting":"Subduction zone / Continental crust (>25 km)","Tectonic Group":"Subduction","Dominant Rock Type":"Andesite / Basaltic Andesite"}},{"type":"Feature","geometry":{"type":"Point","coordinates":[155.461,50.324]},"properties":{"Volcano Number":290360,"Volcano Name":"Chikurachki","Country":"Russia","Volcanic Region Group":"Northwestern Pacific Volcanic Regions","Volcanic Region":"Kuril Volcanic Arc","Volcano Landform":"Composite","Primary Volcano Type":"Stratovolcano(es)","Type Group":"Cone volcanoes","Type Description":"Tall, steep volcanoes often built by alternating lava and ash layers.","Activity Evidence":"Eruption Observed","Activity Class":"Observed eruption","Last Known Eruption":"2023 CE","Eruption Year":2023.0,"Eruption Period":"Since 1900","Elevation (m)":1781,"Elevation Class":"1,000-2,999 m","Tectonic Setting":"Subduction zone / Continental crust (>25 km)","Tectonic Group":"Subduction","Dominant Rock Type":"Basalt / Picro-Basalt"}},{"type":"Feature","geometry":{"type":"Point","coordinates":[155.9867,50.5819]},"properties":{"Volcano Number":290370,"Volcano Name":"Vernadsky Ridge","Country":"Russia","Volcanic Region Group":"Northwestern Pacific Volcanic Regions","Volcanic Region":"Kuril Volcanic Arc","Volcano Landform":"Cluster","Primary Volcano Type":"Pyroclastic cone(s)","Type Group":"Small cones","Type Description":"Smaller volcanic cones or explosion craters formed by ash, cinders, or steam blasts.","Activity Evidence":"Evidence Credible","Activity Class":"Credible evidence","Last Known Eruption":"Unknown","Eruption Year":null,"Eruption Period":"BCE record","Elevation (m)":1183,"Elevation Class":"1,000-2,999 m","Tectonic Setting":"Subduction zone / Continental crust (>25 km)","Tectonic Group":"Subduction","Dominant Rock Type":"Andesite / Basaltic Andesite"}},{"type":"Feature","geometry":{"type":"Point","coordinates":[156.014,50.686]},"properties":{"Volcano Number":290380,"Volcano Name":"Ebeko","Country":"Russia","Volcanic Region Group":"Northwestern Pacific Volcanic Regions","Volcanic Region":"Kuril Volcanic Arc","Volcano Landform":"Composite","Primary Volcano Type":"Stratovolcano","Type Group":"Cone volcanoes","Type Description":"Tall, steep volcanoes often built by alternating lava and ash layers.","Activity Evidence":"Eruption Observed","Activity Class":"Observed eruption","Last Known Eruption":"2024 CE","Eruption Year":2024.0,"Eruption Period":"Since 1900","Elevation (m)":1103,"Elevation Class":"1,000-2,999 m","Tectonic Setting":"Subduction zone / Continental crust (>25 km)","Tectonic Group":"Subduction","Dominant Rock Type":"Andesite / Basaltic Andesite"}},{"type":"Feature","geometry":{"type":"Point","coordinates":[155.565,50.861]},"properties":{"Volcano Number":290390,"Volcano Name":"Alaid","Country":"Russia","Volcanic Region Group":"Northwestern Pacific Volcanic Regions","Volcanic Region":"Kuril Volcanic Arc","Volcano Landform":"Composite","Primary Volcano Type":"Stratovolcano","Type Group":"Cone volcanoes","Type Description":"Tall, steep volcanoes often built by alternating lava and ash layers.","Activity Evidence":"Eruption Observed","Activity Class":"Observed eruption","Last Known Eruption":"2022 CE","Eruption Year":2022.0,"Eruption Period":"Since 1900","Elevation (m)":2285,"Elevation Class":"1,000-2,999 m","Tectonic Setting":"Subduction zone / Continental crust (>25 km)","Tectonic Group":"Subduction","Dominant Rock Type":"Basalt / Picro-Basalt"}},{"type":"Feature","geometry":{"type":"Point","coordinates":[156.875,51.306]},"properties":{"Volcano Number":300010,"Volcano Name":"Kambalny","Country":"Russia","Volcanic Region Group":"Northwestern Pacific Volcanic Regions","Volcanic Region":"Kuril Volcanic Arc","Volcano Landform":"Composite","Primary Volcano Type":"Stratovolcano","Type Group":"Cone volcanoes","Type Description":"Tall, steep volcanoes often built by alternating lava and ash layers.","Activity Evidence":"Eruption Dated","Activity Class":"Dated eruption","Last Known Eruption":"2017 CE","Eruption Year":2017.0,"Eruption Period":"Since 1900","Elevation (m)":2116,"Elevation Class":"1,000-2,999 m","Tectonic Setting":"Subduction zone / Continental crust (>25 km)","Tectonic Group":"Subduction","Dominant Rock Type":"Basalt / Picro-Basalt"}},{"type":"Feature","geometry":{"type":"Point","coordinates":[156.753,51.356]},"properties":{"Volcano Number":300020,"Volcano Name":"Koshelev","Country":"Russia","Volcanic Region Group":"Northwestern Pacific Volcanic Regions","Volcanic Region":"Kuril Volcanic Arc","Volcano Landform":"Composite","Primary Volcano Type":"Stratovolcano","Type Group":"Cone volcanoes","Type Description":"Tall, steep volcanoes often built by alternating lava and ash layers.","Activity Evidence":"Eruption Observed","Activity Class":"Observed eruption","Last Known Eruption":"1690 CE","Eruption Year":1690.0,"Eruption Period":"1500-1899","Elevation (m)":1822,"Elevation Class":"1,000-2,999 m","Tectonic Setting":"Subduction zone / Continental crust (>25 km)","Tectonic Group":"Subduction","Dominant Rock Type":"Basalt / Picro-Basalt"}},{"type":"Feature","geometry":{"type":"Point","coordinates":[156.629,51.533]},"properties":{"Volcano Number":300021,"Volcano Name":"Yavinsky","Country":"Russia","Volcanic Region Group":"Northwestern Pacific Volcanic Regions","Volcanic Region":"Kuril Volcanic Arc","Volcano Landform":"Composite","Primary Volcano Type":"Stratovolcano","Type Group":"Cone volcanoes","Type Description":"Tall, steep volcanoes often built by alternating lava and ash layers.","Activity Evidence":"Eruption Dated","Activity Class":"Dated eruption","Last Known Eruption":"4050 BCE","Eruption Year":-4050.0,"Eruption Period":"BCE record","Elevation (m)":646,"Elevation Class":"0-999 m","Tectonic Setting":"Subduction zone / Continental crust (>25 km)","Tectonic Group":"Subduction","Dominant Rock Type":"Basalt / Picro-Basalt"}},{"type":"Feature","geometry":{"type":"Point","coordinates":[156.978,51.452]},"properties":{"Volcano Number":300022,"Volcano Name":"Diky Greben","Country":"Russia","Volcanic Region Group":"Northwestern Pacific Volcanic Regions","Volcanic Region":"Kuril Volcanic Arc","Volcano Landform":"Minor (Silicic)","Primary Volcano Type":"Lava dome(s)","Type Group":"Lava domes","Type Description":"Steep mounds built by thick lava that piles up near the vent.","Activity Evidence":"Eruption Dated","Activity Class":"Dated eruption","Last Known Eruption":"350 CE","Eruption Year":350.0,"Eruption Period":"1-1499 CE","Elevation (m)":1040,"Elevation Class":"1,000-2,999 m","Tectonic Setting":"Subduction zone / Continental crust (>25 km)","Tectonic Group":"Subduction","Dominant Rock Type":"Dacite"}},{"type":"Feature","geometry":{"type":"Point","coordinates":[157.12,51.45]},"properties":{"Volcano Number":300023,"Volcano Name":"Kurile Lake","Country":"Russia","Volcanic Region Group":"Northwestern Pacific Volcanic Regions","Volcanic Region":"Kuril Volcanic Arc","Volcano Landform":"Caldera","Primary Volcano Type":"Caldera","Type Group":"Calderas","Type Description":"Large collapse basins that can form after major eruptions empty magma chambers.","Activity Evidence":"Eruption Dated","Activity Class":"Dated eruption","Last Known Eruption":"6440 BCE","Eruption Year":-6440.0,"Eruption Period":"BCE record","Elevation (m)":81,"Elevation Class":"0-999 m","Tectonic Setting":"Subduction zone / Continental crust (>25 km)","Tectonic Group":"Subduction","Dominant Rock Type":"Dacite"}},{"type":"Feature","geometry":{"type":"Point","coordinates":[157.203,51.498]},"properties":{"Volcano Number":300030,"Volcano Name":"Iliinsky","Country":"Russia","Volcanic Region Group":"Northwestern Pacific Volcanic Regions","Volcanic Region":"Kuril Volcanic Arc","Volcano Landform":"Composite","Primary Volcano Type":"Stratovolcano","Type Group":"Cone volcanoes","Type Description":"Tall, steep volcanoes often built by alternating lava and ash layers.","Activity Evidence":"Eruption Observed","Activity Class":"Observed eruption","Last Known Eruption":"1901 CE","Eruption Year":1901.0,"Eruption Period":"Since 1900","Elevation (m)":1555,"Elevation Class":"1,000-2,999 m","Tectonic Setting":"Subduction zone / Continental crust (>25 km)","Tectonic Group":"Subduction","Dominant Rock Type":"Andesite / Basaltic Andesite"}},{"type":"Feature","geometry":{"type":"Point","coordinates":[157.328,51.577]},"properties":{"Volcano Number":300040,"Volcano Name":"Zheltovsky","Country":"Russia","Volcanic Region Group":"Northwestern Pacific Volcanic Regions","Volcanic Region":"Kuril Volcanic Arc","Volcano Landform":"Composite","Primary Volcano Type":"Stratovolcano","Type Group":"Cone volcanoes","Type Description":"Tall, steep volcanoes often built by alternating lava and ash layers.","Activity Evidence":"Eruption Observed","Activity Class":"Observed eruption","Last Known Eruption":"1923 CE","Eruption Year":1923.0,"Eruption Period":"Since 1900","Elevation (m)":1926,"Elevation Class":"1,000-2,999 m","Tectonic Setting":"Subduction zone / Continental crust (>25 km)","Tectonic Group":"Subduction","Dominant Rock Type":"Basalt / Picro-Basalt"}},{"type":"Feature","geometry":{"type":"Point","coordinates":[157.5292,51.8042]},"properties":{"Volcano Number":300050,"Volcano Name":"Ksudach","Country":"Russia","Volcanic Region Group":"Northwestern Pacific Volcanic Regions","Volcanic Region":"Kuril Volcanic Arc","Volcano Landform":"Caldera","Primary Volcano Type":"Stratovolcano","Type Group":"Cone volcanoes","Type Description":"Tall, steep volcanoes often built by alternating lava and ash layers.","Activity Evidence":"Eruption Observed","Activity Class":"Observed eruption","Last Known Eruption":"1907 CE","Eruption Year":1907.0,"Eruption Period":"Since 1900","Elevation (m)":1007,"Elevation Class":"1,000-2,999 m","Tectonic Setting":"Subduction zone / Continental crust (>25 km)","Tectonic Group":"Subduction","Dominant Rock Type":"Andesite / Basaltic Andesite"}},{"type":"Feature","geometry":{"type":"Point","coordinates":[157.53,52.02]},"properties":{"Volcano Number":300052,"Volcano Name":"Olkoviy-Ozernoy Volcanic Field","Country":"Russia","Volcanic Region Group":"Northwestern Pacific Volcanic Regions","Volcanic Region":"Kuril Volcanic Arc","Volcano Landform":"Cluster","Primary Volcano Type":"Volcanic field","Type Group":"Volcanic fields","Type Description":"Areas with many vents spread across a wider landscape.","Activity Evidence":"Evidence Credible","Activity Class":"Credible evidence","Last Known Eruption":"Unknown","Eruption Year":null,"Eruption Period":"BCE record","Elevation (m)":681,"Elevation Class":"0-999 m","Tectonic Setting":"Subduction zone / Continental crust (>25 km)","Tectonic Group":"Subduction","Dominant Rock Type":"Basalt / Picro-Basalt"}},{"type":"Feature","geometry":{"type":"Point","coordinates":[157.711,52.062]},"properties":{"Volcano Number":300053,"Volcano Name":"Khodutka","Country":"Russia","Volcanic Region Group":"Northwestern Pacific Volcanic Regions","Volcanic Region":"Kuril Volcanic Arc","Volcano Landform":"Composite","Primary Volcano Type":"Stratovolcano(es)","Type Group":"Cone volcanoes","Type Description":"Tall, steep volcanoes often built by alternating lava and ash layers.","Activity Evidence":"Eruption Dated","Activity Class":"Dated eruption","Last Known Eruption":"300 BCE","Eruption Year":-300.0,"Eruption Period":"BCE record","Elevation (m)":2039,"Elevation Class":"1,000-2,999 m","Tectonic Setting":"Subduction zone / Continental crust (>25 km)","Tectonic Group":"Subduction","Dominant Rock Type":"Andesite / Basaltic Andesite"}},{"type":"Feature","geometry":{"type":"Point","coordinates":[157.827,52.355]},"properties":{"Volcano Number":300058,"Volcano Name":"Asacha","Country":"Russia","Volcanic Region Group":"Northwestern Pacific Volcanic Regions","Volcanic Region":"Kuril Volcanic Arc","Volcano Landform":"Composite","Primary Volcano Type":"Complex","Type Group":"Complex volcanoes","Type Description":"Volcanoes with multiple vents, cones, or overlapping eruptive centers.","Activity Evidence":"Evidence Credible","Activity Class":"Credible evidence","Last Known Eruption":"Unknown","Eruption Year":null,"Eruption Period":"BCE record","Elevation (m)":1910,"Elevation Class":"1,000-2,999 m","Tectonic Setting":"Subduction zone / Continental crust (>25 km)","Tectonic Group":"Subduction","Dominant Rock Type":"Basalt / Picro-Basalt"}},{"type":"Feature","geometry":{"type":"Point","coordinates":[157.9332,52.435]},"properties":{"Volcano Number":300059,"Volcano Name":"Visokiy","Country":"Russia","Volcanic Region Group":"Northwestern Pacific Volcanic Regions","Volcanic Region":"Kuril Volcanic Arc","Volcano Landform":"Cluster","Primary Volcano Type":"Stratovolcano","Type Group":"Cone volcanoes","Type Description":"Tall, steep volcanoes often built by alternating lava and ash layers.","Activity Evidence":"Evidence Credible","Activity Class":"Credible evidence","Last Known Eruption":"Unknown","Eruption Year":null,"Eruption Period":"BCE record","Elevation (m)":1227,"Elevation Class":"1,000-2,999 m","Tectonic Setting":"Subduction zone / Continental crust (>25 km)","Tectonic Group":"Subduction","Dominant Rock Type":"Basalt / Picro-Basalt"}},{"type":"Feature","geometry":{"type":"Point","coordinates":[158.196,52.449]},"properties":{"Volcano Number":300060,"Volcano Name":"Mutnovsky","Country":"Russia","Volcanic Region Group":"Northwestern Pacific Volcanic Regions","Volcanic Region":"Kuril Volcanic Arc","Volcano Landform":"Composite","Primary Volcano Type":"Complex","Type Group":"Complex volcanoes","Type Description":"Volcanoes with multiple vents, cones, or overlapping eruptive centers.","Activity Evidence":"Eruption Observed","Activity Class":"Observed eruption","Last Known Eruption":"2000 CE","Eruption Year":2000.0,"Eruption Period":"Since 1900","Elevation (m)":2288,"Elevation Class":"1,000-2,999 m","Tectonic Setting":"Subduction zone / Continental crust (>25 km)","Tectonic Group":"Subduction","Dominant Rock Type":"Basalt / Picro-Basalt"}},{"type":"Feature","geometry":{"type":"Point","coordinates":[158.0358,52.5549]},"properties":{"Volcano Number":300070,"Volcano Name":"Gorely","Country":"Russia","Volcanic Region Group":"Northwestern Pacific Volcanic Regions","Volcanic Region":"Kuril Volcanic Arc","Volcano Landform":"Composite","Primary Volcano Type":"Caldera","Type Group":"Calderas","Type Description":"Large collapse basins that can form after major eruptions empty magma chambers.","Activity Evidence":"Eruption Observed","Activity Class":"Observed eruption","Last Known Eruption":"2010 CE","Eruption Year":2010.0,"Eruption Period":"Since 1900","Elevation (m)":1799,"Elevation Class":"1,000-2,999 m","Tectonic Setting":"Subduction zone / Continental crust (>25 km)","Tectonic Group":"Subduction","Dominant Rock Type":"Basalt / Picro-Basalt"}},{"type":"Feature","geometry":{"type":"Point","coordinates":[157.339,52.543]},"properties":{"Volcano Number":300080,"Volcano Name":"Opala","Country":"Russia","Volcanic Region Group":"Northwestern Pacific Volcanic Regions","Volcanic Region":"Kuril Volcanic Arc","Volcano Landform":"Composite","Primary Volcano Type":"Caldera","Type Group":"Calderas","Type Description":"Large collapse basins that can form after major eruptions empty magma chambers.","Activity Evidence":"Eruption Observed","Activity Class":"Observed eruption","Last Known Eruption":"1776 CE","Eruption Year":1776.0,"Eruption Period":"1500-1899","Elevation (m)":2439,"Elevation Class":"1,000-2,999 m","Tectonic Setting":"Subduction zone / Continental crust (>25 km)","Tectonic Group":"Subduction","Dominant Rock Type":"Basalt / Picro-Basalt"}},{"type":"Feature","geometry":{"type":"Point","coordinates":[157.58,52.63]},"properties":{"Volcano Number":300082,"Volcano Name":"Tolmachev Dol","Country":"Russia","Volcanic Region Group":"Northwestern Pacific Volcanic Regions","Volcanic Region":"Kuril Volcanic Arc","Volcano Landform":"Cluster","Primary Volcano Type":"Pyroclastic cone(s)","Type Group":"Small cones","Type Description":"Smaller volcanic cones or explosion craters formed by ash, cinders, or steam blasts.","Activity Evidence":"Eruption Dated","Activity Class":"Dated eruption","Last Known Eruption":"300 CE","Eruption Year":300.0,"Eruption Period":"1-1499 CE","Elevation (m)":1021,"Elevation Class":"1,000-2,999 m","Tectonic Setting":"Subduction zone / Continental crust (>25 km)","Tectonic Group":"Subduction","Dominant Rock Type":"Basalt / Picro-Basalt"}},{"type":"Feature","geometry":{"type":"Point","coordinates":[158.28,52.7]},"properties":{"Volcano Number":300083,"Volcano Name":"Vilyuchinsky","Country":"Russia","Volcanic Region Group":"Northwestern Pacific Volcanic Regions","Volcanic Region":"Kuril Volcanic Arc","Volcano Landform":"Composite","Primary Volcano Type":"Stratovolcano","Type Group":"Cone volcanoes","Type Description":"Tall, steep volcanoes often built by alternating lava and ash layers.","Activity Evidence":"Eruption Dated","Activity Class":"Dated eruption","Last Known Eruption":"8050 BCE","Eruption Year":-8050.0,"Eruption Period":"BCE record","Elevation (m)":2173,"Elevation Class":"1,000-2,999 m","Tectonic Setting":"Subduction zone / Continental crust (>25 km)","Tectonic Group":"Subduction","Dominant Rock Type":"Andesite / Basaltic Andesite"}},{"type":"Feature","geometry":{"type":"Point","coordinates":[158.24,52.802]},"properties":{"Volcano Number":300084,"Volcano Name":"Barkhatnaya Sopka","Country":"Russia","Volcanic Region Group":"Northwestern Pacific Volcanic Regions","Volcanic Region":"Kuril Volcanic Arc","Volcano Landform":"Cluster","Primary Volcano Type":"Volcanic field","Type Group":"Volcanic fields","Type Description":"Areas with many vents spread across a wider landscape.","Activity Evidence":"Eruption Dated","Activity Class":"Dated eruption","Last Known Eruption":"3550 BCE","Eruption Year":-3550.0,"Eruption Period":"BCE record","Elevation (m)":874,"Elevation Class":"0-999 m","Tectonic Setting":"Subduction zone / Continental crust (>25 km)","Tectonic Group":"Subduction","Dominant Rock Type":"Basalt / Picro-Basalt"}},{"type":"Feature","geometry":{"type":"Point","coordinates":[158.712,53.321]},"properties":{"Volcano Number":300090,"Volcano Name":"Koryaksky","Country":"Russia","Volcanic Region Group":"Northwestern Pacific Volcanic Regions","Volcanic Region":"Eastern Kamchatka Volcanic Arc","Volcano Landform":"Composite","Primary Volcano Type":"Stratovolcano","Type Group":"Cone volcanoes","Type Description":"Tall, steep volcanoes often built by alternating lava and ash layers.","Activity Evidence":"Eruption Observed","Activity Class":"Observed eruption","Last Known Eruption":"2009 CE","Eruption Year":2009.0,"Eruption Period":"Since 1900","Elevation (m)":3430,"Elevation Class":"3,000 m and above","Tectonic Setting":"Subduction zone / Continental crust (>25 km)","Tectonic Group":"Subduction","Dominant Rock Type":"Andesite / Basaltic Andesite"}},{"type":"Feature","geometry":{"type":"Point","coordinates":[158.836,53.256]},"properties":{"Volcano Number":300100,"Volcano Name":"Avachinsky","Country":"Russia","Volcanic Region Group":"Northwestern Pacific Volcanic Regions","Volcanic Region":"Eastern Kamchatka Volcanic Arc","Volcano Landform":"Composite","Primary Volcano Type":"Stratovolcano","Type Group":"Cone volcanoes","Type Description":"Tall, steep volcanoes often built by alternating lava and ash layers.","Activity Evidence":"Eruption Observed","Activity Class":"Observed eruption","Last Known Eruption":"2001 CE","Eruption Year":2001.0,"Eruption Period":"Since 1900","Elevation (m)":2717,"Elevation Class":"1,000-2,999 m","Tectonic Setting":"Subduction zone / Continental crust (>25 km)","Tectonic Group":"Subduction","Dominant Rock Type":"Andesite / Basaltic Andesite"}},{"type":"Feature","geometry":{"type":"Point","coordinates":[158.922,53.637]},"properties":{"Volcano Number":300110,"Volcano Name":"Dzenzursky","Country":"Russia","Volcanic Region Group":"Northwestern Pacific Volcanic Regions","Volcanic Region":"Eastern Kamchatka Volcanic Arc","Volcano Landform":"Composite","Primary Volcano Type":"Compound","Type Group":"Other or unknown","Type Description":"The database lists a less common or unspecified volcano form.","Activity Evidence":"Evidence Credible","Activity Class":"Credible evidence","Last Known Eruption":"Unknown","Eruption Year":null,"Eruption Period":"BCE record","Elevation (m)":2285,"Elevation Class":"1,000-2,999 m","Tectonic Setting":"Subduction zone / Continental crust (>25 km)","Tectonic Group":"Subduction","Dominant Rock Type":"Andesite / Basaltic Andesite"}},{"type":"Feature","geometry":{"type":"Point","coordinates":[159.15,53.589]},"properties":{"Volcano Number":300120,"Volcano Name":"Zhupanovsky","Country":"Russia","Volcanic Region Group":"Northwestern Pacific Volcanic Regions","Volcanic Region":"Eastern Kamchatka Volcanic Arc","Volcano Landform":"Composite","Primary Volcano Type":"Compound","Type Group":"Other or unknown","Type Description":"The database lists a less common or unspecified volcano form.","Activity Evidence":"Eruption Observed","Activity Class":"Observed eruption","Last Known Eruption":"2016 CE","Eruption Year":2016.0,"Eruption Period":"Since 1900","Elevation (m)":2899,"Elevation Class":"1,000-2,999 m","Tectonic Setting":"Subduction zone / Continental crust (>25 km)","Tectonic Group":"Subduction","Dominant Rock Type":"Andesite / Basaltic Andesite"}},{"type":"Feature","geometry":{"type":"Point","coordinates":[158.4478,53.7525]},"properties":{"Volcano Number":300121,"Volcano Name":"Veer","Country":"Russia","Volcanic Region Group":"Northwestern Pacific Volcanic Regions","Volcanic Region":"Eastern Kamchatka Volcanic Arc","Volcano Landform":"Minor (Basaltic)","Primary Volcano Type":"Pyroclastic cone(s)","Type Group":"Small cones","Type Description":"Smaller volcanic cones or explosion craters formed by ash, cinders, or steam blasts.","Activity Evidence":"Eruption Dated","Activity Class":"Dated eruption","Last Known Eruption":"390 CE","Eruption Year":390.0,"Eruption Period":"1-1499 CE","Elevation (m)":520,"Elevation Class":"0-999 m","Tectonic Setting":"Subduction zone / Continental crust (>25 km)","Tectonic Group":"Subduction","Dominant Rock Type":"Basalt / Picro-Basalt"}},{"type":"Feature","geometry":{"type":"Point","coordinates":[158.052,53.833]},"properties":{"Volcano Number":300122,"Volcano Name":"Kostakan","Country":"Russia","Volcanic Region Group":"Northwestern Pacific Volcanic Regions","Volcanic Region":"Eastern Kamchatka Volcanic Arc","Volcano Landform":"Minor (Basaltic)","Primary Volcano Type":"Pyroclastic cone(s)","Type Group":"Small cones","Type Description":"Smaller volcanic cones or explosion craters formed by ash, cinders, or steam blasts.","Activity Evidence":"Eruption Dated","Activity Class":"Dated eruption","Last Known Eruption":"1350 CE","Eruption Year":1350.0,"Eruption Period":"1-1499 CE","Elevation (m)":1150,"Elevation Class":"1,000-2,999 m","Tectonic Setting":"Subduction zone / Continental crust (>25 km)","Tectonic Group":"Subduction","Dominant Rock Type":"Basalt / Picro-Basalt"}},{"type":"Feature","geometry":{"type":"Point","coordinates":[158.07,53.905]},"properties":{"Volcano Number":300123,"Volcano Name":"Bakening","Country":"Russia","Volcanic Region Group":"Northwestern Pacific Volcanic Regions","Volcanic Region":"Eastern Kamchatka Volcanic Arc","Volcano Landform":"Composite","Primary Volcano Type":"Stratovolcano","Type Group":"Cone volcanoes","Type Description":"Tall, steep volcanoes often built by alternating lava and ash layers.","Activity Evidence":"Eruption Dated","Activity Class":"Dated eruption","Last Known Eruption":"550 BCE","Eruption Year":-550.0,"Eruption Period":"BCE record","Elevation (m)":2278,"Elevation Class":"1,000-2,999 m","Tectonic Setting":"Subduction zone / Continental crust (>25 km)","Tectonic Group":"Subduction","Dominant Rock Type":"Andesite / Basaltic Andesite"}},{"type":"Feature","geometry":{"type":"Point","coordinates":[158.3851,53.9065]},"properties":{"Volcano Number":300124,"Volcano Name":"Zavaritsky","Country":"Russia","Volcanic Region Group":"Northwestern Pacific Volcanic Regions","Volcanic Region":"Eastern Kamchatka Volcanic Arc","Volcano Landform":"Composite","Primary Volcano Type":"Pyroclastic cone(s)","Type Group":"Small cones","Type Description":"Smaller volcanic cones or explosion craters formed by ash, cinders, or steam blasts.","Activity Evidence":"Eruption Dated","Activity Class":"Dated eruption","Last Known Eruption":"800 BCE","Eruption Year":-800.0,"Eruption Period":"BCE record","Elevation (m)":1547,"Elevation Class":"1,000-2,999 m","Tectonic Setting":"Subduction zone / Continental crust (>25 km)","Tectonic Group":"Subduction","Dominant Rock Type":"Basalt / Picro-Basalt"}},{"type":"Feature","geometry":{"type":"Point","coordinates":[159.45,53.98]},"properties":{"Volcano Number":300125,"Volcano Name":"Akademia Nauk","Country":"Russia","Volcanic Region Group":"Northwestern Pacific Volcanic Regions","Volcanic Region":"Eastern Kamchatka Volcanic Arc","Volcano Landform":"Composite","Primary Volcano Type":"Stratovolcano(es)","Type Group":"Cone volcanoes","Type Description":"Tall, steep volcanoes often built by alternating lava and ash layers.","Activity Evidence":"Eruption Observed","Activity Class":"Observed eruption","Last Known Eruption":"1996 CE","Eruption Year":1996.0,"Eruption Period":"Since 1900","Elevation (m)":1180,"Elevation Class":"1,000-2,999 m","Tectonic Setting":"Subduction zone / Continental crust (>25 km)","Tectonic Group":"Subduction","Dominant Rock Type":"Andesite / Basaltic Andesite"}},{"type":"Feature","geometry":{"type":"Point","coordinates":[159.443,54.049]},"properties":{"Volcano Number":300130,"Volcano Name":"Karymsky","Country":"Russia","Volcanic Region Group":"Northwestern Pacific Volcanic Regions","Volcanic Region":"Eastern Kamchatka Volcanic Arc","Volcano Landform":"Composite","Primary Volcano Type":"Stratovolcano","Type Group":"Cone volcanoes","Type Description":"Tall, steep volcanoes often built by alternating lava and ash layers.","Activity Evidence":"Eruption Observed","Activity Class":"Observed eruption","Last Known Eruption":"2025 CE","Eruption Year":2025.0,"Eruption Period":"Since 1900","Elevation (m)":1513,"Elevation Class":"1,000-2,999 m","Tectonic Setting":"Subduction zone / Continental crust (>25 km)","Tectonic Group":"Subduction","Dominant Rock Type":"Andesite / Basaltic Andesite"}},{"type":"Feature","geometry":{"type":"Point","coordinates":[159.674,54.135]},"properties":{"Volcano Number":300140,"Volcano Name":"Maly Semyachik","Country":"Russia","Volcanic Region Group":"Northwestern Pacific Volcanic Regions","Volcanic Region":"Eastern Kamchatka Volcanic Arc","Volcano Landform":"Composite","Primary Volcano Type":"Caldera","Type Group":"Calderas","Type Description":"Large collapse basins that can form after major eruptions empty magma chambers.","Activity Evidence":"Eruption Observed","Activity Class":"Observed eruption","Last Known Eruption":"1952 CE","Eruption Year":1952.0,"Eruption Period":"Since 1900","Elevation (m)":1527,"Elevation Class":"1,000-2,999 m","Tectonic Setting":"Subduction zone / Continental crust (>25 km)","Tectonic Group":"Subduction","Dominant Rock Type":"Basalt / Picro-Basalt"}},{"type":"Feature","geometry":{"type":"Point","coordinates":[160.02,54.32]},"properties":{"Volcano Number":300150,"Volcano Name":"Bolshoi Semiachik","Country":"Russia","Volcanic Region Group":"Northwestern Pacific Volcanic Regions","Volcanic Region":"Eastern Kamchatka Volcanic Arc","Volcano Landform":"Composite","Primary Volcano Type":"Stratovolcano(es)","Type Group":"Cone volcanoes","Type Description":"Tall, steep volcanoes often built by alternating lava and ash layers.","Activity Evidence":"Eruption Dated","Activity Class":"Dated eruption","Last Known Eruption":"4450 BCE","Eruption Year":-4450.0,"Eruption Period":"BCE record","Elevation (m)":1720,"Elevation Class":"1,000-2,999 m","Tectonic Setting":"Subduction zone / Continental crust (>25 km)","Tectonic Group":"Subduction","Dominant Rock Type":"Basalt / Picro-Basalt"}},{"type":"Feature","geometry":{"type":"Point","coordinates":[159.804,54.528]},"properties":{"Volcano Number":300160,"Volcano Name":"Taunshits","Country":"Russia","Volcanic Region Group":"Northwestern Pacific Volcanic Regions","Volcanic Region":"Eastern Kamchatka Volcanic Arc","Volcano Landform":"Composite","Primary Volcano Type":"Stratovolcano","Type Group":"Cone volcanoes","Type Description":"Tall, steep volcanoes often built by alternating lava and ash layers.","Activity Evidence":"Eruption Dated","Activity Class":"Dated eruption","Last Known Eruption":"550 BCE","Eruption Year":-550.0,"Eruption Period":"BCE record","Elevation (m)":2301,"Elevation Class":"1,000-2,999 m","Tectonic Setting":"Subduction zone / Continental crust (>25 km)","Tectonic Group":"Subduction","Dominant Rock Type":"Andesite / Basaltic Andesite"}},{"type":"Feature","geometry":{"type":"Point","coordinates":[159.9741,54.4885]},"properties":{"Volcano Number":300170,"Volcano Name":"Uzon","Country":"Russia","Volcanic Region Group":"Northwestern Pacific Volcanic Regions","Volcanic Region":"Eastern Kamchatka Volcanic Arc","Volcano Landform":"Caldera","Primary Volcano Type":"Caldera(s)","Type Group":"Other or unknown","Type Description":"The database lists a less common or unspecified volcano form.","Activity Evidence":"Eruption Dated","Activity Class":"Dated eruption","Last Known Eruption":"200 CE","Eruption Year":200.0,"Eruption Period":"1-1499 CE","Elevation (m)":1617,"Elevation Class":"1,000-2,999 m","Tectonic Setting":"Subduction zone / Continental crust (>25 km)","Tectonic Group":"Subduction","Dominant Rock Type":"Andesite / Basaltic Andesite"}},{"type":"Feature","geometry":{"type":"Point","coordinates":[160.251,54.489]},"properties":{"Volcano Number":300180,"Volcano Name":"Kikhpinych","Country":"Russia","Volcanic Region Group":"Northwestern Pacific Volcanic Regions","Volcanic Region":"Eastern Kamchatka Volcanic Arc","Volcano Landform":"Composite","Primary Volcano Type":"Stratovolcano(es)","Type Group":"Cone volcanoes","Type Description":"Tall, steep volcanoes often built by alternating lava and ash layers.","Activity Evidence":"Eruption Dated","Activity Class":"Dated eruption","Last Known Eruption":"1550 CE","Eruption Year":1550.0,"Eruption Period":"1500-1899","Elevation (m)":1515,"Elevation Class":"1,000-2,999 m","Tectonic Setting":"Subduction zone / Continental crust (>25 km)","Tectonic Group":"Subduction","Dominant Rock Type":"Basalt / Picro-Basalt"}},{"type":"Feature","geometry":{"type":"Point","coordinates":[160.27,54.596]},"properties":{"Volcano Number":300190,"Volcano Name":"Krasheninnikov","Country":"Russia","Volcanic Region Group":"Northwestern Pacific Volcanic Regions","Volcanic Region":"Eastern Kamchatka Volcanic Arc","Volcano Landform":"Composite","Primary Volcano Type":"Caldera","Type Group":"Calderas","Type Description":"Large collapse basins that can form after major eruptions empty magma chambers.","Activity Evidence":"Eruption Dated","Activity Class":"Dated eruption","Last Known Eruption":"2026 CE","Eruption Year":2026.0,"Eruption Period":"Since 1900","Elevation (m)":1816,"Elevation Class":"1,000-2,999 m","Tectonic Setting":"Subduction zone / Continental crust (>25 km)","Tectonic Group":"Subduction","Dominant Rock Type":"Basalt / Picro-Basalt"}},{"type":"Feature","geometry":{"type":"Point","coordinates":[160.533,54.753]},"properties":{"Volcano Number":300200,"Volcano Name":"Kronotsky","Country":"Russia","Volcanic Region Group":"Northwestern Pacific Volcanic Regions","Volcanic Region":"Eastern Kamchatka Volcanic Arc","Volcano Landform":"Composite","Primary Volcano Type":"Stratovolcano","Type Group":"Cone volcanoes","Type Description":"Tall, steep volcanoes often built by alternating lava and ash layers.","Activity Evidence":"Eruption Dated","Activity Class":"Dated eruption","Last Known Eruption":"3350 BCE","Eruption Year":-3350.0,"Eruption Period":"BCE record","Elevation (m)":3482,"Elevation Class":"3,000 m and above","Tectonic Setting":"Subduction zone / Continental crust (>25 km)","Tectonic Group":"Subduction","Dominant Rock Type":"Basalt / Picro-Basalt"}},{"type":"Feature","geometry":{"type":"Point","coordinates":[160.703,54.974]},"properties":{"Volcano Number":300210,"Volcano Name":"Gamchen","Country":"Russia","Volcanic Region Group":"Northwestern Pacific Volcanic Regions","Volcanic Region":"Eastern Kamchatka Volcanic Arc","Volcano Landform":"Composite","Primary Volcano Type":"Complex","Type Group":"Complex volcanoes","Type Description":"Volcanoes with multiple vents, cones, or overlapping eruptive centers.","Activity Evidence":"Eruption Dated","Activity Class":"Dated eruption","Last Known Eruption":"188 BCE","Eruption Year":-188.0,"Eruption Period":"BCE record","Elevation (m)":2539,"Elevation Class":"1,000-2,999 m","Tectonic Setting":"Subduction zone / Continental crust (>25 km)","Tectonic Group":"Subduction","Dominant Rock Type":"Basalt / Picro-Basalt"}},{"type":"Feature","geometry":{"type":"Point","coordinates":[160.725,55.033]},"properties":{"Volcano Number":300220,"Volcano Name":"Komarov","Country":"Russia","Volcanic Region Group":"Northwestern Pacific Volcanic Regions","Volcanic Region":"Eastern Kamchatka Volcanic Arc","Volcano Landform":"Composite","Primary Volcano Type":"Stratovolcano","Type Group":"Cone volcanoes","Type Description":"Tall, steep volcanoes often built by alternating lava and ash layers.","Activity Evidence":"Eruption Dated","Activity Class":"Dated eruption","Last Known Eruption":"950 CE","Eruption Year":950.0,"Eruption Period":"1-1499 CE","Elevation (m)":2065,"Elevation Class":"1,000-2,999 m","Tectonic Setting":"Subduction zone / Continental crust (>25 km)","Tectonic Group":"Subduction","Dominant Rock Type":"Basalt / Picro-Basalt"}},{"type":"Feature","geometry":{"type":"Point","coordinates":[160.765,55.064]},"properties":{"Volcano Number":300221,"Volcano Name":"Vysoky","Country":"Russia","Volcanic Region Group":"Northwestern Pacific Volcanic Regions","Volcanic Region":"Eastern Kamchatka Volcanic Arc","Volcano Landform":"Composite","Primary Volcano Type":"Stratovolcano","Type Group":"Cone volcanoes","Type Description":"Tall, steep volcanoes often built by alternating lava and ash layers.","Activity Evidence":"Eruption Dated","Activity Class":"Dated eruption","Last Known Eruption":"550 BCE","Eruption Year":-550.0,"Eruption Period":"BCE record","Elevation (m)":2129,"Elevation Class":"1,000-2,999 m","Tectonic Setting":"Subduction zone / Continental crust (>25 km)","Tectonic Group":"Subduction","Dominant Rock Type":"Andesite / Basaltic Andesite"}},{"type":"Feature","geometry":{"type":"Point","coordinates":[160.32,55.131]},"properties":{"Volcano Number":300230,"Volcano Name":"Kizimen","Country":"Russia","Volcanic Region Group":"Northwestern Pacific Volcanic Regions","Volcanic Region":"Eastern Kamchatka Volcanic Arc","Volcano Landform":"Composite","Primary Volcano Type":"Stratovolcano","Type Group":"Cone volcanoes","Type Description":"Tall, steep volcanoes often built by alternating lava and ash layers.","Activity Evidence":"Eruption Observed","Activity Class":"Observed eruption","Last Known Eruption":"2013 CE","Eruption Year":2013.0,"Eruption Period":"Since 1900","Elevation (m)":2334,"Elevation Class":"1,000-2,999 m","Tectonic Setting":"Subduction zone / Continental crust (>25 km)","Tectonic Group":"Subduction","Dominant Rock Type":"Andesite / Basaltic Andesite"}},{"type":"Feature","geometry":{"type":"Point","coordinates":[160.326,55.832]},"properties":{"Volcano Number":300240,"Volcano Name":"Tolbachik","Country":"Russia","Volcanic Region Group":"Northwestern Pacific Volcanic Regions","Volcanic Region":"Eastern Kamchatka Volcanic Arc","Volcano Landform":"Shield","Primary Volcano Type":"Shield","Type Group":"Shield volcanoes","Type Description":"Broad volcanoes formed by fluid lava flows that can spread far from the vent.","Activity Evidence":"Eruption Observed","Activity Class":"Observed eruption","Last Known Eruption":"2013 CE","Eruption Year":2013.0,"Eruption Period":"Since 1900","Elevation (m)":3611,"Elevation Class":"3,000 m and above","Tectonic Setting":"Subduction zone / Continental crust (>25 km)","Tectonic Group":"Subduction","Dominant Rock Type":"Basalt / Picro-Basalt"}},{"type":"Feature","geometry":{"type":"Point","coordinates":[160.527,55.758]},"properties":{"Volcano Number":300241,"Volcano Name":"Udina","Country":"Russia","Volcanic Region Group":"Northwestern Pacific Volcanic Regions","Volcanic Region":"Eastern Kamchatka Volcanic Arc","Volcano Landform":"Composite","Primary Volcano Type":"Stratovolcano(es)","Type Group":"Cone volcanoes","Type Description":"Tall, steep volcanoes often built by alternating lava and ash layers.","Activity Evidence":"Evidence Credible","Activity Class":"Credible evidence","Last Known Eruption":"Unknown","Eruption Year":null,"Eruption Period":"BCE record","Elevation (m)":2886,"Elevation Class":"1,000-2,999 m","Tectonic Setting":"Subduction zone / Continental crust (>25 km)","Tectonic Group":"Subduction","Dominant Rock Type":"Andesite / Basaltic Andesite"}},{"type":"Feature","geometry":{"type":"Point","coordinates":[160.603,55.862]},"properties":{"Volcano Number":300242,"Volcano Name":"Zimina","Country":"Russia","Volcanic Region Group":"Northwestern Pacific Volcanic Regions","Volcanic Region":"Eastern Kamchatka Volcanic Arc","Volcano Landform":"Composite","Primary Volcano Type":"Stratovolcano(es)","Type Group":"Cone volcanoes","Type Description":"Tall, steep volcanoes often built by alternating lava and ash layers.","Activity Evidence":"Evidence Uncertain","Activity Class":"Uncertain evidence","Last Known Eruption":"Unknown","Eruption Year":null,"Eruption Period":"BCE record","Elevation (m)":3057,"Elevation Class":"3,000 m and above","Tectonic Setting":"Subduction zone / Continental crust (>25 km)","Tectonic Group":"Subduction","Dominant Rock Type":"Andesite / Basaltic Andesite"}},{"type":"Feature","geometry":{"type":"Point","coordinates":[160.595,55.972]},"properties":{"Volcano Number":300250,"Volcano Name":"Bezymianny","Country":"Russia","Volcanic Region Group":"Northwestern Pacific Volcanic Regions","Volcanic Region":"Eastern Kamchatka Volcanic Arc","Volcano Landform":"Composite","Primary Volcano Type":"Stratovolcano","Type Group":"Cone volcanoes","Type Description":"Tall, steep volcanoes often built by alternating lava and ash layers.","Activity Evidence":"Eruption Observed","Activity Class":"Observed eruption","Last Known Eruption":"2025 CE","Eruption Year":2025.0,"Eruption Period":"Since 1900","Elevation (m)":2882,"Elevation Class":"1,000-2,999 m","Tectonic Setting":"Subduction zone / Continental crust (>25 km)","Tectonic Group":"Subduction","Dominant Rock Type":"Andesite / Basaltic Andesite"}},{"type":"Feature","geometry":{"type":"Point","coordinates":[160.593,56.02]},"properties":{"Volcano Number":300251,"Volcano Name":"Kamen","Country":"Russia","Volcanic Region Group":"Northwestern Pacific Volcanic Regions","Volcanic Region":"Eastern Kamchatka Volcanic Arc","Volcano Landform":"Composite","Primary Volcano Type":"Stratovolcano","Type Group":"Cone volcanoes","Type Description":"Tall, steep volcanoes often built by alternating lava and ash layers.","Activity Evidence":"Evidence Credible","Activity Class":"Credible evidence","Last Known Eruption":"Unknown","Eruption Year":null,"Eruption Period":"BCE record","Elevation (m)":4585,"Elevation Class":"3,000 m and above","Tectonic Setting":"Subduction zone / Continental crust (>25 km)","Tectonic Group":"Subduction","Dominant Rock Type":"Basalt / Picro-Basalt"}},{"type":"Feature","geometry":{"type":"Point","coordinates":[160.642,56.056]},"properties":{"Volcano Number":300260,"Volcano Name":"Klyuchevskoy","Country":"Russia","Volcanic Region Group":"Northwestern Pacific Volcanic Regions","Volcanic Region":"Eastern Kamchatka Volcanic Arc","Volcano Landform":"Composite","Primary Volcano Type":"Stratovolcano","Type Group":"Cone volcanoes","Type Description":"Tall, steep volcanoes often built by alternating lava and ash layers.","Activity Evidence":"Eruption Observed","Activity Class":"Observed eruption","Last Known Eruption":"2025 CE","Eruption Year":2025.0,"Eruption Period":"Since 1900","Elevation (m)":4754,"Elevation Class":"3,000 m and above","Tectonic Setting":"Subduction zone / Continental crust (>25 km)","Tectonic Group":"Subduction","Dominant Rock Type":"Basalt / Picro-Basalt"}},{"type":"Feature","geometry":{"type":"Point","coordinates":[160.509,56.113]},"properties":{"Volcano Number":300261,"Volcano Name":"Ushkovsky","Country":"Russia","Volcanic Region Group":"Northwestern Pacific Volcanic Regions","Volcanic Region":"Eastern Kamchatka Volcanic Arc","Volcano Landform":"Composite","Primary Volcano Type":"Compound","Type Group":"Other or unknown","Type Description":"The database lists a less common or unspecified volcano form.","Activity Evidence":"Eruption Observed","Activity Class":"Observed eruption","Last Known Eruption":"1890 CE","Eruption Year":1890.0,"Eruption Period":"1500-1899","Elevation (m)":3943,"Elevation Class":"3,000 m and above","Tectonic Setting":"Subduction zone / Continental crust (>25 km)","Tectonic Group":"Subduction","Dominant Rock Type":"Basalt / Picro-Basalt"}},{"type":"Feature","geometry":{"type":"Point","coordinates":[161.36,56.653]},"properties":{"Volcano Number":300270,"Volcano Name":"Sheveluch","Country":"Russia","Volcanic Region Group":"Northwestern Pacific Volcanic Regions","Volcanic Region":"Eastern Kamchatka Volcanic Arc","Volcano Landform":"Composite","Primary Volcano Type":"Stratovolcano","Type Group":"Cone volcanoes","Type Description":"Tall, steep volcanoes often built by alternating lava and ash layers.","Activity Evidence":"Eruption Observed","Activity Class":"Observed eruption","Last Known Eruption":"2026 CE","Eruption Year":2026.0,"Eruption Period":"Since 1900","Elevation (m)":3283,"Elevation Class":"3,000 m and above","Tectonic Setting":"Subduction zone / Continental crust (>25 km)","Tectonic Group":"Subduction","Dominant Rock Type":"Andesite / Basaltic Andesite"}},{"type":"Feature","geometry":{"type":"Point","coordinates":[167.33,55.42]},"properties":{"Volcano Number":300271,"Volcano Name":"Piip","Country":"Russia","Volcanic Region Group":"North America Volcanic Regions","Volcanic Region":"Aleutian Ridge Volcanic Arc","Volcano Landform":"Composite","Primary Volcano Type":"Stratovolcano","Type Group":"Cone volcanoes","Type Description":"Tall, steep volcanoes often built by alternating lava and ash layers.","Activity Evidence":"Eruption Dated","Activity Class":"Dated eruption","Last Known Eruption":"5050 BCE","Eruption Year":-5050.0,"Eruption Period":"BCE record","Elevation (m)":-300,"Elevation Class":"Below sea level","Tectonic Setting":"Subduction zone / Intermediate crust (15-25 km)","Tectonic Group":"Subduction","Dominant Rock Type":"Dacite"}},{"type":"Feature","geometry":{"type":"Point","coordinates":[157.407,54.761]},"properties":{"Volcano Number":300272,"Volcano Name":"Khangar","Country":"Russia","Volcanic Region Group":"Northwestern Pacific Volcanic Regions","Volcanic Region":"Central Kamchatka Volcanic Arc","Volcano Landform":"Composite","Primary Volcano Type":"Stratovolcano","Type Group":"Cone volcanoes","Type Description":"Tall, steep volcanoes often built by alternating lava and ash layers.","Activity Evidence":"Eruption Dated","Activity Class":"Dated eruption","Last Known Eruption":"1500 CE","Eruption Year":1500.0,"Eruption Period":"1500-1899","Elevation (m)":1967,"Elevation Class":"1,000-2,999 m","Tectonic Setting":"Subduction zone / Continental crust (>25 km)","Tectonic Group":"Subduction","Dominant Rock Type":"Dacite"}},{"type":"Feature","geometry":{"type":"Point","coordinates":[157.47,55.55]},"properties":{"Volcano Number":300273,"Volcano Name":"Cherpuk Group","Country":"Russia","Volcanic Region Group":"Northwestern Pacific Volcanic Regions","Volcanic Region":"Central Kamchatka Volcanic Arc","Volcano Landform":"Minor","Primary Volcano Type":"Pyroclastic cone(s)","Type Group":"Small cones","Type Description":"Smaller volcanic cones or explosion craters formed by ash, cinders, or steam blasts.","Activity Evidence":"Eruption Dated","Activity Class":"Dated eruption","Last Known Eruption":"4550 BCE","Eruption Year":-4550.0,"Eruption Period":"BCE record","Elevation (m)":1868,"Elevation Class":"1,000-2,999 m","Tectonic Setting":"Subduction zone / Continental crust (>25 km)","Tectonic Group":"Subduction","Dominant Rock Type":"Andesite / Basaltic Andesite"}},{"type":"Feature","geometry":{"type":"Point","coordinates":[157.718,55.678]},"properties":{"Volcano Number":300280,"Volcano Name":"Ichinsky","Country":"Russia","Volcanic Region Group":"Northwestern Pacific Volcanic Regions","Volcanic Region":"Central Kamchatka Volcanic Arc","Volcano Landform":"Composite","Primary Volcano Type":"Stratovolcano","Type Group":"Cone volcanoes","Type Description":"Tall, steep volcanoes often built by alternating lava and ash layers.","Activity Evidence":"Eruption Observed","Activity Class":"Observed eruption","Last Known Eruption":"1740 CE","Eruption Year":1740.0,"Eruption Period":"1500-1899","Elevation (m)":3596,"Elevation Class":"3,000 m and above","Tectonic Setting":"Subduction zone / Continental crust (>25 km)","Tectonic Group":"Subduction","Dominant Rock Type":"Basalt / Picro-Basalt"}},{"type":"Feature","geometry":{"type":"Point","coordinates":[157.917,56.483]},"properties":{"Volcano Number":300360,"Volcano Name":"Bolshoi-Kekuknaysky","Country":"Russia","Volcanic Region Group":"Northwestern Pacific Volcanic Regions","Volcanic Region":"Central Kamchatka Volcanic Arc","Volcano Landform":"Shield","Primary Volcano Type":"Shield(s)","Type Group":"Shield volcanoes","Type Description":"Broad volcanoes formed by fluid lava flows that can spread far from the vent.","Activity Evidence":"Eruption Dated","Activity Class":"Dated eruption","Last Known Eruption":"5310 BCE","Eruption Year":-5310.0,"Eruption Period":"BCE record","Elevation (m)":1401,"Elevation Class":"1,000-2,999 m","Tectonic Setting":"Subduction zone / Continental crust (>25 km)","Tectonic Group":"Subduction","Dominant Rock Type":"Basalt / Picro-Basalt"}},{"type":"Feature","geometry":{"type":"Point","coordinates":[159.647,56.656]},"properties":{"Volcano Number":300450,"Volcano Name":"Alney-Chashakondzha","Country":"Russia","Volcanic Region Group":"Northwestern Pacific Volcanic Regions","Volcanic Region":"Central Kamchatka Volcanic Arc","Volcano Landform":"Composite","Primary Volcano Type":"Stratovolcano","Type Group":"Cone volcanoes","Type Description":"Tall, steep volcanoes often built by alternating lava and ash layers.","Activity Evidence":"Eruption Dated","Activity Class":"Dated eruption","Last Known Eruption":"1600 CE","Eruption Year":1600.0,"Eruption Period":"1500-1899","Elevation (m)":2570,"Elevation Class":"1,000-2,999 m","Tectonic Setting":"Subduction zone / Continental crust (>25 km)","Tectonic Group":"Subduction","Dominant Rock Type":"Basalt / Picro-Basalt"}},{"type":"Feature","geometry":{"type":"Point","coordinates":[161.09,57.153]},"properties":{"Volcano Number":300511,"Volcano Name":"Shisheika","Country":"Russia","Volcanic Region Group":"Northwestern Pacific Volcanic Regions","Volcanic Region":"Central Kamchatka Volcanic Arc","Volcano Landform":"Minor (Basaltic)","Primary Volcano Type":"Lava dome","Type Group":"Other or unknown","Type Description":"The database lists a less common or unspecified volcano form.","Activity Evidence":"Eruption Dated","Activity Class":"Dated eruption","Last Known Eruption":"2240 BCE","Eruption Year":-2240.0,"Eruption Period":"BCE record","Elevation (m)":355,"Elevation Class":"0-999 m","Tectonic Setting":"Subduction zone / Continental crust (>25 km)","Tectonic Group":"Subduction","Dominant Rock Type":"Andesite / Basaltic Andesite"}},{"type":"Feature","geometry":{"type":"Point","coordinates":[159.83,57.2]},"properties":{"Volcano Number":300512,"Volcano Name":"Terpuk","Country":"Russia","Volcanic Region Group":"Northwestern Pacific Volcanic Regions","Volcanic Region":"Central Kamchatka Volcanic Arc","Volcano Landform":"Shield","Primary Volcano Type":"Shield","Type Group":"Shield volcanoes","Type Description":"Broad volcanoes formed by fluid lava flows that can spread far from the vent.","Activity Evidence":"Eruption Dated","Activity Class":"Dated eruption","Last Known Eruption":"800 BCE","Eruption Year":-800.0,"Eruption Period":"BCE record","Elevation (m)":765,"Elevation Class":"0-999 m","Tectonic Setting":"Subduction zone / Continental crust (>25 km)","Tectonic Group":"Subduction","Dominant Rock Type":"Basalt / Picro-Basalt"}},{"type":"Feature","geometry":{"type":"Point","coordinates":[160.067,57.317]},"properties":{"Volcano Number":300520,"Volcano Name":"Sedanka Lava Field","Country":"Russia","Volcanic Region Group":"Northwestern Pacific Volcanic Regions","Volcanic Region":"Central Kamchatka Volcanic Arc","Volcano Landform":"Cluster","Primary Volcano Type":"Volcanic field","Type Group":"Volcanic fields","Type Description":"Areas with many vents spread across a wider landscape.","Activity Evidence":"Eruption Dated","Activity Class":"Dated eruption","Last Known Eruption":"7050 BCE","Eruption Year":-7050.0,"Eruption Period":"BCE record","Elevation (m)":1399,"Elevation Class":"1,000-2,999 m","Tectonic Setting":"Subduction zone / Continental crust (>25 km)","Tectonic Group":"Subduction","Dominant Rock Type":"Basalt / Picro-Basalt"}},{"type":"Feature","geometry":{"type":"Point","coordinates":[160.2,57.33]},"properties":{"Volcano Number":300550,"Volcano Name":"Gorny Institute","Country":"Russia","Volcanic Region Group":"Northwestern Pacific Volcanic Regions","Volcanic Region":"Central Kamchatka Volcanic Arc","Volcano Landform":"Composite","Primary Volcano Type":"Stratovolcano","Type Group":"Cone volcanoes","Type Description":"Tall, steep volcanoes often built by alternating lava and ash layers.","Activity Evidence":"Eruption Dated","Activity Class":"Dated eruption","Last Known Eruption":"1250 CE","Eruption Year":1250.0,"Eruption Period":"1-1499 CE","Elevation (m)":2125,"Elevation Class":"1,000-2,999 m","Tectonic Setting":"Subduction zone / Continental crust (>25 km)","Tectonic Group":"Subduction","Dominant Rock Type":"Andesite / Basaltic Andesite"}},{"type":"Feature","geometry":{"type":"Point","coordinates":[160.97,57.35]},"properties":{"Volcano Number":300551,"Volcano Name":"Kinenin","Country":"Russia","Volcanic Region Group":"Northwestern Pacific Volcanic Regions","Volcanic Region":"Central Kamchatka Volcanic Arc","Volcano Landform":"Minor","Primary Volcano Type":"Maar","Type Group":"Other or unknown","Type Description":"The database lists a less common or unspecified volcano form.","Activity Evidence":"Eruption Dated","Activity Class":"Dated eruption","Last Known Eruption":"850 CE","Eruption Year":850.0,"Eruption Period":"1-1499 CE","Elevation (m)":583,"Elevation Class":"0-999 m","Tectonic Setting":"Subduction zone / Continental crust (>25 km)","Tectonic Group":"Subduction","Dominant Rock Type":"Basalt / Picro-Basalt"}},{"type":"Feature","geometry":{"type":"Point","coordinates":[161.37,57.35]},"properties":{"Volcano Number":300552,"Volcano Name":"Bliznetsy","Country":"Russia","Volcanic Region Group":"Northwestern Pacific Volcanic Regions","Volcanic Region":"Central Kamchatka Volcanic Arc","Volcano Landform":"Minor","Primary Volcano Type":"Lava cone","Type Group":"Other or unknown","Type Description":"The database lists a less common or unspecified volcano form.","Activity Evidence":"Eruption Dated","Activity Class":"Dated eruption","Last Known Eruption":"1060 BCE","Eruption Year":-1060.0,"Eruption Period":"BCE record","Elevation (m)":265,"Elevation Class":"0-999 m","Tectonic Setting":"Subduction zone / Continental crust (>25 km)","Tectonic Group":"Subduction","Dominant Rock Type":"Andesite / Basaltic Andesite"}},{"type":"Feature","geometry":{"type":"Point","coordinates":[160.108,57.406]},"properties":{"Volcano Number":300560,"Volcano Name":"Titila","Country":"Russia","Volcanic Region Group":"Northwestern Pacific Volcanic Regions","Volcanic Region":"Central Kamchatka Volcanic Arc","Volcano Landform":"Shield","Primary Volcano Type":"Shield(s)","Type Group":"Shield volcanoes","Type Description":"Broad volcanoes formed by fluid lava flows that can spread far from the vent.","Activity Evidence":"Eruption Dated","Activity Class":"Dated eruption","Last Known Eruption":"550 BCE","Eruption Year":-550.0,"Eruption Period":"BCE record","Elevation (m)":1523,"Elevation Class":"1,000-2,999 m","Tectonic Setting":"Subduction zone / Continental crust (>25 km)","Tectonic Group":"Subduction","Dominant Rock Type":"Basalt / Picro-Basalt"}},{"type":"Feature","geometry":{"type":"Point","coordinates":[160.53,57.55]},"properties":{"Volcano Number":300590,"Volcano Name":"Elovsky","Country":"Russia","Volcanic Region Group":"Northwestern Pacific Volcanic Regions","Volcanic Region":"Central Kamchatka Volcanic Arc","Volcano Landform":"Shield","Primary Volcano Type":"Shield(s)","Type Group":"Shield volcanoes","Type Description":"Broad volcanoes formed by fluid lava flows that can spread far from the vent.","Activity Evidence":"Eruption Dated","Activity Class":"Dated eruption","Last Known Eruption":"7550 BCE","Eruption Year":-7550.0,"Eruption Period":"BCE record","Elevation (m)":1381,"Elevation Class":"1,000-2,999 m","Tectonic Setting":"Subduction zone / Continental crust (>25 km)","Tectonic Group":"Subduction","Dominant Rock Type":"Basalt / Picro-Basalt"}},{"type":"Feature","geometry":{"type":"Point","coordinates":[160.65,57.97]},"properties":{"Volcano Number":300650,"Volcano Name":"Nylgimelkin","Country":"Russia","Volcanic Region Group":"Northwestern Pacific Volcanic Regions","Volcanic Region":"Central Kamchatka Volcanic Arc","Volcano Landform":"Shield","Primary Volcano Type":"Shield(s)","Type Group":"Shield volcanoes","Type Description":"Broad volcanoes formed by fluid lava flows that can spread far from the vent.","Activity Evidence":"Eruption Dated","Activity Class":"Dated eruption","Last Known Eruption":"3550 BCE","Eruption Year":-3550.0,"Eruption Period":"BCE record","Elevation (m)":1764,"Elevation Class":"1,000-2,999 m","Tectonic Setting":"Subduction zone / Continental crust (>25 km)","Tectonic Group":"Subduction","Dominant Rock Type":"Basalt / Picro-Basalt"}},{"type":"Feature","geometry":{"type":"Point","coordinates":[160.82,58.13]},"properties":{"Volcano Number":300671,"Volcano Name":"Spokoiny","Country":"Russia","Volcanic Region Group":"Northwestern Pacific Volcanic Regions","Volcanic Region":"Central Kamchatka Volcanic Arc","Volcano Landform":"Composite","Primary Volcano Type":"Stratovolcano","Type Group":"Cone volcanoes","Type Description":"Tall, steep volcanoes often built by alternating lava and ash layers.","Activity Evidence":"Eruption Dated","Activity Class":"Dated eruption","Last Known Eruption":"3450 BCE","Eruption Year":-3450.0,"Eruption Period":"BCE record","Elevation (m)":2171,"Elevation Class":"1,000-2,999 m","Tectonic Setting":"Subduction zone / Continental crust (>25 km)","Tectonic Group":"Subduction","Dominant Rock Type":"Dacite"}},{"type":"Feature","geometry":{"type":"Point","coordinates":[160.82,58.18]},"properties":{"Volcano Number":300680,"Volcano Name":"Ostry","Country":"Russia","Volcanic Region Group":"Northwestern Pacific Volcanic Regions","Volcanic Region":"Central Kamchatka Volcanic Arc","Volcano Landform":"Composite","Primary Volcano Type":"Stratovolcano","Type Group":"Cone volcanoes","Type Description":"Tall, steep volcanoes often built by alternating lava and ash layers.","Activity Evidence":"Eruption Dated","Activity Class":"Dated eruption","Last Known Eruption":"2050 BCE","Eruption Year":-2050.0,"Eruption Period":"BCE record","Elevation (m)":2552,"Elevation Class":"1,000-2,999 m","Tectonic Setting":"Subduction zone / Continental crust (>25 km)","Tectonic Group":"Subduction","Dominant Rock Type":"Basalt / Picro-Basalt"}},{"type":"Feature","geometry":{"type":"Point","coordinates":[160.87,58.28]},"properties":{"Volcano Number":300700,"Volcano Name":"Severny","Country":"Russia","Volcanic Region Group":"Northwestern Pacific Volcanic Regions","Volcanic Region":"Central Kamchatka Volcanic Arc","Volcano Landform":"Shield","Primary Volcano Type":"Shield","Type Group":"Shield volcanoes","Type Description":"Broad volcanoes formed by fluid lava flows that can spread far from the vent.","Activity Evidence":"Eruption Dated","Activity Class":"Dated eruption","Last Known Eruption":"1550 BCE","Eruption Year":-1550.0,"Eruption Period":"BCE record","Elevation (m)":1936,"Elevation Class":"1,000-2,999 m","Tectonic Setting":"Subduction zone / Continental crust (>25 km)","Tectonic Group":"Subduction","Dominant Rock Type":"Basalt / Picro-Basalt"}},{"type":"Feature","geometry":{"type":"Point","coordinates":[117.77,56.28]},"properties":{"Volcano Number":302030,"Volcano Name":"Udokan Plateau","Country":"Russia","Volcanic Region Group":"Eastern Asia Volcanic Regions","Volcanic Region":"Baikal Rift Volcanic Province","Volcano Landform":"Cluster","Primary Volcano Type":"Volcanic field","Type Group":"Volcanic fields","Type Description":"Areas with many vents spread across a wider landscape.","Activity Evidence":"Eruption Dated","Activity Class":"Dated eruption","Last Known Eruption":"220 BCE","Eruption Year":-220.0,"Eruption Period":"BCE record","Elevation (m)":2180,"Elevation Class":"1,000-2,999 m","Tectonic Setting":"Rift zone / Continental crust (>25 km)","Tectonic Group":"Rift","Dominant Rock Type":"Trachybasalt / Tephrite Basanite"}},{"type":"Feature","geometry":{"type":"Point","coordinates":[99.021,52.713]},"properties":{"Volcano Number":302060,"Volcano Name":"Jombolok","Country":"Russia","Volcanic Region Group":"Eastern Asia Volcanic Regions","Volcanic Region":"Baikal Rift Volcanic Province","Volcano Landform":"Minor (Basaltic)","Primary Volcano Type":"Volcanic field","Type Group":"Volcanic fields","Type Description":"Areas with many vents spread across a wider landscape.","Activity Evidence":"Eruption Dated","Activity Class":"Dated eruption","Last Known Eruption":"737 CE","Eruption Year":737.0,"Eruption Period":"1-1499 CE","Elevation (m)":2047,"Elevation Class":"1,000-2,999 m","Tectonic Setting":"Rift zone / Continental crust (>25 km)","Tectonic Group":"Rift","Dominant Rock Type":"Basalt / Picro-Basalt"}},{"type":"Feature","geometry":{"type":"Point","coordinates":[99.95,48.133]},"properties":{"Volcano Number":303010,"Volcano Name":"Taryatu-Chulutu","Country":"Mongolia","Volcanic Region Group":"Eastern Asia Volcanic Regions","Volcanic Region":"Baikal Rift Volcanic Province","Volcano Landform":"Cluster","Primary Volcano Type":"Volcanic field","Type Group":"Volcanic fields","Type Description":"Areas with many vents spread across a wider landscape.","Activity Evidence":"Eruption Dated","Activity Class":"Dated eruption","Last Known Eruption":"2980 BCE","Eruption Year":-2980.0,"Eruption Period":"BCE record","Elevation (m)":2326,"Elevation Class":"1,000-2,999 m","Tectonic Setting":"Intraplate / Continental crust (>25 km)","Tectonic Group":"Intraplate","Dominant Rock Type":"Trachybasalt / Tephrite Basanite"}},{"type":"Feature","geometry":{"type":"Point","coordinates":[101.7982,46.6459]},"properties":{"Volcano Number":303015,"Volcano Name":"Khoid Naiman Nuur","Country":"Mongolia","Volcanic Region Group":"Eastern Asia Volcanic Regions","Volcanic Region":"Baikal Rift Volcanic Province","Volcano Landform":"Minor (Basaltic)","Primary Volcano Type":"Pyroclastic cone","Type Group":"Other or unknown","Type Description":"The database lists a less common or unspecified volcano form.","Activity Evidence":"Evidence Uncertain","Activity Class":"Uncertain evidence","Last Known Eruption":"Unknown","Eruption Year":null,"Eruption Period":"BCE record","Elevation (m)":2532,"Elevation Class":"1,000-2,999 m","Tectonic Setting":"Intraplate / Continental crust (>25 km)","Tectonic Group":"Intraplate","Dominant Rock Type":null}},{"type":"Feature","geometry":{"type":"Point","coordinates":[81.646,35.742]},"properties":{"Volcano Number":304030,"Volcano Name":"Ashikule Volcanic Field","Country":"China","Volcanic Region Group":"Eastern Asia Volcanic Regions","Volcanic Region":"Northern Tibetan Plateau Volcanic Province","Volcano Landform":"Cluster","Primary Volcano Type":"Volcanic field","Type Group":"Volcanic fields","Type Description":"Areas with many vents spread across a wider landscape.","Activity Evidence":"Eruption Observed","Activity Class":"Observed eruption","Last Known Eruption":"1951 CE","Eruption Year":1951.0,"Eruption Period":"Since 1900","Elevation (m)":5090,"Elevation Class":"3,000 m and above","Tectonic Setting":"Intraplate / Continental crust (>25 km)","Tectonic Group":"Intraplate","Dominant Rock Type":"Trachyte / Trachydacite"}},{"type":"Feature","geometry":{"type":"Point","coordinates":[113.111,41.59]},"properties":{"Volcano Number":305010,"Volcano Name":"Honggeertu","Country":"China","Volcanic Region Group":"Eastern Asia Volcanic Regions","Volcanic Region":"Central East Asia Volcanic Province","Volcano Landform":"Cluster","Primary Volcano Type":"Volcanic field","Type Group":"Volcanic fields","Type Description":"Areas with many vents spread across a wider landscape.","Activity Evidence":"Evidence Uncertain","Activity Class":"Uncertain evidence","Last Known Eruption":"Unknown","Eruption Year":null,"Eruption Period":"BCE record","Elevation (m)":1605,"Elevation Class":"1,000-2,999 m","Tectonic Setting":"Intraplate / Continental crust (>25 km)","Tectonic Group":"Intraplate","Dominant Rock Type":"Basalt / Picro-Basalt"}},{"type":"Feature","geometry":{"type":"Point","coordinates":[120.8,47.45]},"properties":{"Volcano Number":305011,"Volcano Name":"Arxan-Chaihe","Country":"China","Volcanic Region Group":"Eastern Asia Volcanic Regions","Volcanic Region":"Central East Asia Volcanic Province","Volcano Landform":"Cluster","Primary Volcano Type":"Volcanic field","Type Group":"Volcanic fields","Type Description":"Areas with many vents spread across a wider landscape.","Activity Evidence":"Eruption Dated","Activity Class":"Dated eruption","Last Known Eruption":"0 CE","Eruption Year":0.0,"Eruption Period":"BCE record","Elevation (m)":1677,"Elevation Class":"1,000-2,999 m","Tectonic Setting":"Intraplate / Continental crust (>25 km)","Tectonic Group":"Intraplate","Dominant Rock Type":"Basalt / Picro-Basalt"}},{"type":"Feature","geometry":{"type":"Point","coordinates":[125.92,49.37]},"properties":{"Volcano Number":305020,"Volcano Name":"Keluo Group","Country":"China","Volcanic Region Group":"Eastern Asia Volcanic Regions","Volcanic Region":"Central East Asia Volcanic Province","Volcano Landform":"Cluster","Primary Volcano Type":"Volcanic field","Type Group":"Volcanic fields","Type Description":"Areas with many vents spread across a wider landscape.","Activity Evidence":"Evidence Credible","Activity Class":"Credible evidence","Last Known Eruption":"Unknown","Eruption Year":null,"Eruption Period":"BCE record","Elevation (m)":670,"Elevation Class":"0-999 m","Tectonic Setting":"Intraplate / Continental crust (>25 km)","Tectonic Group":"Intraplate","Dominant Rock Type":"Trachybasalt / Tephrite Basanite"}},{"type":"Feature","geometry":{"type":"Point","coordinates":[126.15,48.722]},"properties":{"Volcano Number":305030,"Volcano Name":"Wudalianchi","Country":"China","Volcanic Region Group":"Eastern Asia Volcanic Regions","Volcanic Region":"Central East Asia Volcanic Province","Volcano Landform":"Cluster","Primary Volcano Type":"Volcanic field","Type Group":"Volcanic fields","Type Description":"Areas with many vents spread across a wider landscape.","Activity Evidence":"Eruption Observed","Activity Class":"Observed eruption","Last Known Eruption":"1776 CE","Eruption Year":1776.0,"Eruption Period":"1500-1899","Elevation (m)":597,"Elevation Class":"0-999 m","Tectonic Setting":"Intraplate / Continental crust (>25 km)","Tectonic Group":"Intraplate","Dominant Rock Type":"Trachybasalt / Tephrite Basanite"}},{"type":"Feature","geometry":{"type":"Point","coordinates":[128.83,44.08]},"properties":{"Volcano Number":305040,"Volcano Name":"Jingpohu","Country":"China","Volcanic Region Group":"Eastern Asia Volcanic Regions","Volcanic Region":"Central East Asia Volcanic Province","Volcano Landform":"Cluster","Primary Volcano Type":"Volcanic field","Type Group":"Volcanic fields","Type Description":"Areas with many vents spread across a wider landscape.","Activity Evidence":"Eruption Dated","Activity Class":"Dated eruption","Last Known Eruption":"520 BCE","Eruption Year":-520.0,"Eruption Period":"BCE record","Elevation (m)":1000,"Elevation Class":"1,000-2,999 m","Tectonic Setting":"Intraplate / Continental crust (>25 km)","Tectonic Group":"Intraplate","Dominant Rock Type":"Trachybasalt / Tephrite Basanite"}},{"type":"Feature","geometry":{"type":"Point","coordinates":[126.5,42.33]},"properties":{"Volcano Number":305050,"Volcano Name":"Longgang Group","Country":"China","Volcanic Region Group":"Eastern Asia Volcanic Regions","Volcanic Region":"Central East Asia Volcanic Province","Volcano Landform":"Cluster","Primary Volcano Type":"Volcanic field","Type Group":"Volcanic fields","Type Description":"Areas with many vents spread across a wider landscape.","Activity Evidence":"Eruption Dated","Activity Class":"Dated eruption","Last Known Eruption":"350 CE","Eruption Year":350.0,"Eruption Period":"1-1499 CE","Elevation (m)":1000,"Elevation Class":"1,000-2,999 m","Tectonic Setting":"Intraplate / Continental crust (>25 km)","Tectonic Group":"Intraplate","Dominant Rock Type":"Basalt / Picro-Basalt"}},{"type":"Feature","geometry":{"type":"Point","coordinates":[128.08,41.98]},"properties":{"Volcano Number":305060,"Volcano Name":"Changbaishan","Country":"China-North Korea","Volcanic Region Group":"Eastern Asia Volcanic Regions","Volcanic Region":"Central East Asia Volcanic Province","Volcano Landform":"Composite","Primary Volcano Type":"Stratovolcano","Type Group":"Cone volcanoes","Type Description":"Tall, steep volcanoes often built by alternating lava and ash layers.","Activity Evidence":"Eruption Observed","Activity Class":"Observed eruption","Last Known Eruption":"1903 CE","Eruption Year":1903.0,"Eruption Period":"Since 1900","Elevation (m)":2744,"Elevation Class":"1,000-2,999 m","Tectonic Setting":"Intraplate / Continental crust (>25 km)","Tectonic Group":"Intraplate","Dominant Rock Type":"Trachyte / Trachydacite"}},{"type":"Feature","geometry":{"type":"Point","coordinates":[130.87,37.5]},"properties":{"Volcano Number":306030,"Volcano Name":"Ulleungdo","Country":"South Korea","Volcanic Region Group":"Eastern Asia Volcanic Regions","Volcanic Region":"Central East Asia Volcanic Province","Volcano Landform":"Composite","Primary Volcano Type":"Stratovolcano","Type Group":"Cone volcanoes","Type Description":"Tall, steep volcanoes often built by alternating lava and ash layers.","Activity Evidence":"Eruption Dated","Activity Class":"Dated eruption","Last Known Eruption":"2990 BCE","Eruption Year":-2990.0,"Eruption Period":"BCE record","Elevation (m)":984,"Elevation Class":"0-999 m","Tectonic Setting":"Intraplate / Continental crust (>25 km)","Tectonic Group":"Intraplate","Dominant Rock Type":"Trachyandesite / Basaltic Trachyandesite"}},{"type":"Feature","geometry":{"type":"Point","coordinates":[126.53,33.361]},"properties":{"Volcano Number":306040,"Volcano Name":"Halla","Country":"South Korea","Volcanic Region Group":"Eastern Asia Volcanic Regions","Volcanic Region":"Central East Asia Volcanic Province","Volcano Landform":"Shield","Primary Volcano Type":"Shield","Type Group":"Shield volcanoes","Type Description":"Broad volcanoes formed by fluid lava flows that can spread far from the vent.","Activity Evidence":"Eruption Observed","Activity Class":"Observed eruption","Last Known Eruption":"1007 CE","Eruption Year":1007.0,"Eruption Period":"1-1499 CE","Elevation (m)":1919,"Elevation Class":"1,000-2,999 m","Tectonic Setting":"Intraplate / Continental crust (>25 km)","Tectonic Group":"Intraplate","Dominant Rock Type":"Basalt / Picro-Basalt"}},{"type":"Feature","geometry":{"type":"Point","coordinates":[175.911,52.35]},"properties":{"Volcano Number":311010,"Volcano Name":"Buldir","Country":"United States","Volcanic Region Group":"North America Volcanic Regions","Volcanic Region":"Aleutian Ridge Volcanic Arc","Volcano Landform":"Composite","Primary Volcano Type":"Stratovolcano","Type Group":"Cone volcanoes","Type Description":"Tall, steep volcanoes often built by alternating lava and ash layers.","Activity Evidence":"Evidence Uncertain","Activity Class":"Uncertain evidence","Last Known Eruption":"Unknown","Eruption Year":null,"Eruption Period":"BCE record","Elevation (m)":656,"Elevation Class":"0-999 m","Tectonic Setting":"Subduction zone / Intermediate crust (15-25 km)","Tectonic Group":"Subduction","Dominant Rock Type":"Basalt / Picro-Basalt"}},{"type":"Feature","geometry":{"type":"Point","coordinates":[177.602,52.103]},"properties":{"Volcano Number":311020,"Volcano Name":"Kiska","Country":"United States","Volcanic Region Group":"North America Volcanic Regions","Volcanic Region":"Aleutian Ridge Volcanic Arc","Volcano Landform":"Composite","Primary Volcano Type":"Stratovolcano","Type Group":"Cone volcanoes","Type Description":"Tall, steep volcanoes often built by alternating lava and ash layers.","Activity Evidence":"Eruption Observed","Activity Class":"Observed eruption","Last Known Eruption":"1990 CE","Eruption Year":1990.0,"Eruption Period":"Since 1900","Elevation (m)":1220,"Elevation Class":"1,000-2,999 m","Tectonic Setting":"Subduction zone / Intermediate crust (15-25 km)","Tectonic Group":"Subduction","Dominant Rock Type":"Andesite / Basaltic Andesite"}},{"type":"Feature","geometry":{"type":"Point","coordinates":[178.136,52.015]},"properties":{"Volcano Number":311030,"Volcano Name":"Segula","Country":"United States","Volcanic Region Group":"North America Volcanic Regions","Volcanic Region":"Aleutian Ridge Volcanic Arc","Volcano Landform":"Composite","Primary Volcano Type":"Stratovolcano","Type Group":"Cone volcanoes","Type Description":"Tall, steep volcanoes often built by alternating lava and ash layers.","Activity Evidence":"Evidence Credible","Activity Class":"Credible evidence","Last Known Eruption":"Unknown","Eruption Year":null,"Eruption Period":"BCE record","Elevation (m)":1160,"Elevation Class":"1,000-2,999 m","Tectonic Setting":"Subduction zone / Intermediate crust (15-25 km)","Tectonic Group":"Subduction","Dominant Rock Type":"Andesite / Basaltic Andesite"}},{"type":"Feature","geometry":{"type":"Point","coordinates":[178.33,51.97]},"properties":{"Volcano Number":311040,"Volcano Name":"Davidof","Country":"United States","Volcanic Region Group":"North America Volcanic Regions","Volcanic Region":"Aleutian Ridge Volcanic Arc","Volcano Landform":"Composite","Primary Volcano Type":"Stratovolcano","Type Group":"Cone volcanoes","Type Description":"Tall, steep volcanoes often built by alternating lava and ash layers.","Activity Evidence":"Evidence Uncertain","Activity Class":"Uncertain evidence","Last Known Eruption":"Unknown","Eruption Year":null,"Eruption Period":"BCE record","Elevation (m)":328,"Elevation Class":"0-999 m","Tectonic Setting":"Subduction zone / Intermediate crust (15-25 km)","Tectonic Group":"Subduction","Dominant Rock Type":"No Data (checked)"}},{"type":"Feature","geometry":{"type":"Point","coordinates":[178.543,51.95]},"properties":{"Volcano Number":311050,"Volcano Name":"Little Sitkin","Country":"United States","Volcanic Region Group":"North America Volcanic Regions","Volcanic Region":"Aleutian Ridge Volcanic Arc","Volcano Landform":"Composite","Primary Volcano Type":"Stratovolcano","Type Group":"Cone volcanoes","Type Description":"Tall, steep volcanoes often built by alternating lava and ash layers.","Activity Evidence":"Eruption Observed","Activity Class":"Observed eruption","Last Known Eruption":"1830 CE","Eruption Year":1830.0,"Eruption Period":"1500-1899","Elevation (m)":1174,"Elevation Class":"1,000-2,999 m","Tectonic Setting":"Subduction zone / Intermediate crust (15-25 km)","Tectonic Group":"Subduction","Dominant Rock Type":"Andesite / Basaltic Andesite"}},{"type":"Feature","geometry":{"type":"Point","coordinates":[179.58,51.93]},"properties":{"Volcano Number":311060,"Volcano Name":"Semisopochnoi","Country":"United States","Volcanic Region Group":"North America Volcanic Regions","Volcanic Region":"Aleutian Ridge Volcanic Arc","Volcano Landform":"Composite","Primary Volcano Type":"Stratovolcano","Type Group":"Cone volcanoes","Type Description":"Tall, steep volcanoes often built by alternating lava and ash layers.","Activity Evidence":"Eruption Observed","Activity Class":"Observed eruption","Last Known Eruption":"2023 CE","Eruption Year":2023.0,"Eruption Period":"Since 1900","Elevation (m)":1221,"Elevation Class":"1,000-2,999 m","Tectonic Setting":"Subduction zone / Intermediate crust (15-25 km)","Tectonic Group":"Subduction","Dominant Rock Type":"Basalt / Picro-Basalt"}},{"type":"Feature","geometry":{"type":"Point","coordinates":[-178.794,51.79]},"properties":{"Volcano Number":311070,"Volcano Name":"Gareloi","Country":"United States","Volcanic Region Group":"North America Volcanic Regions","Volcanic Region":"Aleutian Ridge Volcanic Arc","Volcano Landform":"Composite","Primary Volcano Type":"Stratovolcano","Type Group":"Cone volcanoes","Type Description":"Tall, steep volcanoes often built by alternating lava and ash layers.","Activity Evidence":"Eruption Observed","Activity Class":"Observed eruption","Last Known Eruption":"1989 CE","Eruption Year":1989.0,"Eruption Period":"Since 1900","Elevation (m)":1573,"Elevation Class":"1,000-2,999 m","Tectonic Setting":"Subduction zone / Intermediate crust (15-25 km)","Tectonic Group":"Subduction","Dominant Rock Type":"Basalt / Picro-Basalt"}},{"type":"Feature","geometry":{"type":"Point","coordinates":[-178.146,51.885]},"properties":{"Volcano Number":311080,"Volcano Name":"Tanaga","Country":"United States","Volcanic Region Group":"North America Volcanic Regions","Volcanic Region":"Aleutian Ridge Volcanic Arc","Volcano Landform":"Composite","Primary Volcano Type":"Stratovolcano(es)","Type Group":"Cone volcanoes","Type Description":"Tall, steep volcanoes often built by alternating lava and ash layers.","Activity Evidence":"Eruption Observed","Activity Class":"Observed eruption","Last Known Eruption":"1914 CE","Eruption Year":1914.0,"Eruption Period":"Since 1900","Elevation (m)":1806,"Elevation Class":"1,000-2,999 m","Tectonic Setting":"Subduction zone / Intermediate crust (15-25 km)","Tectonic Group":"Subduction","Dominant Rock Type":"Basalt / Picro-Basalt"}},{"type":"Feature","geometry":{"type":"Point","coordinates":[-178.006,51.873]},"properties":{"Volcano Number":311090,"Volcano Name":"Takawangha","Country":"United States","Volcanic Region Group":"North America Volcanic Regions","Volcanic Region":"Aleutian Ridge Volcanic Arc","Volcano Landform":"Composite","Primary Volcano Type":"Stratovolcano","Type Group":"Cone volcanoes","Type Description":"Tall, steep volcanoes often built by alternating lava and ash layers.","Activity Evidence":"Eruption Dated","Activity Class":"Dated eruption","Last Known Eruption":"1550 CE","Eruption Year":1550.0,"Eruption Period":"1500-1899","Elevation (m)":1449,"Elevation Class":"1,000-2,999 m","Tectonic Setting":"Subduction zone / Intermediate crust (15-25 km)","Tectonic Group":"Subduction","Dominant Rock Type":"Basalt / Picro-Basalt"}},{"type":"Feature","geometry":{"type":"Point","coordinates":[-177.438,51.91]},"properties":{"Volcano Number":311100,"Volcano Name":"Bobrof","Country":"United States","Volcanic Region Group":"North America Volcanic Regions","Volcanic Region":"Aleutian Ridge Volcanic Arc","Volcano Landform":"Composite","Primary Volcano Type":"Stratovolcano","Type Group":"Cone volcanoes","Type Description":"Tall, steep volcanoes often built by alternating lava and ash layers.","Activity Evidence":"Evidence Uncertain","Activity Class":"Uncertain evidence","Last Known Eruption":"Unknown","Eruption Year":null,"Eruption Period":"BCE record","Elevation (m)":738,"Elevation Class":"0-999 m","Tectonic Setting":"Subduction zone / Intermediate crust (15-25 km)","Tectonic Group":"Subduction","Dominant Rock Type":"Basalt / Picro-Basalt"}},{"type":"Feature","geometry":{"type":"Point","coordinates":[-177.168,51.923]},"properties":{"Volcano Number":311110,"Volcano Name":"Kanaga","Country":"United States","Volcanic Region Group":"North America Volcanic Regions","Volcanic Region":"Aleutian Ridge Volcanic Arc","Volcano Landform":"Composite","Primary Volcano Type":"Stratovolcano","Type Group":"Cone volcanoes","Type Description":"Tall, steep volcanoes often built by alternating lava and ash layers.","Activity Evidence":"Eruption Observed","Activity Class":"Observed eruption","Last Known Eruption":"2023 CE","Eruption Year":2023.0,"Eruption Period":"Since 1900","Elevation (m)":1307,"Elevation Class":"1,000-2,999 m","Tectonic Setting":"Subduction zone / Intermediate crust (15-25 km)","Tectonic Group":"Subduction","Dominant Rock Type":"Andesite / Basaltic Andesite"}},{"type":"Feature","geometry":{"type":"Point","coordinates":[-176.747,51.944]},"properties":{"Volcano Number":311111,"Volcano Name":"Moffett","Country":"United States","Volcanic Region Group":"North America Volcanic Regions","Volcanic Region":"Aleutian Ridge Volcanic Arc","Volcano Landform":"Composite","Primary Volcano Type":"Stratovolcano","Type Group":"Cone volcanoes","Type Description":"Tall, steep volcanoes often built by alternating lava and ash layers.","Activity Evidence":"Eruption Dated","Activity Class":"Dated eruption","Last Known Eruption":"1600 BCE","Eruption Year":-1600.0,"Eruption Period":"BCE record","Elevation (m)":1196,"Elevation Class":"1,000-2,999 m","Tectonic Setting":"Subduction zone / Intermediate crust (15-25 km)","Tectonic Group":"Subduction","Dominant Rock Type":"Andesite / Basaltic Andesite"}},{"type":"Feature","geometry":{"type":"Point","coordinates":[-176.13,52.076]},"properties":{"Volcano Number":311120,"Volcano Name":"Great Sitkin","Country":"United States","Volcanic Region Group":"North America Volcanic Regions","Volcanic Region":"Aleutian Ridge Volcanic Arc","Volcano Landform":"Composite","Primary Volcano Type":"Stratovolcano","Type Group":"Cone volcanoes","Type Description":"Tall, steep volcanoes often built by alternating lava and ash layers.","Activity Evidence":"Eruption Observed","Activity Class":"Observed eruption","Last Known Eruption":"2026 CE","Eruption Year":2026.0,"Eruption Period":"Since 1900","Elevation (m)":1740,"Elevation Class":"1,000-2,999 m","Tectonic Setting":"Subduction zone / Intermediate crust (15-25 km)","Tectonic Group":"Subduction","Dominant Rock Type":"Andesite / Basaltic Andesite"}},{"type":"Feature","geometry":{"type":"Point","coordinates":[-175.508,52.177]},"properties":{"Volcano Number":311130,"Volcano Name":"Kasatochi","Country":"United States","Volcanic Region Group":"North America Volcanic Regions","Volcanic Region":"Aleutian Ridge Volcanic Arc","Volcano Landform":"Composite","Primary Volcano Type":"Stratovolcano","Type Group":"Cone volcanoes","Type Description":"Tall, steep volcanoes often built by alternating lava and ash layers.","Activity Evidence":"Eruption Observed","Activity Class":"Observed eruption","Last Known Eruption":"2008 CE","Eruption Year":2008.0,"Eruption Period":"Since 1900","Elevation (m)":314,"Elevation Class":"0-999 m","Tectonic Setting":"Subduction zone / Intermediate crust (15-25 km)","Tectonic Group":"Subduction","Dominant Rock Type":"Basalt / Picro-Basalt"}},{"type":"Feature","geometry":{"type":"Point","coordinates":[-175.13,52.22]},"properties":{"Volcano Number":311140,"Volcano Name":"Koniuji","Country":"United States","Volcanic Region Group":"North America Volcanic Regions","Volcanic Region":"Aleutian Ridge Volcanic Arc","Volcano Landform":"Composite","Primary Volcano Type":"Stratovolcano","Type Group":"Cone volcanoes","Type Description":"Tall, steep volcanoes often built by alternating lava and ash layers.","Activity Evidence":"Eruption Dated","Activity Class":"Dated eruption","Last Known Eruption":"1150 BCE","Eruption Year":-1150.0,"Eruption Period":"BCE record","Elevation (m)":273,"Elevation Class":"0-999 m","Tectonic Setting":"Subduction zone / Intermediate crust (15-25 km)","Tectonic Group":"Subduction","Dominant Rock Type":"Andesite / Basaltic Andesite"}},{"type":"Feature","geometry":{"type":"Point","coordinates":[-174.139,52.331]},"properties":{"Volcano Number":311160,"Volcano Name":"Atka Volcanic Complex","Country":"United States","Volcanic Region Group":"North America Volcanic Regions","Volcanic Region":"Aleutian Ridge Volcanic Arc","Volcano Landform":"Composite","Primary Volcano Type":"Stratovolcano(es)","Type Group":"Cone volcanoes","Type Description":"Tall, steep volcanoes often built by alternating lava and ash layers.","Activity Evidence":"Eruption Observed","Activity Class":"Observed eruption","Last Known Eruption":"2025 CE","Eruption Year":2025.0,"Eruption Period":"Since 1900","Elevation (m)":1518,"Elevation Class":"1,000-2,999 m","Tectonic Setting":"Subduction zone / Intermediate crust (15-25 km)","Tectonic Group":"Subduction","Dominant Rock Type":"Basalt / Picro-Basalt"}},{"type":"Feature","geometry":{"type":"Point","coordinates":[-172.51,52.315]},"properties":{"Volcano Number":311180,"Volcano Name":"Seguam","Country":"United States","Volcanic Region Group":"North America Volcanic Regions","Volcanic Region":"Aleutian Ridge Volcanic Arc","Volcano Landform":"Composite","Primary Volcano Type":"Stratovolcano(es)","Type Group":"Cone volcanoes","Type Description":"Tall, steep volcanoes often built by alternating lava and ash layers.","Activity Evidence":"Eruption Observed","Activity Class":"Observed eruption","Last Known Eruption":"1993 CE","Eruption Year":1993.0,"Eruption Period":"Since 1900","Elevation (m)":1054,"Elevation Class":"1,000-2,999 m","Tectonic Setting":"Subduction zone / Intermediate crust (15-25 km)","Tectonic Group":"Subduction","Dominant Rock Type":"Andesite / Basaltic Andesite"}},{"type":"Feature","geometry":{"type":"Point","coordinates":[-171.252,52.5]},"properties":{"Volcano Number":311190,"Volcano Name":"Amukta","Country":"United States","Volcanic Region Group":"North America Volcanic Regions","Volcanic Region":"Aleutian Ridge Volcanic Arc","Volcano Landform":"Composite","Primary Volcano Type":"Stratovolcano","Type Group":"Cone volcanoes","Type Description":"Tall, steep volcanoes often built by alternating lava and ash layers.","Activity Evidence":"Eruption Observed","Activity Class":"Observed eruption","Last Known Eruption":"1996 CE","Eruption Year":1996.0,"Eruption Period":"Since 1900","Elevation (m)":1066,"Elevation Class":"1,000-2,999 m","Tectonic Setting":"Subduction zone / Intermediate crust (15-25 km)","Tectonic Group":"Subduction","Dominant Rock Type":"Andesite / Basaltic Andesite"}},{"type":"Feature","geometry":{"type":"Point","coordinates":[-171.1383,52.5716]},"properties":{"Volcano Number":311200,"Volcano Name":"Chagulak","Country":"United States","Volcanic Region Group":"North America Volcanic Regions","Volcanic Region":"Aleutian Ridge Volcanic Arc","Volcano Landform":"Composite","Primary Volcano Type":"Stratovolcano","Type Group":"Cone volcanoes","Type Description":"Tall, steep volcanoes often built by alternating lava and ash layers.","Activity Evidence":"Evidence Uncertain","Activity Class":"Uncertain evidence","Last Known Eruption":"Unknown","Eruption Year":null,"Eruption Period":"BCE record","Elevation (m)":1028,"Elevation Class":"1,000-2,999 m","Tectonic Setting":"Subduction zone / Intermediate crust (15-25 km)","Tectonic Group":"Subduction","Dominant Rock Type":"Andesite / Basaltic Andesite"}},{"type":"Feature","geometry":{"type":"Point","coordinates":[-170.6317,52.6394]},"properties":{"Volcano Number":311210,"Volcano Name":"Yunaska","Country":"United States","Volcanic Region Group":"North America Volcanic Regions","Volcanic Region":"Aleutian Ridge Volcanic Arc","Volcano Landform":"Shield","Primary Volcano Type":"Shield","Type Group":"Shield volcanoes","Type Description":"Broad volcanoes formed by fluid lava flows that can spread far from the vent.","Activity Evidence":"Eruption Observed","Activity Class":"Observed eruption","Last Known Eruption":"1937 CE","Eruption Year":1937.0,"Eruption Period":"Since 1900","Elevation (m)":550,"Elevation Class":"0-999 m","Tectonic Setting":"Subduction zone / Intermediate crust (15-25 km)","Tectonic Group":"Subduction","Dominant Rock Type":"Andesite / Basaltic Andesite"}},{"type":"Feature","geometry":{"type":"Point","coordinates":[-170.111,52.742]},"properties":{"Volcano Number":311220,"Volcano Name":"Herbert","Country":"United States","Volcanic Region Group":"North America Volcanic Regions","Volcanic Region":"Aleutian Ridge Volcanic Arc","Volcano Landform":"Composite","Primary Volcano Type":"Stratovolcano","Type Group":"Cone volcanoes","Type Description":"Tall, steep volcanoes often built by alternating lava and ash layers.","Activity Evidence":"Evidence Credible","Activity Class":"Credible evidence","Last Known Eruption":"Unknown","Eruption Year":null,"Eruption Period":"BCE record","Elevation (m)":1280,"Elevation Class":"1,000-2,999 m","Tectonic Setting":"Subduction zone / Intermediate crust (15-25 km)","Tectonic Group":"Subduction","Dominant Rock Type":"Andesite / Basaltic Andesite"}},{"type":"Feature","geometry":{"type":"Point","coordinates":[-170.054,52.894]},"properties":{"Volcano Number":311230,"Volcano Name":"Carlisle","Country":"United States","Volcanic Region Group":"North America Volcanic Regions","Volcanic Region":"Aleutian Ridge Volcanic Arc","Volcano Landform":"Composite","Primary Volcano Type":"Stratovolcano","Type Group":"Cone volcanoes","Type Description":"Tall, steep volcanoes often built by alternating lava and ash layers.","Activity Evidence":"Eruption Observed","Activity Class":"Observed eruption","Last Known Eruption":"1828 CE","Eruption Year":1828.0,"Eruption Period":"1500-1899","Elevation (m)":1620,"Elevation Class":"1,000-2,999 m","Tectonic Setting":"Subduction zone / Intermediate crust (15-25 km)","Tectonic Group":"Subduction","Dominant Rock Type":"Andesite / Basaltic Andesite"}},{"type":"Feature","geometry":{"type":"Point","coordinates":[-169.944,52.825]},"properties":{"Volcano Number":311240,"Volcano Name":"Cleveland","Country":"United States","Volcanic Region Group":"North America Volcanic Regions","Volcanic Region":"Aleutian Ridge Volcanic Arc","Volcano Landform":"Composite","Primary Volcano Type":"Stratovolcano","Type Group":"Cone volcanoes","Type Description":"Tall, steep volcanoes often built by alternating lava and ash layers.","Activity Evidence":"Eruption Observed","Activity Class":"Observed eruption","Last Known Eruption":"2020 CE","Eruption Year":2020.0,"Eruption Period":"Since 1900","Elevation (m)":1730,"Elevation Class":"1,000-2,999 m","Tectonic Setting":"Subduction zone / Intermediate crust (15-25 km)","Tectonic Group":"Subduction","Dominant Rock Type":"Andesite / Basaltic Andesite"}},{"type":"Feature","geometry":{"type":"Point","coordinates":[-169.77,52.83]},"properties":{"Volcano Number":311241,"Volcano Name":"Tana","Country":"United States","Volcanic Region Group":"North America Volcanic Regions","Volcanic Region":"Aleutian Ridge Volcanic Arc","Volcano Landform":"Composite","Primary Volcano Type":"Stratovolcano(es)","Type Group":"Cone volcanoes","Type Description":"Tall, steep volcanoes often built by alternating lava and ash layers.","Activity Evidence":"Evidence Credible","Activity Class":"Credible evidence","Last Known Eruption":"Unknown","Eruption Year":null,"Eruption Period":"BCE record","Elevation (m)":1170,"Elevation Class":"1,000-2,999 m","Tectonic Setting":"Subduction zone / Intermediate crust (15-25 km)","Tectonic Group":"Subduction","Dominant Rock Type":"Rhyolite"}},{"type":"Feature","geometry":{"type":"Point","coordinates":[-169.77,53.065]},"properties":{"Volcano Number":311250,"Volcano Name":"Uliaga","Country":"United States","Volcanic Region Group":"North America Volcanic Regions","Volcanic Region":"Aleutian Ridge Volcanic Arc","Volcano Landform":"Composite","Primary Volcano Type":"Stratovolcano","Type Group":"Cone volcanoes","Type Description":"Tall, steep volcanoes often built by alternating lava and ash layers.","Activity Evidence":"Evidence Credible","Activity Class":"Credible evidence","Last Known Eruption":"Unknown","Eruption Year":null,"Eruption Period":"BCE record","Elevation (m)":888,"Elevation Class":"0-999 m","Tectonic Setting":"Subduction zone / Intermediate crust (15-25 km)","Tectonic Group":"Subduction","Dominant Rock Type":"No Data (checked)"}},{"type":"Feature","geometry":{"type":"Point","coordinates":[-169.72,52.974]},"properties":{"Volcano Number":311260,"Volcano Name":"Kagamil","Country":"United States","Volcanic Region Group":"North America Volcanic Regions","Volcanic Region":"Aleutian Ridge Volcanic Arc","Volcano Landform":"Composite","Primary Volcano Type":"Stratovolcano","Type Group":"Cone volcanoes","Type Description":"Tall, steep volcanoes often built by alternating lava and ash layers.","Activity Evidence":"Eruption Observed","Activity Class":"Observed eruption","Last Known Eruption":"1929 CE","Eruption Year":1929.0,"Eruption Period":"Since 1900","Elevation (m)":893,"Elevation Class":"0-999 m","Tectonic Setting":"Subduction zone / Intermediate crust (15-25 km)","Tectonic Group":"Subduction","Dominant Rock Type":"No Data (checked)"}},{"type":"Feature","geometry":{"type":"Point","coordinates":[-168.6875,53.1264]},"properties":{"Volcano Number":311270,"Volcano Name":"Vsevidof","Country":"United States","Volcanic Region Group":"North America Volcanic Regions","Volcanic Region":"Aleutian Ridge Volcanic Arc","Volcano Landform":"Composite","Primary Volcano Type":"Stratovolcano","Type Group":"Cone volcanoes","Type Description":"Tall, steep volcanoes often built by alternating lava and ash layers.","Activity Evidence":"Eruption Observed","Activity Class":"Observed eruption","Last Known Eruption":"1878 CE","Eruption Year":1878.0,"Eruption Period":"1500-1899","Elevation (m)":2160,"Elevation Class":"1,000-2,999 m","Tectonic Setting":"Subduction zone / Intermediate crust (15-25 km)","Tectonic Group":"Subduction","Dominant Rock Type":"Andesite / Basaltic Andesite"}},{"type":"Feature","geometry":{"type":"Point","coordinates":[-168.539,53.157]},"properties":{"Volcano Number":311280,"Volcano Name":"Recheschnoi","Country":"United States","Volcanic Region Group":"North America Volcanic Regions","Volcanic Region":"Aleutian Ridge Volcanic Arc","Volcano Landform":"Composite","Primary Volcano Type":"Stratovolcano","Type Group":"Cone volcanoes","Type Description":"Tall, steep volcanoes often built by alternating lava and ash layers.","Activity Evidence":"Evidence Credible","Activity Class":"Credible evidence","Last Known Eruption":"Unknown","Eruption Year":null,"Eruption Period":"BCE record","Elevation (m)":1984,"Elevation Class":"1,000-2,999 m","Tectonic Setting":"Subduction zone / Intermediate crust (15-25 km)","Tectonic Group":"Subduction","Dominant Rock Type":"Andesite / Basaltic Andesite"}},{"type":"Feature","geometry":{"type":"Point","coordinates":[-168.13,53.43]},"properties":{"Volcano Number":311290,"Volcano Name":"Okmok","Country":"United States","Volcanic Region Group":"North America Volcanic Regions","Volcanic Region":"Aleutian Ridge Volcanic Arc","Volcano Landform":"Shield","Primary Volcano Type":"Shield","Type Group":"Shield volcanoes","Type Description":"Broad volcanoes formed by fluid lava flows that can spread far from the vent.","Activity Evidence":"Eruption Observed","Activity Class":"Observed eruption","Last Known Eruption":"2008 CE","Eruption Year":2008.0,"Eruption Period":"Since 1900","Elevation (m)":1073,"Elevation Class":"1,000-2,999 m","Tectonic Setting":"Subduction zone / Intermediate crust (15-25 km)","Tectonic Group":"Subduction","Dominant Rock Type":"Basalt / Picro-Basalt"}},{"type":"Feature","geometry":{"type":"Point","coordinates":[-168.03,53.93]},"properties":{"Volcano Number":311300,"Volcano Name":"Bogoslof","Country":"United States","Volcanic Region Group":"North America Volcanic Regions","Volcanic Region":"Aleutian Ridge Volcanic Arc","Volcano Landform":"Composite","Primary Volcano Type":"Stratovolcano","Type Group":"Cone volcanoes","Type Description":"Tall, steep volcanoes often built by alternating lava and ash layers.","Activity Evidence":"Eruption Observed","Activity Class":"Observed eruption","Last Known Eruption":"2017 CE","Eruption Year":2017.0,"Eruption Period":"Since 1900","Elevation (m)":150,"Elevation Class":"0-999 m","Tectonic Setting":"Subduction zone / Intermediate crust (15-25 km)","Tectonic Group":"Subduction","Dominant Rock Type":"Trachyandesite / Basaltic Trachyandesite"}},{"type":"Feature","geometry":{"type":"Point","coordinates":[-166.923,53.891]},"properties":{"Volcano Number":311310,"Volcano Name":"Makushin","Country":"United States","Volcanic Region Group":"North America Volcanic Regions","Volcanic Region":"Aleutian Ridge Volcanic Arc","Volcano Landform":"Composite","Primary Volcano Type":"Stratovolcano","Type Group":"Cone volcanoes","Type Description":"Tall, steep volcanoes often built by alternating lava and ash layers.","Activity Evidence":"Eruption Observed","Activity Class":"Observed eruption","Last Known Eruption":"1995 CE","Eruption Year":1995.0,"Eruption Period":"Since 1900","Elevation (m)":1800,"Elevation Class":"1,000-2,999 m","Tectonic Setting":"Subduction zone / Intermediate crust (15-25 km)","Tectonic Group":"Subduction","Dominant Rock Type":"Andesite / Basaltic Andesite"}},{"type":"Feature","geometry":{"type":"Point","coordinates":[-165.986,54.134]},"properties":{"Volcano Number":311320,"Volcano Name":"Akutan","Country":"United States","Volcanic Region Group":"North America Volcanic Regions","Volcanic Region":"Aleutian Ridge Volcanic Arc","Volcano Landform":"Composite","Primary Volcano Type":"Stratovolcano","Type Group":"Cone volcanoes","Type Description":"Tall, steep volcanoes often built by alternating lava and ash layers.","Activity Evidence":"Eruption Observed","Activity Class":"Observed eruption","Last Known Eruption":"1992 CE","Eruption Year":1992.0,"Eruption Period":"Since 1900","Elevation (m)":1303,"Elevation Class":"1,000-2,999 m","Tectonic Setting":"Subduction zone / Intermediate crust (15-25 km)","Tectonic Group":"Subduction","Dominant Rock Type":"Basalt / Picro-Basalt"}},{"type":"Feature","geometry":{"type":"Point","coordinates":[-164.65,54.516]},"properties":{"Volcano Number":311340,"Volcano Name":"Westdahl","Country":"United States","Volcanic Region Group":"North America Volcanic Regions","Volcanic Region":"Aleutian Ridge Volcanic Arc","Volcano Landform":"Composite","Primary Volcano Type":"Stratovolcano?","Type Group":"Other or unknown","Type Description":"The database lists a less common or unspecified volcano form.","Activity Evidence":"Eruption Observed","Activity Class":"Observed eruption","Last Known Eruption":"1992 CE","Eruption Year":1992.0,"Eruption Period":"Since 1900","Elevation (m)":1563,"Elevation Class":"1,000-2,999 m","Tectonic Setting":"Subduction zone / Continental crust (>25 km)","Tectonic Group":"Subduction","Dominant Rock Type":"Basalt / Picro-Basalt"}},{"type":"Feature","geometry":{"type":"Point","coordinates":[-164.43,54.65]},"properties":{"Volcano Number":311350,"Volcano Name":"Fisher","Country":"United States","Volcanic Region Group":"North America Volcanic Regions","Volcanic Region":"Aleutian Ridge Volcanic Arc","Volcano Landform":"Composite","Primary Volcano Type":"Stratovolcano","Type Group":"Cone volcanoes","Type Description":"Tall, steep volcanoes often built by alternating lava and ash layers.","Activity Evidence":"Eruption Observed","Activity Class":"Observed eruption","Last Known Eruption":"1830 CE","Eruption Year":1830.0,"Eruption Period":"1500-1899","Elevation (m)":1112,"Elevation Class":"1,000-2,999 m","Tectonic Setting":"Subduction zone / Continental crust (>25 km)","Tectonic Group":"Subduction","Dominant Rock Type":"Andesite / Basaltic Andesite"}},{"type":"Feature","geometry":{"type":"Point","coordinates":[-163.97,54.756]},"properties":{"Volcano Number":311360,"Volcano Name":"Shishaldin","Country":"United States","Volcanic Region Group":"North America Volcanic Regions","Volcanic Region":"Aleutian Ridge Volcanic Arc","Volcano Landform":"Composite","Primary Volcano Type":"Stratovolcano","Type Group":"Cone volcanoes","Type Description":"Tall, steep volcanoes often built by alternating lava and ash layers.","Activity Evidence":"Eruption Observed","Activity Class":"Observed eruption","Last Known Eruption":"2023 CE","Eruption Year":2023.0,"Eruption Period":"Since 1900","Elevation (m)":2857,"Elevation Class":"1,000-2,999 m","Tectonic Setting":"Subduction zone / Continental crust (>25 km)","Tectonic Group":"Subduction","Dominant Rock Type":"Basalt / Picro-Basalt"}},{"type":"Feature","geometry":{"type":"Point","coordinates":[-163.589,54.8]},"properties":{"Volcano Number":311380,"Volcano Name":"Roundtop","Country":"United States","Volcanic Region Group":"North America Volcanic Regions","Volcanic Region":"Aleutian Ridge Volcanic Arc","Volcano Landform":"Composite","Primary Volcano Type":"Stratovolcano","Type Group":"Cone volcanoes","Type Description":"Tall, steep volcanoes often built by alternating lava and ash layers.","Activity Evidence":"Eruption Dated","Activity Class":"Dated eruption","Last Known Eruption":"7600 BCE","Eruption Year":-7600.0,"Eruption Period":"BCE record","Elevation (m)":1871,"Elevation Class":"1,000-2,999 m","Tectonic Setting":"Subduction zone / Continental crust (>25 km)","Tectonic Group":"Subduction","Dominant Rock Type":"Rhyolite"}},{"type":"Feature","geometry":{"type":"Point","coordinates":[-163.1472,55.4184]},"properties":{"Volcano Number":311390,"Volcano Name":"Amak","Country":"United States","Volcanic Region Group":"North America Volcanic Regions","Volcanic Region":"Aleutian Ridge Volcanic Arc","Volcano Landform":"Composite","Primary Volcano Type":"Stratovolcano","Type Group":"Cone volcanoes","Type Description":"Tall, steep volcanoes often built by alternating lava and ash layers.","Activity Evidence":"Eruption Observed","Activity Class":"Observed eruption","Last Known Eruption":"1796 CE","Eruption Year":1796.0,"Eruption Period":"1500-1899","Elevation (m)":547,"Elevation Class":"0-999 m","Tectonic Setting":"Subduction zone / Continental crust (>25 km)","Tectonic Group":"Subduction","Dominant Rock Type":"Andesite / Basaltic Andesite"}},{"type":"Feature","geometry":{"type":"Point","coordinates":[-162.835,55.067]},"properties":{"Volcano Number":312010,"Volcano Name":"Frosty","Country":"United States","Volcanic Region Group":"North America Volcanic Regions","Volcanic Region":"Aleutian Ridge Volcanic Arc","Volcano Landform":"Composite","Primary Volcano Type":"Stratovolcano(es)","Type Group":"Cone volcanoes","Type Description":"Tall, steep volcanoes often built by alternating lava and ash layers.","Activity Evidence":"Evidence Credible","Activity Class":"Credible evidence","Last Known Eruption":"Unknown","Eruption Year":null,"Eruption Period":"BCE record","Elevation (m)":1728,"Elevation Class":"1,000-2,999 m","Tectonic Setting":"Subduction zone / Continental crust (>25 km)","Tectonic Group":"Subduction","Dominant Rock Type":"Andesite / Basaltic Andesite"}},{"type":"Feature","geometry":{"type":"Point","coordinates":[-162.276,55.183]},"properties":{"Volcano Number":312011,"Volcano Name":"Dutton","Country":"United States","Volcanic Region Group":"North America Volcanic Regions","Volcanic Region":"Aleutian Ridge Volcanic Arc","Volcano Landform":"Composite","Primary Volcano Type":"Stratovolcano","Type Group":"Cone volcanoes","Type Description":"Tall, steep volcanoes often built by alternating lava and ash layers.","Activity Evidence":"Evidence Credible","Activity Class":"Credible evidence","Last Known Eruption":"Unknown","Eruption Year":null,"Eruption Period":"BCE record","Elevation (m)":1465,"Elevation Class":"1,000-2,999 m","Tectonic Setting":"Subduction zone / Continental crust (>25 km)","Tectonic Group":"Subduction","Dominant Rock Type":"Andesite / Basaltic Andesite"}},{"type":"Feature","geometry":{"type":"Point","coordinates":[-162.0445,55.3519]},"properties":{"Volcano Number":312020,"Volcano Name":"Emmons Lake Volcanic Center","Country":"United States","Volcanic Region Group":"North America Volcanic Regions","Volcanic Region":"Aleutian Ridge Volcanic Arc","Volcano Landform":"Caldera","Primary Volcano Type":"Caldera","Type Group":"Calderas","Type Description":"Large collapse basins that can form after major eruptions empty magma chambers.","Activity Evidence":"Evidence Credible","Activity Class":"Credible evidence","Last Known Eruption":"Unknown","Eruption Year":null,"Eruption Period":"BCE record","Elevation (m)":1534,"Elevation Class":"1,000-2,999 m","Tectonic Setting":"Subduction zone / Continental crust (>25 km)","Tectonic Group":"Subduction","Dominant Rock Type":"Andesite / Basaltic Andesite"}},{"type":"Feature","geometry":{"type":"Point","coordinates":[-161.894,55.417]},"properties":{"Volcano Number":312030,"Volcano Name":"Pavlof","Country":"United States","Volcanic Region Group":"North America Volcanic Regions","Volcanic Region":"Aleutian Ridge Volcanic Arc","Volcano Landform":"Composite","Primary Volcano Type":"Stratovolcano","Type Group":"Cone volcanoes","Type Description":"Tall, steep volcanoes often built by alternating lava and ash layers.","Activity Evidence":"Eruption Observed","Activity Class":"Observed eruption","Last Known Eruption":"2022 CE","Eruption Year":2022.0,"Eruption Period":"Since 1900","Elevation (m)":2493,"Elevation Class":"1,000-2,999 m","Tectonic Setting":"Subduction zone / Continental crust (>25 km)","Tectonic Group":"Subduction","Dominant Rock Type":"Andesite / Basaltic Andesite"}},{"type":"Feature","geometry":{"type":"Point","coordinates":[-161.854,55.457]},"properties":{"Volcano Number":312040,"Volcano Name":"Pavlof Sister","Country":"United States","Volcanic Region Group":"North America Volcanic Regions","Volcanic Region":"Aleutian Ridge Volcanic Arc","Volcano Landform":"Composite","Primary Volcano Type":"Stratovolcano","Type Group":"Cone volcanoes","Type Description":"Tall, steep volcanoes often built by alternating lava and ash layers.","Activity Evidence":"Evidence Credible","Activity Class":"Credible evidence","Last Known Eruption":"Unknown","Eruption Year":null,"Eruption Period":"BCE record","Elevation (m)":2142,"Elevation Class":"1,000-2,999 m","Tectonic Setting":"Subduction zone / Continental crust (>25 km)","Tectonic Group":"Subduction","Dominant Rock Type":"Basalt / Picro-Basalt"}},{"type":"Feature","geometry":{"type":"Point","coordinates":[-161.214,55.641]},"properties":{"Volcano Number":312050,"Volcano Name":"Dana","Country":"United States","Volcanic Region Group":"North America Volcanic Regions","Volcanic Region":"Aleutian Ridge Volcanic Arc","Volcano Landform":"Composite","Primary Volcano Type":"Stratovolcano","Type Group":"Cone volcanoes","Type Description":"Tall, steep volcanoes often built by alternating lava and ash layers.","Activity Evidence":"Eruption Dated","Activity Class":"Dated eruption","Last Known Eruption":"1890 BCE","Eruption Year":-1890.0,"Eruption Period":"BCE record","Elevation (m)":1354,"Elevation Class":"1,000-2,999 m","Tectonic Setting":"Subduction zone / Continental crust (>25 km)","Tectonic Group":"Subduction","Dominant Rock Type":"Andesite / Basaltic Andesite"}},{"type":"Feature","geometry":{"type":"Point","coordinates":[-160.017,55.917]},"properties":{"Volcano Number":312055,"Volcano Name":"Stepovak Bay Group","Country":"United States","Volcanic Region Group":"North America Volcanic Regions","Volcanic Region":"Aleutian Ridge Volcanic Arc","Volcano Landform":"Cluster","Primary Volcano Type":"Volcanic field","Type Group":"Volcanic fields","Type Description":"Areas with many vents spread across a wider landscape.","Activity Evidence":"Evidence Credible","Activity Class":"Credible evidence","Last Known Eruption":"Unknown","Eruption Year":null,"Eruption Period":"BCE record","Elevation (m)":1633,"Elevation Class":"1,000-2,999 m","Tectonic Setting":"Subduction zone / Continental crust (>25 km)","Tectonic Group":"Subduction","Dominant Rock Type":null}},{"type":"Feature","geometry":{"type":"Point","coordinates":[-159.797,56.011]},"properties":{"Volcano Number":312060,"Volcano Name":"Kupreanof","Country":"United States","Volcanic Region Group":"North America Volcanic Regions","Volcanic Region":"Aleutian Ridge Volcanic Arc","Volcano Landform":"Composite","Primary Volcano Type":"Stratovolcano","Type Group":"Cone volcanoes","Type Description":"Tall, steep volcanoes often built by alternating lava and ash layers.","Activity Evidence":"Evidence Uncertain","Activity Class":"Uncertain evidence","Last Known Eruption":"Unknown","Eruption Year":null,"Eruption Period":"BCE record","Elevation (m)":1895,"Elevation Class":"1,000-2,999 m","Tectonic Setting":"Subduction zone / Continental crust (>25 km)","Tectonic Group":"Subduction","Dominant Rock Type":"Andesite / Basaltic Andesite"}},{"type":"Feature","geometry":{"type":"Point","coordinates":[-159.38,56.17]},"properties":{"Volcano Number":312070,"Volcano Name":"Veniaminof","Country":"United States","Volcanic Region Group":"North America Volcanic Regions","Volcanic Region":"Aleutian Ridge Volcanic Arc","Volcano Landform":"Composite","Primary Volcano Type":"Stratovolcano","Type Group":"Cone volcanoes","Type Description":"Tall, steep volcanoes often built by alternating lava and ash layers.","Activity Evidence":"Eruption Observed","Activity Class":"Observed eruption","Last Known Eruption":"2021 CE","Eruption Year":2021.0,"Eruption Period":"Since 1900","Elevation (m)":2507,"Elevation Class":"1,000-2,999 m","Tectonic Setting":"Subduction zone / Continental crust (>25 km)","Tectonic Group":"Subduction","Dominant Rock Type":"Andesite / Basaltic Andesite"}},{"type":"Feature","geometry":{"type":"Point","coordinates":[-158.785,56.552]},"properties":{"Volcano Number":312080,"Volcano Name":"Black Peak","Country":"United States","Volcanic Region Group":"North America Volcanic Regions","Volcanic Region":"Alaska Peninsula Volcanic Arc","Volcano Landform":"Composite","Primary Volcano Type":"Stratovolcano","Type Group":"Cone volcanoes","Type Description":"Tall, steep volcanoes often built by alternating lava and ash layers.","Activity Evidence":"Eruption Dated","Activity Class":"Dated eruption","Last Known Eruption":"1900 BCE","Eruption Year":-1900.0,"Eruption Period":"BCE record","Elevation (m)":1032,"Elevation Class":"1,000-2,999 m","Tectonic Setting":"Subduction zone / Continental crust (>25 km)","Tectonic Group":"Subduction","Dominant Rock Type":"Andesite / Basaltic Andesite"}},{"type":"Feature","geometry":{"type":"Point","coordinates":[-158.17,56.88]},"properties":{"Volcano Number":312090,"Volcano Name":"Aniakchak","Country":"United States","Volcanic Region Group":"North America Volcanic Regions","Volcanic Region":"Alaska Peninsula Volcanic Arc","Volcano Landform":"Caldera","Primary Volcano Type":"Caldera","Type Group":"Calderas","Type Description":"Large collapse basins that can form after major eruptions empty magma chambers.","Activity Evidence":"Eruption Observed","Activity Class":"Observed eruption","Last Known Eruption":"1931 CE","Eruption Year":1931.0,"Eruption Period":"Since 1900","Elevation (m)":1341,"Elevation Class":"1,000-2,999 m","Tectonic Setting":"Subduction zone / Continental crust (>25 km)","Tectonic Group":"Subduction","Dominant Rock Type":"Andesite / Basaltic Andesite"}},{"type":"Feature","geometry":{"type":"Point","coordinates":[-157.185,57.019]},"properties":{"Volcano Number":312100,"Volcano Name":"Yantarni","Country":"United States","Volcanic Region Group":"North America Volcanic Regions","Volcanic Region":"Alaska Peninsula Volcanic Arc","Volcano Landform":"Composite","Primary Volcano Type":"Stratovolcano","Type Group":"Cone volcanoes","Type Description":"Tall, steep volcanoes often built by alternating lava and ash layers.","Activity Evidence":"Eruption Dated","Activity Class":"Dated eruption","Last Known Eruption":"800 BCE","Eruption Year":-800.0,"Eruption Period":"BCE record","Elevation (m)":1345,"Elevation Class":"1,000-2,999 m","Tectonic Setting":"Subduction zone / Continental crust (>25 km)","Tectonic Group":"Subduction","Dominant Rock Type":"Andesite / Basaltic Andesite"}},{"type":"Feature","geometry":{"type":"Point","coordinates":[-156.99,57.135]},"properties":{"Volcano Number":312110,"Volcano Name":"Chiginagak","Country":"United States","Volcanic Region Group":"North America Volcanic Regions","Volcanic Region":"Alaska Peninsula Volcanic Arc","Volcano Landform":"Composite","Primary Volcano Type":"Stratovolcano","Type Group":"Cone volcanoes","Type Description":"Tall, steep volcanoes often built by alternating lava and ash layers.","Activity Evidence":"Eruption Observed","Activity Class":"Observed eruption","Last Known Eruption":"1998 CE","Eruption Year":1998.0,"Eruption Period":"Since 1900","Elevation (m)":2221,"Elevation Class":"1,000-2,999 m","Tectonic Setting":"Subduction zone / Continental crust (>25 km)","Tectonic Group":"Subduction","Dominant Rock Type":"Andesite / Basaltic Andesite"}},{"type":"Feature","geometry":{"type":"Point","coordinates":[-156.745,57.203]},"properties":{"Volcano Number":312120,"Volcano Name":"Kialagvik","Country":"United States","Volcanic Region Group":"North America Volcanic Regions","Volcanic Region":"Alaska Peninsula Volcanic Arc","Volcano Landform":"Composite","Primary Volcano Type":"Stratovolcano","Type Group":"Cone volcanoes","Type Description":"Tall, steep volcanoes often built by alternating lava and ash layers.","Activity Evidence":"Evidence Credible","Activity Class":"Credible evidence","Last Known Eruption":"Unknown","Eruption Year":null,"Eruption Period":"BCE record","Elevation (m)":1677,"Elevation Class":"1,000-2,999 m","Tectonic Setting":"Subduction zone / Continental crust (>25 km)","Tectonic Group":"Subduction","Dominant Rock Type":"Andesite / Basaltic Andesite"}},{"type":"Feature","geometry":{"type":"Point","coordinates":[-156.368,57.751]},"properties":{"Volcano Number":312130,"Volcano Name":"Ugashik-Peulik","Country":"United States","Volcanic Region Group":"North America Volcanic Regions","Volcanic Region":"Alaska Peninsula Volcanic Arc","Volcano Landform":"Composite","Primary Volcano Type":"Stratovolcano","Type Group":"Cone volcanoes","Type Description":"Tall, steep volcanoes often built by alternating lava and ash layers.","Activity Evidence":"Eruption Observed","Activity Class":"Observed eruption","Last Known Eruption":"1814 CE","Eruption Year":1814.0,"Eruption Period":"1500-1899","Elevation (m)":1474,"Elevation Class":"1,000-2,999 m","Tectonic Setting":"Subduction zone / Continental crust (>25 km)","Tectonic Group":"Subduction","Dominant Rock Type":"Andesite / Basaltic Andesite"}},{"type":"Feature","geometry":{"type":"Point","coordinates":[-156.5203,57.8344]},"properties":{"Volcano Number":312131,"Volcano Name":"Ukinrek Maars","Country":"United States","Volcanic Region Group":"North America Volcanic Regions","Volcanic Region":"Alaska Peninsula Volcanic Arc","Volcano Landform":"Minor (Basaltic)","Primary Volcano Type":"Maar(s)","Type Group":"Small cones","Type Description":"Smaller volcanic cones or explosion craters formed by ash, cinders, or steam blasts.","Activity Evidence":"Eruption Observed","Activity Class":"Observed eruption","Last Known Eruption":"1977 CE","Eruption Year":1977.0,"Eruption Period":"Since 1900","Elevation (m)":91,"Elevation Class":"0-999 m","Tectonic Setting":"Subduction zone / Continental crust (>25 km)","Tectonic Group":"Subduction","Dominant Rock Type":"Basalt / Picro-Basalt"}},{"type":"Feature","geometry":{"type":"Point","coordinates":[-155.411,57.87]},"properties":{"Volcano Number":312132,"Volcano Name":"Alaska Peninsula Arc at 155.4°W","Country":"United States","Volcanic Region Group":"North America Volcanic Regions","Volcanic Region":"Alaska Peninsula Volcanic Arc","Volcano Landform":"Minor (Silicic)","Primary Volcano Type":"Lava dome","Type Group":"Other or unknown","Type Description":"The database lists a less common or unspecified volcano form.","Activity Evidence":"Evidence Credible","Activity Class":"Credible evidence","Last Known Eruption":"Unknown","Eruption Year":null,"Eruption Period":"BCE record","Elevation (m)":402,"Elevation Class":"0-999 m","Tectonic Setting":"Subduction zone / Continental crust (>25 km)","Tectonic Group":"Subduction","Dominant Rock Type":"No Data (checked)"}},{"type":"Feature","geometry":{"type":"Point","coordinates":[-155.361,58.172]},"properties":{"Volcano Number":312140,"Volcano Name":"Martin","Country":"United States","Volcanic Region Group":"North America Volcanic Regions","Volcanic Region":"Alaska Peninsula Volcanic Arc","Volcano Landform":"Composite","Primary Volcano Type":"Stratovolcano","Type Group":"Cone volcanoes","Type Description":"Tall, steep volcanoes often built by alternating lava and ash layers.","Activity Evidence":"Eruption Dated","Activity Class":"Dated eruption","Last Known Eruption":"1953 CE","Eruption Year":1953.0,"Eruption Period":"Since 1900","Elevation (m)":1863,"Elevation Class":"1,000-2,999 m","Tectonic Setting":"Subduction zone / Continental crust (>25 km)","Tectonic Group":"Subduction","Dominant Rock Type":"Dacite"}},{"type":"Feature","geometry":{"type":"Point","coordinates":[-155.253,58.195]},"properties":{"Volcano Number":312150,"Volcano Name":"Mageik","Country":"United States","Volcanic Region Group":"North America Volcanic Regions","Volcanic Region":"Alaska Peninsula Volcanic Arc","Volcano Landform":"Composite","Primary Volcano Type":"Stratovolcano","Type Group":"Cone volcanoes","Type Description":"Tall, steep volcanoes often built by alternating lava and ash layers.","Activity Evidence":"Eruption Dated","Activity Class":"Dated eruption","Last Known Eruption":"500 BCE","Eruption Year":-500.0,"Eruption Period":"BCE record","Elevation (m)":2165,"Elevation Class":"1,000-2,999 m","Tectonic Setting":"Subduction zone / Continental crust (>25 km)","Tectonic Group":"Subduction","Dominant Rock Type":"Andesite / Basaltic Andesite"}},{"type":"Feature","geometry":{"type":"Point","coordinates":[-155.1,58.236]},"properties":{"Volcano Number":312160,"Volcano Name":"Trident","Country":"United States","Volcanic Region Group":"North America Volcanic Regions","Volcanic Region":"Alaska Peninsula Volcanic Arc","Volcano Landform":"Composite","Primary Volcano Type":"Stratovolcano","Type Group":"Cone volcanoes","Type Description":"Tall, steep volcanoes often built by alternating lava and ash layers.","Activity Evidence":"Eruption Observed","Activity Class":"Observed eruption","Last Known Eruption":"1974 CE","Eruption Year":1974.0,"Eruption Period":"Since 1900","Elevation (m)":1864,"Elevation Class":"1,000-2,999 m","Tectonic Setting":"Subduction zone / Continental crust (>25 km)","Tectonic Group":"Subduction","Dominant Rock Type":"Andesite / Basaltic Andesite"}},{"type":"Feature","geometry":{"type":"Point","coordinates":[-154.9533,58.279]},"properties":{"Volcano Number":312170,"Volcano Name":"Katmai","Country":"United States","Volcanic Region Group":"North America Volcanic Regions","Volcanic Region":"Alaska Peninsula Volcanic Arc","Volcano Landform":"Composite","Primary Volcano Type":"Stratovolcano","Type Group":"Cone volcanoes","Type Description":"Tall, steep volcanoes often built by alternating lava and ash layers.","Activity Evidence":"Eruption Observed","Activity Class":"Observed eruption","Last Known Eruption":"1912 CE","Eruption Year":1912.0,"Eruption Period":"Since 1900","Elevation (m)":2047,"Elevation Class":"1,000-2,999 m","Tectonic Setting":"Subduction zone / Continental crust (>25 km)","Tectonic Group":"Subduction","Dominant Rock Type":"Andesite / Basaltic Andesite"}},{"type":"Feature","geometry":{"type":"Point","coordinates":[-155.1588,58.2655]},"properties":{"Volcano Number":312180,"Volcano Name":"Novarupta","Country":"United States","Volcanic Region Group":"North America Volcanic Regions","Volcanic Region":"Alaska Peninsula Volcanic Arc","Volcano Landform":"Caldera","Primary Volcano Type":"Caldera","Type Group":"Calderas","Type Description":"Large collapse basins that can form after major eruptions empty magma chambers.","Activity Evidence":"Eruption Observed","Activity Class":"Observed eruption","Last Known Eruption":"1912 CE","Eruption Year":1912.0,"Eruption Period":"Since 1900","Elevation (m)":841,"Elevation Class":"0-999 m","Tectonic Setting":"Subduction zone / Continental crust (>25 km)","Tectonic Group":"Subduction","Dominant Rock Type":"Rhyolite"}},{"type":"Feature","geometry":{"type":"Point","coordinates":[-155.092,58.354]},"properties":{"Volcano Number":312190,"Volcano Name":"Griggs","Country":"United States","Volcanic Region Group":"North America Volcanic Regions","Volcanic Region":"Alaska Peninsula Volcanic Arc","Volcano Landform":"Composite","Primary Volcano Type":"Stratovolcano","Type Group":"Cone volcanoes","Type Description":"Tall, steep volcanoes often built by alternating lava and ash layers.","Activity Evidence":"Eruption Dated","Activity Class":"Dated eruption","Last Known Eruption":"1790 BCE","Eruption Year":-1790.0,"Eruption Period":"BCE record","Elevation (m)":2317,"Elevation Class":"1,000-2,999 m","Tectonic Setting":"Subduction zone / Continental crust (>25 km)","Tectonic Group":"Subduction","Dominant Rock Type":"Andesite / Basaltic Andesite"}},{"type":"Feature","geometry":{"type":"Point","coordinates":[-154.682,58.336]},"properties":{"Volcano Number":312200,"Volcano Name":"Snowy Mountain","Country":"United States","Volcanic Region Group":"North America Volcanic Regions","Volcanic Region":"Alaska Peninsula Volcanic Arc","Volcano Landform":"Composite","Primary Volcano Type":"Stratovolcano(es)","Type Group":"Cone volcanoes","Type Description":"Tall, steep volcanoes often built by alternating lava and ash layers.","Activity Evidence":"Eruption Dated","Activity Class":"Dated eruption","Last Known Eruption":"1710 CE","Eruption Year":1710.0,"Eruption Period":"1500-1899","Elevation (m)":2162,"Elevation Class":"1,000-2,999 m","Tectonic Setting":"Subduction zone / Continental crust (>25 km)","Tectonic Group":"Subduction","Dominant Rock Type":"Andesite / Basaltic Andesite"}},{"type":"Feature","geometry":{"type":"Point","coordinates":[-154.449,58.418]},"properties":{"Volcano Number":312210,"Volcano Name":"Denison","Country":"United States","Volcanic Region Group":"North America Volcanic Regions","Volcanic Region":"Alaska Peninsula Volcanic Arc","Volcano Landform":"Composite","Primary Volcano Type":"Stratovolcano","Type Group":"Cone volcanoes","Type Description":"Tall, steep volcanoes often built by alternating lava and ash layers.","Activity Evidence":"Evidence Uncertain","Activity Class":"Uncertain evidence","Last Known Eruption":"Unknown","Eruption Year":null,"Eruption Period":"BCE record","Elevation (m)":2287,"Elevation Class":"1,000-2,999 m","Tectonic Setting":"Subduction zone / Continental crust (>25 km)","Tectonic Group":"Subduction","Dominant Rock Type":"Andesite / Basaltic Andesite"}},{"type":"Feature","geometry":{"type":"Point","coordinates":[-154.3895,58.4298]},"properties":{"Volcano Number":312220,"Volcano Name":"Steller","Country":"United States","Volcanic Region Group":"North America Volcanic Regions","Volcanic Region":"Alaska Peninsula Volcanic Arc","Volcano Landform":"Composite","Primary Volcano Type":"Stratovolcano","Type Group":"Cone volcanoes","Type Description":"Tall, steep volcanoes often built by alternating lava and ash layers.","Activity Evidence":"Evidence Credible","Activity Class":"Credible evidence","Last Known Eruption":"Unknown","Eruption Year":null,"Eruption Period":"BCE record","Elevation (m)":2279,"Elevation Class":"1,000-2,999 m","Tectonic Setting":"Subduction zone / Continental crust (>25 km)","Tectonic Group":"Subduction","Dominant Rock Type":"Andesite / Basaltic Andesite"}},{"type":"Feature","geometry":{"type":"Point","coordinates":[-154.355,58.453]},"properties":{"Volcano Number":312230,"Volcano Name":"Kukak","Country":"United States","Volcanic Region Group":"North America Volcanic Regions","Volcanic Region":"Alaska Peninsula Volcanic Arc","Volcano Landform":"Composite","Primary Volcano Type":"Stratovolcano","Type Group":"Cone volcanoes","Type Description":"Tall, steep volcanoes often built by alternating lava and ash layers.","Activity Evidence":"Unrest / Holocene","Activity Class":"Unspecified","Last Known Eruption":"Unknown","Eruption Year":null,"Eruption Period":"BCE record","Elevation (m)":2043,"Elevation Class":"1,000-2,999 m","Tectonic Setting":"Subduction zone / Continental crust (>25 km)","Tectonic Group":"Subduction","Dominant Rock Type":"Andesite / Basaltic Andesite"}},{"type":"Feature","geometry":{"type":"Point","coordinates":[-154.0245,58.6113]},"properties":{"Volcano Number":312250,"Volcano Name":"Kaguyak","Country":"United States","Volcanic Region Group":"North America Volcanic Regions","Volcanic Region":"Alaska Peninsula Volcanic Arc","Volcano Landform":"Caldera","Primary Volcano Type":"Lava dome(s)","Type Group":"Lava domes","Type Description":"Steep mounds built by thick lava that piles up near the vent.","Activity Evidence":"Eruption Dated","Activity Class":"Dated eruption","Last Known Eruption":"3850 BCE","Eruption Year":-3850.0,"Eruption Period":"BCE record","Elevation (m)":901,"Elevation Class":"0-999 m","Tectonic Setting":"Subduction zone / Continental crust (>25 km)","Tectonic Group":"Subduction","Dominant Rock Type":"Dacite"}},{"type":"Feature","geometry":{"type":"Point","coordinates":[-153.672,58.77]},"properties":{"Volcano Number":312260,"Volcano Name":"Fourpeaked","Country":"United States","Volcanic Region Group":"North America Volcanic Regions","Volcanic Region":"Alaska Peninsula Volcanic Arc","Volcano Landform":"Composite","Primary Volcano Type":"Stratovolcano","Type Group":"Cone volcanoes","Type Description":"Tall, steep volcanoes often built by alternating lava and ash layers.","Activity Evidence":"Eruption Observed","Activity Class":"Observed eruption","Last Known Eruption":"2006 CE","Eruption Year":2006.0,"Eruption Period":"Since 1900","Elevation (m)":2105,"Elevation Class":"1,000-2,999 m","Tectonic Setting":"Subduction zone / Continental crust (>25 km)","Tectonic Group":"Subduction","Dominant Rock Type":"Andesite / Basaltic Andesite"}},{"type":"Feature","geometry":{"type":"Point","coordinates":[-153.542,58.855]},"properties":{"Volcano Number":312270,"Volcano Name":"Douglas","Country":"United States","Volcanic Region Group":"North America Volcanic Regions","Volcanic Region":"Alaska Peninsula Volcanic Arc","Volcano Landform":"Composite","Primary Volcano Type":"Stratovolcano","Type Group":"Cone volcanoes","Type Description":"Tall, steep volcanoes often built by alternating lava and ash layers.","Activity Evidence":"Evidence Credible","Activity Class":"Credible evidence","Last Known Eruption":"Unknown","Eruption Year":null,"Eruption Period":"BCE record","Elevation (m)":2140,"Elevation Class":"1,000-2,999 m","Tectonic Setting":"Subduction zone / Continental crust (>25 km)","Tectonic Group":"Subduction","Dominant Rock Type":"Andesite / Basaltic Andesite"}},{"type":"Feature","geometry":{"type":"Point","coordinates":[-153.435,59.3626]},"properties":{"Volcano Number":313010,"Volcano Name":"Augustine","Country":"United States","Volcanic Region Group":"North America Volcanic Regions","Volcanic Region":"Alaska Peninsula Volcanic Arc","Volcano Landform":"Composite","Primary Volcano Type":"Lava dome(s)","Type Group":"Lava domes","Type Description":"Steep mounds built by thick lava that piles up near the vent.","Activity Evidence":"Eruption Observed","Activity Class":"Observed eruption","Last Known Eruption":"2006 CE","Eruption Year":2006.0,"Eruption Period":"Since 1900","Elevation (m)":1218,"Elevation Class":"1,000-2,999 m","Tectonic Setting":"Subduction zone / Continental crust (>25 km)","Tectonic Group":"Subduction","Dominant Rock Type":"Andesite / Basaltic Andesite"}},{"type":"Feature","geometry":{"type":"Point","coordinates":[-153.09,60.032]},"properties":{"Volcano Number":313020,"Volcano Name":"Iliamna","Country":"United States","Volcanic Region Group":"North America Volcanic Regions","Volcanic Region":"Alaska Peninsula Volcanic Arc","Volcano Landform":"Composite","Primary Volcano Type":"Stratovolcano","Type Group":"Cone volcanoes","Type Description":"Tall, steep volcanoes often built by alternating lava and ash layers.","Activity Evidence":"Eruption Observed","Activity Class":"Observed eruption","Last Known Eruption":"1876 CE","Eruption Year":1876.0,"Eruption Period":"1500-1899","Elevation (m)":3053,"Elevation Class":"3,000 m and above","Tectonic Setting":"Subduction zone / Continental crust (>25 km)","Tectonic Group":"Subduction","Dominant Rock Type":"Andesite / Basaltic Andesite"}},{"type":"Feature","geometry":{"type":"Point","coordinates":[-152.742,60.485]},"properties":{"Volcano Number":313030,"Volcano Name":"Redoubt","Country":"United States","Volcanic Region Group":"North America Volcanic Regions","Volcanic Region":"Alaska Peninsula Volcanic Arc","Volcano Landform":"Composite","Primary Volcano Type":"Stratovolcano","Type Group":"Cone volcanoes","Type Description":"Tall, steep volcanoes often built by alternating lava and ash layers.","Activity Evidence":"Eruption Observed","Activity Class":"Observed eruption","Last Known Eruption":"2009 CE","Eruption Year":2009.0,"Eruption Period":"Since 1900","Elevation (m)":3108,"Elevation Class":"3,000 m and above","Tectonic Setting":"Subduction zone / Continental crust (>25 km)","Tectonic Group":"Subduction","Dominant Rock Type":"Andesite / Basaltic Andesite"}},{"type":"Feature","geometry":{"type":"Point","coordinates":[-152.251,61.299]},"properties":{"Volcano Number":313040,"Volcano Name":"Spurr","Country":"United States","Volcanic Region Group":"North America Volcanic Regions","Volcanic Region":"Alaska Peninsula Volcanic Arc","Volcano Landform":"Composite","Primary Volcano Type":"Stratovolcano","Type Group":"Cone volcanoes","Type Description":"Tall, steep volcanoes often built by alternating lava and ash layers.","Activity Evidence":"Eruption Observed","Activity Class":"Observed eruption","Last Known Eruption":"1992 CE","Eruption Year":1992.0,"Eruption Period":"Since 1900","Elevation (m)":3374,"Elevation Class":"3,000 m and above","Tectonic Setting":"Subduction zone / Continental crust (>25 km)","Tectonic Group":"Subduction","Dominant Rock Type":"Andesite / Basaltic Andesite"}},{"type":"Feature","geometry":{"type":"Point","coordinates":[-152.411,61.64]},"properties":{"Volcano Number":313050,"Volcano Name":"Hayes","Country":"United States","Volcanic Region Group":"North America Volcanic Regions","Volcanic Region":"Alaska Peninsula Volcanic Arc","Volcano Landform":"Composite","Primary Volcano Type":"Stratovolcano","Type Group":"Cone volcanoes","Type Description":"Tall, steep volcanoes often built by alternating lava and ash layers.","Activity Evidence":"Eruption Dated","Activity Class":"Dated eruption","Last Known Eruption":"1200 CE","Eruption Year":1200.0,"Eruption Period":"1-1499 CE","Elevation (m)":3034,"Elevation Class":"3,000 m and above","Tectonic Setting":"Subduction zone / Continental crust (>25 km)","Tectonic Group":"Subduction","Dominant Rock Type":"Dacite"}},{"type":"Feature","geometry":{"type":"Point","coordinates":[-170.213,57.167]},"properties":{"Volcano Number":314010,"Volcano Name":"St. Paul Island","Country":"United States","Volcanic Region Group":"North America Volcanic Regions","Volcanic Region":"Northern Alaska-Bering Sea Volcanic Province","Volcano Landform":"Shield","Primary Volcano Type":"Shield","Type Group":"Shield volcanoes","Type Description":"Broad volcanoes formed by fluid lava flows that can spread far from the vent.","Activity Evidence":"Eruption Dated","Activity Class":"Dated eruption","Last Known Eruption":"1280 BCE","Eruption Year":-1280.0,"Eruption Period":"BCE record","Elevation (m)":203,"Elevation Class":"0-999 m","Tectonic Setting":"Intraplate / Continental crust (>25 km)","Tectonic Group":"Intraplate","Dominant Rock Type":"Trachybasalt / Tephrite Basanite"}},{"type":"Feature","geometry":{"type":"Point","coordinates":[-164.47,61.43]},"properties":{"Volcano Number":314030,"Volcano Name":"Ingakslugwat Hills","Country":"United States","Volcanic Region Group":"North America Volcanic Regions","Volcanic Region":"Northern Alaska-Bering Sea Volcanic Province","Volcano Landform":"Cluster","Primary Volcano Type":"Volcanic field","Type Group":"Volcanic fields","Type Description":"Areas with many vents spread across a wider landscape.","Activity Evidence":"Evidence Credible","Activity Class":"Credible evidence","Last Known Eruption":"Unknown","Eruption Year":null,"Eruption Period":"BCE record","Elevation (m)":190,"Elevation Class":"0-999 m","Tectonic Setting":"Intraplate / Continental crust (>25 km)","Tectonic Group":"Intraplate","Dominant Rock Type":"Basalt / Picro-Basalt"}},{"type":"Feature","geometry":{"type":"Point","coordinates":[-162.12,63.45]},"properties":{"Volcano Number":314040,"Volcano Name":"St. Michael","Country":"United States","Volcanic Region Group":"North America Volcanic Regions","Volcanic Region":"Northern Alaska-Bering Sea Volcanic Province","Volcano Landform":"Cluster","Primary Volcano Type":"Volcanic field","Type Group":"Volcanic fields","Type Description":"Areas with many vents spread across a wider landscape.","Activity Evidence":"Evidence Credible","Activity Class":"Credible evidence","Last Known Eruption":"Unknown","Eruption Year":null,"Eruption Period":"BCE record","Elevation (m)":715,"Elevation Class":"0-999 m","Tectonic Setting":"Intraplate / Continental crust (>25 km)","Tectonic Group":"Intraplate","Dominant Rock Type":"Basalt / Picro-Basalt"}},{"type":"Feature","geometry":{"type":"Point","coordinates":[-163.45,65.517]},"properties":{"Volcano Number":314060,"Volcano Name":"Imuruk Lake","Country":"United States","Volcanic Region Group":"North America Volcanic Regions","Volcanic Region":"Northern Alaska-Bering Sea Volcanic Province","Volcano Landform":"Cluster","Primary Volcano Type":"Volcanic field","Type Group":"Volcanic fields","Type Description":"Areas with many vents spread across a wider landscape.","Activity Evidence":"Eruption Dated","Activity Class":"Dated eruption","Last Known Eruption":"300 CE","Eruption Year":300.0,"Eruption Period":"1-1499 CE","Elevation (m)":610,"Elevation Class":"0-999 m","Tectonic Setting":"Intraplate / Continental crust (>25 km)","Tectonic Group":"Intraplate","Dominant Rock Type":"Basalt / Picro-Basalt"}},{"type":"Feature","geometry":{"type":"Point","coordinates":[-148.4327,64.0616]},"properties":{"Volcano Number":315001,"Volcano Name":"Buzzard Creek","Country":"United States","Volcanic Region Group":"North America Volcanic Regions","Volcanic Region":"Alaska Peninsula Volcanic Arc","Volcano Landform":"Minor (Basaltic)","Primary Volcano Type":"Tuff ring(s)","Type Group":"Other or unknown","Type Description":"The database lists a less common or unspecified volcano form.","Activity Evidence":"Eruption Dated","Activity Class":"Dated eruption","Last Known Eruption":"1050 BCE","Eruption Year":-1050.0,"Eruption Period":"BCE record","Elevation (m)":830,"Elevation Class":"0-999 m","Tectonic Setting":"Subduction zone / Continental crust (>25 km)","Tectonic Group":"Subduction","Dominant Rock Type":"Basalt / Picro-Basalt"}},{"type":"Feature","geometry":{"type":"Point","coordinates":[-144.017,62.006]},"properties":{"Volcano Number":315020,"Volcano Name":"Wrangell","Country":"United States","Volcanic Region Group":"North America Volcanic Regions","Volcanic Region":"Wrangell Volcanic Arc","Volcano Landform":"Shield","Primary Volcano Type":"Shield","Type Group":"Shield volcanoes","Type Description":"Broad volcanoes formed by fluid lava flows that can spread far from the vent.","Activity Evidence":"Eruption Observed","Activity Class":"Observed eruption","Last Known Eruption":"1912 CE","Eruption Year":1912.0,"Eruption Period":"Since 1900","Elevation (m)":4278,"Elevation Class":"3,000 m and above","Tectonic Setting":"Intraplate / Continental crust (>25 km)","Tectonic Group":"Intraplate","Dominant Rock Type":"Andesite / Basaltic Andesite"}},{"type":"Feature","geometry":{"type":"Point","coordinates":[-141.75,61.38]},"properties":{"Volcano Number":315030,"Volcano Name":"Churchill","Country":"United States","Volcanic Region Group":"North America Volcanic Regions","Volcanic Region":"Wrangell Volcanic Arc","Volcano Landform":"Composite","Primary Volcano Type":"Stratovolcano","Type Group":"Cone volcanoes","Type Description":"Tall, steep volcanoes often built by alternating lava and ash layers.","Activity Evidence":"Eruption Dated","Activity Class":"Dated eruption","Last Known Eruption":"847 CE","Eruption Year":847.0,"Eruption Period":"1-1499 CE","Elevation (m)":5005,"Elevation Class":"3,000 m and above","Tectonic Setting":"Intraplate / Continental crust (>25 km)","Tectonic Group":"Intraplate","Dominant Rock Type":"Dacite"}},{"type":"Feature","geometry":{"type":"Point","coordinates":[-135.75,57.05]},"properties":{"Volcano Number":315040,"Volcano Name":"Edgecumbe","Country":"United States","Volcanic Region Group":"North America Volcanic Regions","Volcanic Region":"Queen Charlotte Volcano Group","Volcano Landform":"Cluster","Primary Volcano Type":"Volcanic field","Type Group":"Volcanic fields","Type Description":"Areas with many vents spread across a wider landscape.","Activity Evidence":"Eruption Dated","Activity Class":"Dated eruption","Last Known Eruption":"2080 BCE","Eruption Year":-2080.0,"Eruption Period":"BCE record","Elevation (m)":970,"Elevation Class":"0-999 m","Tectonic Setting":"Intraplate / Continental crust (>25 km)","Tectonic Group":"Intraplate","Dominant Rock Type":"Andesite / Basaltic Andesite"}},{"type":"Feature","geometry":{"type":"Point","coordinates":[-133.1,56.5]},"properties":{"Volcano Number":315050,"Volcano Name":"Duncan Canal","Country":"United States","Volcanic Region Group":"North America Volcanic Regions","Volcanic Region":"Queen Charlotte Volcano Group","Volcano Landform":"Cluster","Primary Volcano Type":"Volcanic field","Type Group":"Volcanic fields","Type Description":"Areas with many vents spread across a wider landscape.","Activity Evidence":"Evidence Credible","Activity Class":"Credible evidence","Last Known Eruption":"Unknown","Eruption Year":null,"Eruption Period":"BCE record","Elevation (m)":15,"Elevation Class":"0-999 m","Tectonic Setting":"Subduction zone / Continental crust (>25 km)","Tectonic Group":"Subduction","Dominant Rock Type":"Basalt / Picro-Basalt"}},{"type":"Feature","geometry":{"type":"Point","coordinates":[-133.3,55.25]},"properties":{"Volcano Number":315060,"Volcano Name":"Tlevak Strait-Suemez Island","Country":"United States","Volcanic Region Group":"North America Volcanic Regions","Volcanic Region":"Queen Charlotte Volcano Group","Volcano Landform":"Cluster","Primary Volcano Type":"Volcanic field","Type Group":"Volcanic fields","Type Description":"Areas with many vents spread across a wider landscape.","Activity Evidence":"Evidence Credible","Activity Class":"Credible evidence","Last Known Eruption":"Unknown","Eruption Year":null,"Eruption Period":"BCE record","Elevation (m)":50,"Elevation Class":"0-999 m","Tectonic Setting":"Subduction zone / Continental crust (>25 km)","Tectonic Group":"Subduction","Dominant Rock Type":"Basalt / Picro-Basalt"}},{"type":"Feature","geometry":{"type":"Point","coordinates":[-131.0,55.35]},"properties":{"Volcano Number":315070,"Volcano Name":"Behm Canal-Rudyerd Bay","Country":"United States","Volcanic Region Group":"North America Volcanic Regions","Volcanic Region":"Northern Cordilleran Volcanic Province","Volcano Landform":"Cluster","Primary Volcano Type":"Volcanic field","Type Group":"Volcanic fields","Type Description":"Areas with many vents spread across a wider landscape.","Activity Evidence":"Evidence Uncertain","Activity Class":"Uncertain evidence","Last Known Eruption":"Unknown","Eruption Year":null,"Eruption Period":"BCE record","Elevation (m)":500,"Elevation Class":"0-999 m","Tectonic Setting":"Intraplate / Continental crust (>25 km)","Tectonic Group":"Intraplate","Dominant Rock Type":"Basalt / Picro-Basalt"}},{"type":"Feature","geometry":{"type":"Point","coordinates":[-137.38,62.93]},"properties":{"Volcano Number":320010,"Volcano Name":"Fort Selkirk","Country":"Canada","Volcanic Region Group":"North America Volcanic Regions","Volcanic Region":"Northern Cordilleran Volcanic Province","Volcano Landform":"Cluster","Primary Volcano Type":"Volcanic field","Type Group":"Volcanic fields","Type Description":"Areas with many vents spread across a wider landscape.","Activity Evidence":"Evidence Uncertain","Activity Class":"Uncertain evidence","Last Known Eruption":"Unknown","Eruption Year":null,"Eruption Period":"BCE record","Elevation (m)":1239,"Elevation Class":"1,000-2,999 m","Tectonic Setting":"Intraplate / Continental crust (>25 km)","Tectonic Group":"Intraplate","Dominant Rock Type":"Trachybasalt / Tephrite Basanite"}},{"type":"Feature","geometry":{"type":"Point","coordinates":[-135.42,60.42]},"properties":{"Volcano Number":320020,"Volcano Name":"Alligator Lake","Country":"Canada","Volcanic Region Group":"North America Volcanic Regions","Volcanic Region":"Northern Cordilleran Volcanic Province","Volcano Landform":"Cluster","Primary Volcano Type":"Volcanic field","Type Group":"Volcanic fields","Type Description":"Areas with many vents spread across a wider landscape.","Activity Evidence":"Evidence Credible","Activity Class":"Credible evidence","Last Known Eruption":"Unknown","Eruption Year":null,"Eruption Period":"BCE record","Elevation (m)":2217,"Elevation Class":"1,000-2,999 m","Tectonic Setting":"Intraplate / Continental crust (>25 km)","Tectonic Group":"Intraplate","Dominant Rock Type":"Basalt / Picro-Basalt"}},{"type":"Feature","geometry":{"type":"Point","coordinates":[-133.358,59.708]},"properties":{"Volcano Number":320030,"Volcano Name":"Atlin Volcanic Field","Country":"Canada","Volcanic Region Group":"North America Volcanic Regions","Volcanic Region":"Northern Cordilleran Volcanic Province","Volcano Landform":"Cluster","Primary Volcano Type":"Pyroclastic cone(s)","Type Group":"Small cones","Type Description":"Smaller volcanic cones or explosion craters formed by ash, cinders, or steam blasts.","Activity Evidence":"Evidence Credible","Activity Class":"Credible evidence","Last Known Eruption":"Unknown","Eruption Year":null,"Eruption Period":"BCE record","Elevation (m)":1880,"Elevation Class":"1,000-2,999 m","Tectonic Setting":"Intraplate / Continental crust (>25 km)","Tectonic Group":"Intraplate","Dominant Rock Type":"Trachybasalt / Tephrite Basanite"}},{"type":"Feature","geometry":{"type":"Point","coordinates":[-130.58,59.37]},"properties":{"Volcano Number":320031,"Volcano Name":"Tuya Volcanic Field","Country":"Canada","Volcanic Region Group":"North America Volcanic Regions","Volcanic Region":"Northern Cordilleran Volcanic Province","Volcano Landform":"Cluster","Primary Volcano Type":"Volcanic field","Type Group":"Volcanic fields","Type Description":"Areas with many vents spread across a wider landscape.","Activity Evidence":"Evidence Credible","Activity Class":"Credible evidence","Last Known Eruption":"Unknown","Eruption Year":null,"Eruption Period":"BCE record","Elevation (m)":2123,"Elevation Class":"1,000-2,999 m","Tectonic Setting":"Intraplate / Continental crust (>25 km)","Tectonic Group":"Intraplate","Dominant Rock Type":"Basalt / Picro-Basalt"}},{"type":"Feature","geometry":{"type":"Point","coordinates":[-131.97,58.6]},"properties":{"Volcano Number":320040,"Volcano Name":"Heart Peaks","Country":"Canada","Volcanic Region Group":"North America Volcanic Regions","Volcanic Region":"Northern Cordilleran Volcanic Province","Volcano Landform":"Shield","Primary Volcano Type":"Shield","Type Group":"Shield volcanoes","Type Description":"Broad volcanoes formed by fluid lava flows that can spread far from the vent.","Activity Evidence":"Evidence Uncertain","Activity Class":"Uncertain evidence","Last Known Eruption":"Unknown","Eruption Year":null,"Eruption Period":"BCE record","Elevation (m)":2012,"Elevation Class":"1,000-2,999 m","Tectonic Setting":"Intraplate / Continental crust (>25 km)","Tectonic Group":"Intraplate","Dominant Rock Type":"Basalt / Picro-Basalt"}},{"type":"Feature","geometry":{"type":"Point","coordinates":[-131.35,58.42]},"properties":{"Volcano Number":320050,"Volcano Name":"Level Mountain","Country":"Canada","Volcanic Region Group":"North America Volcanic Regions","Volcanic Region":"Northern Cordilleran Volcanic Province","Volcano Landform":"Shield","Primary Volcano Type":"Shield","Type Group":"Shield volcanoes","Type Description":"Broad volcanoes formed by fluid lava flows that can spread far from the vent.","Activity Evidence":"Evidence Uncertain","Activity Class":"Uncertain evidence","Last Known Eruption":"Unknown","Eruption Year":null,"Eruption Period":"BCE record","Elevation (m)":2164,"Elevation Class":"1,000-2,999 m","Tectonic Setting":"Intraplate / Continental crust (>25 km)","Tectonic Group":"Intraplate","Dominant Rock Type":"Trachyte / Trachydacite"}},{"type":"Feature","geometry":{"type":"Point","coordinates":[-130.63,57.72]},"properties":{"Volcano Number":320060,"Volcano Name":"Edziza","Country":"Canada","Volcanic Region Group":"North America Volcanic Regions","Volcanic Region":"Northern Cordilleran Volcanic Province","Volcano Landform":"Composite","Primary Volcano Type":"Stratovolcano","Type Group":"Cone volcanoes","Type Description":"Tall, steep volcanoes often built by alternating lava and ash layers.","Activity Evidence":"Eruption Dated","Activity Class":"Dated eruption","Last Known Eruption":"950 CE","Eruption Year":950.0,"Eruption Period":"1-1499 CE","Elevation (m)":2786,"Elevation Class":"1,000-2,999 m","Tectonic Setting":"Intraplate / Continental crust (>25 km)","Tectonic Group":"Intraplate","Dominant Rock Type":"Trachyte / Trachydacite"}},{"type":"Feature","geometry":{"type":"Point","coordinates":[-130.68,57.43]},"properties":{"Volcano Number":320070,"Volcano Name":"Spectrum Range","Country":"Canada","Volcanic Region Group":"North America Volcanic Regions","Volcanic Region":"Northern Cordilleran Volcanic Province","Volcano Landform":"Shield","Primary Volcano Type":"Shield","Type Group":"Shield volcanoes","Type Description":"Broad volcanoes formed by fluid lava flows that can spread far from the vent.","Activity Evidence":"Evidence Credible","Activity Class":"Credible evidence","Last Known Eruption":"Unknown","Eruption Year":null,"Eruption Period":"BCE record","Elevation (m)":2430,"Elevation Class":"1,000-2,999 m","Tectonic Setting":"Intraplate / Continental crust (>25 km)","Tectonic Group":"Intraplate","Dominant Rock Type":"Rhyolite"}},{"type":"Feature","geometry":{"type":"Point","coordinates":[-131.28,56.78]},"properties":{"Volcano Number":320080,"Volcano Name":"Hoodoo Mountain","Country":"Canada","Volcanic Region Group":"North America Volcanic Regions","Volcanic Region":"Northern Cordilleran Volcanic Province","Volcano Landform":"Minor","Primary Volcano Type":"Pyroclastic cone(s)","Type Group":"Small cones","Type Description":"Smaller volcanic cones or explosion craters formed by ash, cinders, or steam blasts.","Activity Evidence":"Eruption Dated","Activity Class":"Dated eruption","Last Known Eruption":"7050 BCE","Eruption Year":-7050.0,"Eruption Period":"BCE record","Elevation (m)":1850,"Elevation Class":"1,000-2,999 m","Tectonic Setting":"Intraplate / Continental crust (>25 km)","Tectonic Group":"Intraplate","Dominant Rock Type":"Phonolite"}},{"type":"Feature","geometry":{"type":"Point","coordinates":[-130.75,56.567]},"properties":{"Volcano Number":320090,"Volcano Name":"Iskut-Unuk River Cones","Country":"Canada","Volcanic Region Group":"North America Volcanic Regions","Volcanic Region":"Northern Cordilleran Volcanic Province","Volcano Landform":"Cluster","Primary Volcano Type":"Pyroclastic cone(s)","Type Group":"Small cones","Type Description":"Smaller volcanic cones or explosion craters formed by ash, cinders, or steam blasts.","Activity Evidence":"Eruption Dated","Activity Class":"Dated eruption","Last Known Eruption":"1800 CE","Eruption Year":1800.0,"Eruption Period":"1500-1899","Elevation (m)":1880,"Elevation Class":"1,000-2,999 m","Tectonic Setting":"Intraplate / Continental crust (>25 km)","Tectonic Group":"Intraplate","Dominant Rock Type":"Basalt / Picro-Basalt"}},{"type":"Feature","geometry":{"type":"Point","coordinates":[-128.8991,55.1109]},"properties":{"Volcano Number":320100,"Volcano Name":"Tseax River Cone","Country":"Canada","Volcanic Region Group":"North America Volcanic Regions","Volcanic Region":"Northern Cordilleran Volcanic Province","Volcano Landform":"Minor (Basaltic)","Primary Volcano Type":"Pyroclastic cone","Type Group":"Other or unknown","Type Description":"The database lists a less common or unspecified volcano form.","Activity Evidence":"Eruption Dated","Activity Class":"Dated eruption","Last Known Eruption":"1690 CE","Eruption Year":1690.0,"Eruption Period":"1500-1899","Elevation (m)":612,"Elevation Class":"0-999 m","Tectonic Setting":"Intraplate / Continental crust (>25 km)","Tectonic Group":"Intraplate","Dominant Rock Type":"Basalt / Picro-Basalt"}},{"type":"Feature","geometry":{"type":"Point","coordinates":[-130.23,54.7]},"properties":{"Volcano Number":320110,"Volcano Name":"Crow Lagoon","Country":"Canada","Volcanic Region Group":"North America Volcanic Regions","Volcanic Region":"Northern Cordilleran Volcanic Province","Volcano Landform":"Minor","Primary Volcano Type":"Pyroclastic cone","Type Group":"Other or unknown","Type Description":"The database lists a less common or unspecified volcano form.","Activity Evidence":"Evidence Credible","Activity Class":"Credible evidence","Last Known Eruption":"Unknown","Eruption Year":null,"Eruption Period":"BCE record","Elevation (m)":335,"Elevation Class":"0-999 m","Tectonic Setting":"Intraplate / Continental crust (>25 km)","Tectonic Group":"Intraplate","Dominant Rock Type":"Basalt / Picro-Basalt"}},{"type":"Feature","geometry":{"type":"Point","coordinates":[-128.723,52.498]},"properties":{"Volcano Number":320120,"Volcano Name":"Milbanke Sound Group","Country":"Canada","Volcanic Region Group":"North America Volcanic Regions","Volcanic Region":"Queen Charlotte Volcano Group","Volcano Landform":"Minor (Basaltic)","Primary Volcano Type":"Pyroclastic cone(s)","Type Group":"Small cones","Type Description":"Smaller volcanic cones or explosion craters formed by ash, cinders, or steam blasts.","Activity Evidence":"Evidence Credible","Activity Class":"Credible evidence","Last Known Eruption":"Unknown","Eruption Year":null,"Eruption Period":"BCE record","Elevation (m)":233,"Elevation Class":"0-999 m","Tectonic Setting":"Intraplate / Continental crust (>25 km)","Tectonic Group":"Intraplate","Dominant Rock Type":"Basalt / Picro-Basalt"}},{"type":"Feature","geometry":{"type":"Point","coordinates":[-123.732,52.928]},"properties":{"Volcano Number":320140,"Volcano Name":"Nazko","Country":"Canada","Volcanic Region Group":"North America Volcanic Regions","Volcanic Region":"Interior Western Canada Volcanic Province","Volcano Landform":"Minor (Basaltic)","Primary Volcano Type":"Pyroclastic cone(s)","Type Group":"Small cones","Type Description":"Smaller volcanic cones or explosion craters formed by ash, cinders, or steam blasts.","Activity Evidence":"Eruption Dated","Activity Class":"Dated eruption","Last Known Eruption":"5220 BCE","Eruption Year":-5220.0,"Eruption Period":"BCE record","Elevation (m)":1238,"Elevation Class":"1,000-2,999 m","Tectonic Setting":"Intraplate / Continental crust (>25 km)","Tectonic Group":"Intraplate","Dominant Rock Type":"Trachybasalt / Tephrite Basanite"}},{"type":"Feature","geometry":{"type":"Point","coordinates":[-120.1125,52.0306]},"properties":{"Volcano Number":320150,"Volcano Name":"Wells Gray-Clearwater","Country":"Canada","Volcanic Region Group":"North America Volcanic Regions","Volcanic Region":"Interior Western Canada Volcanic Province","Volcano Landform":"Cluster","Primary Volcano Type":"Volcanic field","Type Group":"Volcanic fields","Type Description":"Areas with many vents spread across a wider landscape.","Activity Evidence":"Eruption Dated","Activity Class":"Dated eruption","Last Known Eruption":"1550 CE","Eruption Year":1550.0,"Eruption Period":"1500-1899","Elevation (m)":950,"Elevation Class":"0-999 m","Tectonic Setting":"Intraplate / Continental crust (>25 km)","Tectonic Group":"Intraplate","Dominant Rock Type":"Basalt / Picro-Basalt"}},{"type":"Feature","geometry":{"type":"Point","coordinates":[-126.1133,51.5179]},"properties":{"Volcano Number":320160,"Volcano Name":"Silverthrone","Country":"Canada","Volcanic Region Group":"North America Volcanic Regions","Volcanic Region":"Garibaldi Volcanic Arc","Volcano Landform":"Composite","Primary Volcano Type":"Caldera","Type Group":"Calderas","Type Description":"Large collapse basins that can form after major eruptions empty magma chambers.","Activity Evidence":"Evidence Credible","Activity Class":"Credible evidence","Last Known Eruption":"Unknown","Eruption Year":null,"Eruption Period":"BCE record","Elevation (m)":2860,"Elevation Class":"1,000-2,999 m","Tectonic Setting":"Subduction zone / Continental crust (>25 km)","Tectonic Group":"Subduction","Dominant Rock Type":"Andesite / Basaltic Andesite"}},{"type":"Feature","geometry":{"type":"Point","coordinates":[-123.4,50.8]},"properties":{"Volcano Number":320170,"Volcano Name":"Bridge River Cones","Country":"Canada","Volcanic Region Group":"North America Volcanic Regions","Volcanic Region":"Garibaldi Volcanic Arc","Volcano Landform":"Cluster","Primary Volcano Type":"Volcanic field","Type Group":"Volcanic fields","Type Description":"Areas with many vents spread across a wider landscape.","Activity Evidence":"Evidence Credible","Activity Class":"Credible evidence","Last Known Eruption":"Unknown","Eruption Year":null,"Eruption Period":"BCE record","Elevation (m)":2500,"Elevation Class":"1,000-2,999 m","Tectonic Setting":"Subduction zone / Continental crust (>25 km)","Tectonic Group":"Subduction","Dominant Rock Type":"Basalt / Picro-Basalt"}},{"type":"Feature","geometry":{"type":"Point","coordinates":[-123.5,50.63]},"properties":{"Volcano Number":320180,"Volcano Name":"Meager","Country":"Canada","Volcanic Region Group":"North America Volcanic Regions","Volcanic Region":"Garibaldi Volcanic Arc","Volcano Landform":"Composite","Primary Volcano Type":"Complex","Type Group":"Complex volcanoes","Type Description":"Volcanoes with multiple vents, cones, or overlapping eruptive centers.","Activity Evidence":"Eruption Dated","Activity Class":"Dated eruption","Last Known Eruption":"410 BCE","Eruption Year":-410.0,"Eruption Period":"BCE record","Elevation (m)":2680,"Elevation Class":"1,000-2,999 m","Tectonic Setting":"Subduction zone / Continental crust (>25 km)","Tectonic Group":"Subduction","Dominant Rock Type":"Dacite"}},{"type":"Feature","geometry":{"type":"Point","coordinates":[-123.0,49.933]},"properties":{"Volcano Number":320190,"Volcano Name":"Garibaldi Lake","Country":"Canada","Volcanic Region Group":"North America Volcanic Regions","Volcanic Region":"Garibaldi Volcanic Arc","Volcano Landform":"Cluster","Primary Volcano Type":"Volcanic field","Type Group":"Volcanic fields","Type Description":"Areas with many vents spread across a wider landscape.","Activity Evidence":"Evidence Credible","Activity Class":"Credible evidence","Last Known Eruption":"Unknown","Eruption Year":null,"Eruption Period":"BCE record","Elevation (m)":2316,"Elevation Class":"1,000-2,999 m","Tectonic Setting":"Subduction zone / Continental crust (>25 km)","Tectonic Group":"Subduction","Dominant Rock Type":"Andesite / Basaltic Andesite"}},{"type":"Feature","geometry":{"type":"Point","coordinates":[-123.0,49.85]},"properties":{"Volcano Number":320200,"Volcano Name":"Garibaldi","Country":"Canada","Volcanic Region Group":"North America Volcanic Regions","Volcanic Region":"Garibaldi Volcanic Arc","Volcano Landform":"Composite","Primary Volcano Type":"Stratovolcano","Type Group":"Cone volcanoes","Type Description":"Tall, steep volcanoes often built by alternating lava and ash layers.","Activity Evidence":"Eruption Dated","Activity Class":"Dated eruption","Last Known Eruption":"8060 BCE","Eruption Year":-8060.0,"Eruption Period":"BCE record","Elevation (m)":2678,"Elevation Class":"1,000-2,999 m","Tectonic Setting":"Subduction zone / Continental crust (>25 km)","Tectonic Group":"Subduction","Dominant Rock Type":"Dacite"}},{"type":"Feature","geometry":{"type":"Point","coordinates":[-123.28,50.12]},"properties":{"Volcano Number":320811,"Volcano Name":"Cayley Volcanic Field","Country":"Canada","Volcanic Region Group":"North America Volcanic Regions","Volcanic Region":"Garibaldi Volcanic Arc","Volcano Landform":"Cluster","Primary Volcano Type":"Volcanic field","Type Group":"Volcanic fields","Type Description":"Areas with many vents spread across a wider landscape.","Activity Evidence":"Evidence Credible","Activity Class":"Credible evidence","Last Known Eruption":"Unknown","Eruption Year":null,"Eruption Period":"BCE record","Elevation (m)":2375,"Elevation Class":"1,000-2,999 m","Tectonic Setting":"Subduction zone / Continental crust (>25 km)","Tectonic Group":"Subduction","Dominant Rock Type":"Andesite / Basaltic Andesite"}},{"type":"Feature","geometry":{"type":"Point","coordinates":[-121.813,48.777]},"properties":{"Volcano Number":321010,"Volcano Name":"Baker","Country":"United States","Volcanic Region Group":"North America Volcanic Regions","Volcanic Region":"Garibaldi Volcanic Arc","Volcano Landform":"Composite","Primary Volcano Type":"Stratovolcano(es)","Type Group":"Cone volcanoes","Type Description":"Tall, steep volcanoes often built by alternating lava and ash layers.","Activity Evidence":"Eruption Observed","Activity Class":"Observed eruption","Last Known Eruption":"1880 CE","Eruption Year":1880.0,"Eruption Period":"1500-1899","Elevation (m)":3285,"Elevation Class":"3,000 m and above","Tectonic Setting":"Subduction zone / Continental crust (>25 km)","Tectonic Group":"Subduction","Dominant Rock Type":"Andesite / Basaltic Andesite"}},{"type":"Feature","geometry":{"type":"Point","coordinates":[-121.113,48.112]},"properties":{"Volcano Number":321020,"Volcano Name":"Glacier Peak","Country":"United States","Volcanic Region Group":"North America Volcanic Regions","Volcanic Region":"Garibaldi Volcanic Arc","Volcano Landform":"Composite","Primary Volcano Type":"Stratovolcano","Type Group":"Cone volcanoes","Type Description":"Tall, steep volcanoes often built by alternating lava and ash layers.","Activity Evidence":"Eruption Dated","Activity Class":"Dated eruption","Last Known Eruption":"1700 CE","Eruption Year":1700.0,"Eruption Period":"1500-1899","Elevation (m)":3213,"Elevation Class":"3,000 m and above","Tectonic Setting":"Subduction zone / Continental crust (>25 km)","Tectonic Group":"Subduction","Dominant Rock Type":"Dacite"}},{"type":"Feature","geometry":{"type":"Point","coordinates":[-121.76,46.853]},"properties":{"Volcano Number":321030,"Volcano Name":"Rainier","Country":"United States","Volcanic Region Group":"North America Volcanic Regions","Volcanic Region":"High Cascades Volcanic Arc","Volcano Landform":"Composite","Primary Volcano Type":"Stratovolcano","Type Group":"Cone volcanoes","Type Description":"Tall, steep volcanoes often built by alternating lava and ash layers.","Activity Evidence":"Eruption Dated","Activity Class":"Dated eruption","Last Known Eruption":"1450 CE","Eruption Year":1450.0,"Eruption Period":"1-1499 CE","Elevation (m)":4392,"Elevation Class":"3,000 m and above","Tectonic Setting":"Subduction zone / Continental crust (>25 km)","Tectonic Group":"Subduction","Dominant Rock Type":"Andesite / Basaltic Andesite"}},{"type":"Feature","geometry":{"type":"Point","coordinates":[-121.49,46.206]},"properties":{"Volcano Number":321040,"Volcano Name":"Adams","Country":"United States","Volcanic Region Group":"North America Volcanic Regions","Volcanic Region":"High Cascades Volcanic Arc","Volcano Landform":"Composite","Primary Volcano Type":"Stratovolcano","Type Group":"Cone volcanoes","Type Description":"Tall, steep volcanoes often built by alternating lava and ash layers.","Activity Evidence":"Eruption Dated","Activity Class":"Dated eruption","Last Known Eruption":"950 CE","Eruption Year":950.0,"Eruption Period":"1-1499 CE","Elevation (m)":3742,"Elevation Class":"3,000 m and above","Tectonic Setting":"Subduction zone / Continental crust (>25 km)","Tectonic Group":"Subduction","Dominant Rock Type":"Andesite / Basaltic Andesite"}},{"type":"Feature","geometry":{"type":"Point","coordinates":[-122.18,46.2]},"properties":{"Volcano Number":321050,"Volcano Name":"St. Helens","Country":"United States","Volcanic Region Group":"North America Volcanic Regions","Volcanic Region":"High Cascades Volcanic Arc","Volcano Landform":"Composite","Primary Volcano Type":"Stratovolcano","Type Group":"Cone volcanoes","Type Description":"Tall, steep volcanoes often built by alternating lava and ash layers.","Activity Evidence":"Eruption Observed","Activity Class":"Observed eruption","Last Known Eruption":"2008 CE","Eruption Year":2008.0,"Eruption Period":"Since 1900","Elevation (m)":2549,"Elevation Class":"1,000-2,999 m","Tectonic Setting":"Subduction zone / Continental crust (>25 km)","Tectonic Group":"Subduction","Dominant Rock Type":"Dacite"}},{"type":"Feature","geometry":{"type":"Point","coordinates":[-122.08,45.88]},"properties":{"Volcano Number":321060,"Volcano Name":"West Crater","Country":"United States","Volcanic Region Group":"North America Volcanic Regions","Volcanic Region":"High Cascades Volcanic Arc","Volcano Landform":"Cluster","Primary Volcano Type":"Volcanic field","Type Group":"Volcanic fields","Type Description":"Areas with many vents spread across a wider landscape.","Activity Evidence":"Eruption Dated","Activity Class":"Dated eruption","Last Known Eruption":"5750 BCE","Eruption Year":-5750.0,"Eruption Period":"BCE record","Elevation (m)":1329,"Elevation Class":"1,000-2,999 m","Tectonic Setting":"Subduction zone / Continental crust (>25 km)","Tectonic Group":"Subduction","Dominant Rock Type":"Andesite / Basaltic Andesite"}},{"type":"Feature","geometry":{"type":"Point","coordinates":[-121.82,45.93]},"properties":{"Volcano Number":321070,"Volcano Name":"Indian Heaven","Country":"United States","Volcanic Region Group":"North America Volcanic Regions","Volcanic Region":"High Cascades Volcanic Arc","Volcano Landform":"Cluster","Primary Volcano Type":"Volcanic field","Type Group":"Volcanic fields","Type Description":"Areas with many vents spread across a wider landscape.","Activity Evidence":"Eruption Dated","Activity Class":"Dated eruption","Last Known Eruption":"6250 BCE","Eruption Year":-6250.0,"Eruption Period":"BCE record","Elevation (m)":1806,"Elevation Class":"1,000-2,999 m","Tectonic Setting":"Subduction zone / Continental crust (>25 km)","Tectonic Group":"Subduction","Dominant Rock Type":"Basalt / Picro-Basalt"}},{"type":"Feature","geometry":{"type":"Point","coordinates":[-121.695,45.374]},"properties":{"Volcano Number":322010,"Volcano Name":"Hood","Country":"United States","Volcanic Region Group":"North America Volcanic Regions","Volcanic Region":"High Cascades Volcanic Arc","Volcano Landform":"Composite","Primary Volcano Type":"Stratovolcano","Type Group":"Cone volcanoes","Type Description":"Tall, steep volcanoes often built by alternating lava and ash layers.","Activity Evidence":"Eruption Observed","Activity Class":"Observed eruption","Last Known Eruption":"1866 CE","Eruption Year":1866.0,"Eruption Period":"1500-1899","Elevation (m)":3426,"Elevation Class":"3,000 m and above","Tectonic Setting":"Subduction zone / Continental crust (>25 km)","Tectonic Group":"Subduction","Dominant Rock Type":"Andesite / Basaltic Andesite"}},{"type":"Feature","geometry":{"type":"Point","coordinates":[-121.8,44.674]},"properties":{"Volcano Number":322020,"Volcano Name":"Jefferson","Country":"United States","Volcanic Region Group":"North America Volcanic Regions","Volcanic Region":"High Cascades Volcanic Arc","Volcano Landform":"Composite","Primary Volcano Type":"Stratovolcano","Type Group":"Cone volcanoes","Type Description":"Tall, steep volcanoes often built by alternating lava and ash layers.","Activity Evidence":"Eruption Dated","Activity Class":"Dated eruption","Last Known Eruption":"950 CE","Eruption Year":950.0,"Eruption Period":"1-1499 CE","Elevation (m)":3199,"Elevation Class":"3,000 m and above","Tectonic Setting":"Subduction zone / Continental crust (>25 km)","Tectonic Group":"Subduction","Dominant Rock Type":"Andesite / Basaltic Andesite"}},{"type":"Feature","geometry":{"type":"Point","coordinates":[-121.7686,44.4125]},"properties":{"Volcano Number":322030,"Volcano Name":"Blue Lake Crater","Country":"United States","Volcanic Region Group":"North America Volcanic Regions","Volcanic Region":"High Cascades Volcanic Arc","Volcano Landform":"Minor (Basaltic)","Primary Volcano Type":"Maar","Type Group":"Other or unknown","Type Description":"The database lists a less common or unspecified volcano form.","Activity Evidence":"Eruption Dated","Activity Class":"Dated eruption","Last Known Eruption":"680 CE","Eruption Year":680.0,"Eruption Period":"1-1499 CE","Elevation (m)":1136,"Elevation Class":"1,000-2,999 m","Tectonic Setting":"Subduction zone / Continental crust (>25 km)","Tectonic Group":"Subduction","Dominant Rock Type":"Basalt / Picro-Basalt"}},{"type":"Feature","geometry":{"type":"Point","coordinates":[-121.93,44.38]},"properties":{"Volcano Number":322040,"Volcano Name":"Sand Mountain Field","Country":"United States","Volcanic Region Group":"North America Volcanic Regions","Volcanic Region":"High Cascades Volcanic Arc","Volcano Landform":"Cluster","Primary Volcano Type":"Volcanic field","Type Group":"Volcanic fields","Type Description":"Areas with many vents spread across a wider landscape.","Activity Evidence":"Eruption Dated","Activity Class":"Dated eruption","Last Known Eruption":"950 BCE","Eruption Year":-950.0,"Eruption Period":"BCE record","Elevation (m)":1664,"Elevation Class":"1,000-2,999 m","Tectonic Setting":"Subduction zone / Continental crust (>25 km)","Tectonic Group":"Subduction","Dominant Rock Type":"Basalt / Picro-Basalt"}},{"type":"Feature","geometry":{"type":"Point","coordinates":[-121.8423,44.285]},"properties":{"Volcano Number":322060,"Volcano Name":"Belknap","Country":"United States","Volcanic Region Group":"North America Volcanic Regions","Volcanic Region":"High Cascades Volcanic Arc","Volcano Landform":"Shield","Primary Volcano Type":"Shield(s)","Type Group":"Shield volcanoes","Type Description":"Broad volcanoes formed by fluid lava flows that can spread far from the vent.","Activity Evidence":"Eruption Dated","Activity Class":"Dated eruption","Last Known Eruption":"475 CE","Eruption Year":475.0,"Eruption Period":"1-1499 CE","Elevation (m)":2094,"Elevation Class":"1,000-2,999 m","Tectonic Setting":"Subduction zone / Continental crust (>25 km)","Tectonic Group":"Subduction","Dominant Rock Type":"Andesite / Basaltic Andesite"}},{"type":"Feature","geometry":{"type":"Point","coordinates":[-121.767,44.133]},"properties":{"Volcano Number":322070,"Volcano Name":"Three Sisters","Country":"United States","Volcanic Region Group":"North America Volcanic Regions","Volcanic Region":"High Cascades Volcanic Arc","Volcano Landform":"Composite","Primary Volcano Type":"Complex","Type Group":"Complex volcanoes","Type Description":"Volcanoes with multiple vents, cones, or overlapping eruptive centers.","Activity Evidence":"Eruption Dated","Activity Class":"Dated eruption","Last Known Eruption":"439 CE","Eruption Year":439.0,"Eruption Period":"1-1499 CE","Elevation (m)":3159,"Elevation Class":"3,000 m and above","Tectonic Setting":"Subduction zone / Continental crust (>25 km)","Tectonic Group":"Subduction","Dominant Rock Type":"Andesite / Basaltic Andesite"}},{"type":"Feature","geometry":{"type":"Point","coordinates":[-121.688,43.979]},"properties":{"Volcano Number":322090,"Volcano Name":"Bachelor","Country":"United States","Volcanic Region Group":"North America Volcanic Regions","Volcanic Region":"High Cascades Volcanic Arc","Volcano Landform":"Composite","Primary Volcano Type":"Stratovolcano","Type Group":"Cone volcanoes","Type Description":"Tall, steep volcanoes often built by alternating lava and ash layers.","Activity Evidence":"Eruption Dated","Activity Class":"Dated eruption","Last Known Eruption":"5800 BCE","Eruption Year":-5800.0,"Eruption Period":"BCE record","Elevation (m)":2763,"Elevation Class":"1,000-2,999 m","Tectonic Setting":"Subduction zone / Continental crust (>25 km)","Tectonic Group":"Subduction","Dominant Rock Type":"Andesite / Basaltic Andesite"}},{"type":"Feature","geometry":{"type":"Point","coordinates":[-121.82,43.57]},"properties":{"Volcano Number":322100,"Volcano Name":"Davis Lake","Country":"United States","Volcanic Region Group":"North America Volcanic Regions","Volcanic Region":"High Cascades Volcanic Arc","Volcano Landform":"Cluster","Primary Volcano Type":"Volcanic field","Type Group":"Volcanic fields","Type Description":"Areas with many vents spread across a wider landscape.","Activity Evidence":"Eruption Dated","Activity Class":"Dated eruption","Last Known Eruption":"2790 BCE","Eruption Year":-2790.0,"Eruption Period":"BCE record","Elevation (m)":2163,"Elevation Class":"1,000-2,999 m","Tectonic Setting":"Subduction zone / Continental crust (>25 km)","Tectonic Group":"Subduction","Dominant Rock Type":"Andesite / Basaltic Andesite"}},{"type":"Feature","geometry":{"type":"Point","coordinates":[-121.229,43.722]},"properties":{"Volcano Number":322110,"Volcano Name":"Newberry","Country":"United States","Volcanic Region Group":"North America Volcanic Regions","Volcanic Region":"High Cascades Volcanic Arc","Volcano Landform":"Shield","Primary Volcano Type":"Shield","Type Group":"Shield volcanoes","Type Description":"Broad volcanoes formed by fluid lava flows that can spread far from the vent.","Activity Evidence":"Eruption Dated","Activity Class":"Dated eruption","Last Known Eruption":"690 CE","Eruption Year":690.0,"Eruption Period":"1-1499 CE","Elevation (m)":2434,"Elevation Class":"1,000-2,999 m","Tectonic Setting":"Subduction zone / Continental crust (>25 km)","Tectonic Group":"Subduction","Dominant Rock Type":"Andesite / Basaltic Andesite"}},{"type":"Feature","geometry":{"type":"Point","coordinates":[-120.861,43.512]},"properties":{"Volcano Number":322120,"Volcano Name":"Devils Garden","Country":"United States","Volcanic Region Group":"North America Volcanic Regions","Volcanic Region":"High Lava Plains Volcanic Province","Volcano Landform":"Cluster","Primary Volcano Type":"Volcanic field","Type Group":"Volcanic fields","Type Description":"Areas with many vents spread across a wider landscape.","Activity Evidence":"Evidence Uncertain","Activity Class":"Uncertain evidence","Last Known Eruption":"Unknown","Eruption Year":null,"Eruption Period":"BCE record","Elevation (m)":1698,"Elevation Class":"1,000-2,999 m","Tectonic Setting":"Rift zone / Continental crust (>25 km)","Tectonic Group":"Rift","Dominant Rock Type":"Basalt / Picro-Basalt"}},{"type":"Feature","geometry":{"type":"Point","coordinates":[-122.1111,43.2411]},"properties":{"Volcano Number":322150,"Volcano Name":"Cinnamon Butte","Country":"United States","Volcanic Region Group":"North America Volcanic Regions","Volcanic Region":"High Cascades Volcanic Arc","Volcano Landform":"Minor (Basaltic)","Primary Volcano Type":"Pyroclastic cone(s)","Type Group":"Small cones","Type Description":"Smaller volcanic cones or explosion craters formed by ash, cinders, or steam blasts.","Activity Evidence":"Evidence Uncertain","Activity Class":"Uncertain evidence","Last Known Eruption":"Unknown","Eruption Year":null,"Eruption Period":"BCE record","Elevation (m)":1958,"Elevation Class":"1,000-2,999 m","Tectonic Setting":"Subduction zone / Continental crust (>25 km)","Tectonic Group":"Subduction","Dominant Rock Type":"Basalt / Picro-Basalt"}},{"type":"Feature","geometry":{"type":"Point","coordinates":[-122.107,42.942]},"properties":{"Volcano Number":322160,"Volcano Name":"Crater Lake","Country":"United States","Volcanic Region Group":"North America Volcanic Regions","Volcanic Region":"High Cascades Volcanic Arc","Volcano Landform":"Caldera","Primary Volcano Type":"Caldera","Type Group":"Calderas","Type Description":"Large collapse basins that can form after major eruptions empty magma chambers.","Activity Evidence":"Eruption Dated","Activity Class":"Dated eruption","Last Known Eruption":"2850 BCE","Eruption Year":-2850.0,"Eruption Period":"BCE record","Elevation (m)":2487,"Elevation Class":"1,000-2,999 m","Tectonic Setting":"Subduction zone / Continental crust (>25 km)","Tectonic Group":"Subduction","Dominant Rock Type":"Dacite"}},{"type":"Feature","geometry":{"type":"Point","coordinates":[-118.75,43.1]},"properties":{"Volcano Number":322170,"Volcano Name":"Diamond Craters","Country":"United States","Volcanic Region Group":"North America Volcanic Regions","Volcanic Region":"High Lava Plains Volcanic Province","Volcano Landform":"Cluster","Primary Volcano Type":"Volcanic field","Type Group":"Volcanic fields","Type Description":"Areas with many vents spread across a wider landscape.","Activity Evidence":"Eruption Dated","Activity Class":"Dated eruption","Last Known Eruption":"5610 BCE","Eruption Year":-5610.0,"Eruption Period":"BCE record","Elevation (m)":1435,"Elevation Class":"1,000-2,999 m","Tectonic Setting":"Rift zone / Continental crust (>25 km)","Tectonic Group":"Rift","Dominant Rock Type":"Basalt / Picro-Basalt"}},{"type":"Feature","geometry":{"type":"Point","coordinates":[-117.46,43.147]},"properties":{"Volcano Number":322190,"Volcano Name":"Jordan Craters","Country":"United States","Volcanic Region Group":"North America Volcanic Regions","Volcanic Region":"High Lava Plains Volcanic Province","Volcano Landform":"Cluster","Primary Volcano Type":"Volcanic field","Type Group":"Volcanic fields","Type Description":"Areas with many vents spread across a wider landscape.","Activity Evidence":"Eruption Dated","Activity Class":"Dated eruption","Last Known Eruption":"1250 BCE","Eruption Year":-1250.0,"Eruption Period":"BCE record","Elevation (m)":1473,"Elevation Class":"1,000-2,999 m","Tectonic Setting":"Rift zone / Continental crust (>25 km)","Tectonic Group":"Rift","Dominant Rock Type":"Basalt / Picro-Basalt"}},{"type":"Feature","geometry":{"type":"Point","coordinates":[-122.193,41.409]},"properties":{"Volcano Number":323010,"Volcano Name":"Shasta","Country":"United States","Volcanic Region Group":"North America Volcanic Regions","Volcanic Region":"High Cascades Volcanic Arc","Volcano Landform":"Composite","Primary Volcano Type":"Stratovolcano","Type Group":"Cone volcanoes","Type Description":"Tall, steep volcanoes often built by alternating lava and ash layers.","Activity Evidence":"Eruption Observed","Activity Class":"Observed eruption","Last Known Eruption":"1250 CE","Eruption Year":1250.0,"Eruption Period":"1-1499 CE","Elevation (m)":4317,"Elevation Class":"3,000 m and above","Tectonic Setting":"Subduction zone / Continental crust (>25 km)","Tectonic Group":"Subduction","Dominant Rock Type":"Andesite / Basaltic Andesite"}},{"type":"Feature","geometry":{"type":"Point","coordinates":[-121.554,41.611]},"properties":{"Volcano Number":323020,"Volcano Name":"Medicine Lake","Country":"United States","Volcanic Region Group":"North America Volcanic Regions","Volcanic Region":"High Cascades Volcanic Arc","Volcano Landform":"Shield","Primary Volcano Type":"Shield","Type Group":"Shield volcanoes","Type Description":"Broad volcanoes formed by fluid lava flows that can spread far from the vent.","Activity Evidence":"Eruption Dated","Activity Class":"Dated eruption","Last Known Eruption":"1060 CE","Eruption Year":1060.0,"Eruption Period":"1-1499 CE","Elevation (m)":2412,"Elevation Class":"1,000-2,999 m","Tectonic Setting":"Subduction zone / Continental crust (>25 km)","Tectonic Group":"Subduction","Dominant Rock Type":"Basalt / Picro-Basalt"}},{"type":"Feature","geometry":{"type":"Point","coordinates":[-121.508,40.492]},"properties":{"Volcano Number":323080,"Volcano Name":"Lassen Volcanic Center","Country":"United States","Volcanic Region Group":"North America Volcanic Regions","Volcanic Region":"High Cascades Volcanic Arc","Volcano Landform":"Composite","Primary Volcano Type":"Stratovolcano","Type Group":"Cone volcanoes","Type Description":"Tall, steep volcanoes often built by alternating lava and ash layers.","Activity Evidence":"Eruption Observed","Activity Class":"Observed eruption","Last Known Eruption":"1917 CE","Eruption Year":1917.0,"Eruption Period":"Since 1900","Elevation (m)":3187,"Elevation Class":"3,000 m and above","Tectonic Setting":"Subduction zone / Continental crust (>25 km)","Tectonic Group":"Subduction","Dominant Rock Type":"Andesite / Basaltic Andesite"}},{"type":"Feature","geometry":{"type":"Point","coordinates":[-122.77,38.97]},"properties":{"Volcano Number":323100,"Volcano Name":"Clear Lake Volcanic Field","Country":"United States","Volcanic Region Group":"North America Volcanic Regions","Volcanic Region":"California Coast Ranges Volcano Group","Volcano Landform":"Cluster","Primary Volcano Type":"Volcanic field","Type Group":"Volcanic fields","Type Description":"Areas with many vents spread across a wider landscape.","Activity Evidence":"Evidence Credible","Activity Class":"Credible evidence","Last Known Eruption":"Unknown","Eruption Year":null,"Eruption Period":"BCE record","Elevation (m)":1439,"Elevation Class":"1,000-2,999 m","Tectonic Setting":"Subduction zone / Continental crust (>25 km)","Tectonic Group":"Subduction","Dominant Rock Type":"Dacite"}},{"type":"Feature","geometry":{"type":"Point","coordinates":[-119.03,38.0]},"properties":{"Volcano Number":323110,"Volcano Name":"Mono Lake Volcanic Field","Country":"United States","Volcanic Region Group":"North America Volcanic Regions","Volcanic Region":"Basin and Range Volcanic Province","Volcano Landform":"Cluster","Primary Volcano Type":"Volcanic field","Type Group":"Volcanic fields","Type Description":"Areas with many vents spread across a wider landscape.","Activity Evidence":"Eruption Dated","Activity Class":"Dated eruption","Last Known Eruption":"1790 CE","Eruption Year":1790.0,"Eruption Period":"1500-1899","Elevation (m)":2121,"Elevation Class":"1,000-2,999 m","Tectonic Setting":"Rift zone / Continental crust (>25 km)","Tectonic Group":"Rift","Dominant Rock Type":"Dacite"}},{"type":"Feature","geometry":{"type":"Point","coordinates":[-119.029,37.804]},"properties":{"Volcano Number":323120,"Volcano Name":"Mono-Inyo Craters","Country":"United States","Volcanic Region Group":"North America Volcanic Regions","Volcanic Region":"Basin and Range Volcanic Province","Volcano Landform":"Cluster","Primary Volcano Type":"Lava dome(s)","Type Group":"Lava domes","Type Description":"Steep mounds built by thick lava that piles up near the vent.","Activity Evidence":"Eruption Dated","Activity Class":"Dated eruption","Last Known Eruption":"1380 CE","Eruption Year":1380.0,"Eruption Period":"1-1499 CE","Elevation (m)":2796,"Elevation Class":"1,000-2,999 m","Tectonic Setting":"Rift zone / Continental crust (>25 km)","Tectonic Group":"Rift","Dominant Rock Type":"Rhyolite"}},{"type":"Feature","geometry":{"type":"Point","coordinates":[-119.032,37.631]},"properties":{"Volcano Number":323150,"Volcano Name":"Mammoth Mountain","Country":"United States","Volcanic Region Group":"North America Volcanic Regions","Volcanic Region":"Basin and Range Volcanic Province","Volcano Landform":"Minor","Primary Volcano Type":"Lava dome(s)","Type Group":"Lava domes","Type Description":"Steep mounds built by thick lava that piles up near the vent.","Activity Evidence":"Eruption Dated","Activity Class":"Dated eruption","Last Known Eruption":"1260 CE","Eruption Year":1260.0,"Eruption Period":"1-1499 CE","Elevation (m)":3369,"Elevation Class":"3,000 m and above","Tectonic Setting":"Rift zone / Continental crust (>25 km)","Tectonic Group":"Rift","Dominant Rock Type":"Trachyte / Trachydacite"}},{"type":"Feature","geometry":{"type":"Point","coordinates":[-117.45,37.02]},"properties":{"Volcano Number":323160,"Volcano Name":"Ubehebe Craters","Country":"United States","Volcanic Region Group":"North America Volcanic Regions","Volcanic Region":"Basin and Range Volcanic Province","Volcano Landform":"Minor","Primary Volcano Type":"Maar(s)","Type Group":"Small cones","Type Description":"Smaller volcanic cones or explosion craters formed by ash, cinders, or steam blasts.","Activity Evidence":"Eruption Dated","Activity Class":"Dated eruption","Last Known Eruption":"150 BCE","Eruption Year":-150.0,"Eruption Period":"BCE record","Elevation (m)":752,"Elevation Class":"0-999 m","Tectonic Setting":"Rift zone / Continental crust (>25 km)","Tectonic Group":"Rift","Dominant Rock Type":"Basalt / Picro-Basalt"}},{"type":"Feature","geometry":{"type":"Point","coordinates":[-115.616,33.197]},"properties":{"Volcano Number":323200,"Volcano Name":"Salton Buttes","Country":"United States","Volcanic Region Group":"Eastern Pacific Volcanic Regions","Volcanic Region":"Gulf of California Rift Volcanic Province","Volcano Landform":"Minor (Silicic)","Primary Volcano Type":"Lava dome(s)","Type Group":"Lava domes","Type Description":"Steep mounds built by thick lava that piles up near the vent.","Activity Evidence":"Eruption Dated","Activity Class":"Dated eruption","Last Known Eruption":"210 CE","Eruption Year":210.0,"Eruption Period":"1-1499 CE","Elevation (m)":-40,"Elevation Class":"Below sea level","Tectonic Setting":"Rift zone / Continental crust (>25 km)","Tectonic Group":"Rift","Dominant Rock Type":"Rhyolite"}},{"type":"Feature","geometry":{"type":"Point","coordinates":[-114.3542,43.185]},"properties":{"Volcano Number":324010,"Volcano Name":"Black Butte Crater Lava Field","Country":"United States","Volcanic Region Group":"North America Volcanic Regions","Volcanic Region":"Yellowstone-Snake River Hotspot Volcano Group","Volcano Landform":"Shield","Primary Volcano Type":"Shield","Type Group":"Shield volcanoes","Type Description":"Broad volcanoes formed by fluid lava flows that can spread far from the vent.","Activity Evidence":"Eruption Dated","Activity Class":"Dated eruption","Last Known Eruption":"8180 BCE","Eruption Year":-8180.0,"Eruption Period":"BCE record","Elevation (m)":1478,"Elevation Class":"1,000-2,999 m","Tectonic Setting":"Rift zone / Continental crust (>25 km)","Tectonic Group":"Rift","Dominant Rock Type":"Basalt / Picro-Basalt"}},{"type":"Feature","geometry":{"type":"Point","coordinates":[-113.493,43.371]},"properties":{"Volcano Number":324020,"Volcano Name":"Craters of the Moon","Country":"United States","Volcanic Region Group":"North America Volcanic Regions","Volcanic Region":"Yellowstone-Snake River Hotspot Volcano Group","Volcano Landform":"Cluster","Primary Volcano Type":"Volcanic field","Type Group":"Volcanic fields","Type Description":"Areas with many vents spread across a wider landscape.","Activity Evidence":"Eruption Dated","Activity Class":"Dated eruption","Last Known Eruption":"130 BCE","Eruption Year":-130.0,"Eruption Period":"BCE record","Elevation (m)":2005,"Elevation Class":"1,000-2,999 m","Tectonic Setting":"Rift zone / Continental crust (>25 km)","Tectonic Group":"Rift","Dominant Rock Type":"Basalt / Picro-Basalt"}},{"type":"Feature","geometry":{"type":"Point","coordinates":[-113.2166,42.8859]},"properties":{"Volcano Number":324030,"Volcano Name":"Wapi Lava Field","Country":"United States","Volcanic Region Group":"North America Volcanic Regions","Volcanic Region":"Yellowstone-Snake River Hotspot Volcano Group","Volcano Landform":"Shield","Primary Volcano Type":"Shield","Type Group":"Shield volcanoes","Type Description":"Broad volcanoes formed by fluid lava flows that can spread far from the vent.","Activity Evidence":"Eruption Dated","Activity Class":"Dated eruption","Last Known Eruption":"300 BCE","Eruption Year":-300.0,"Eruption Period":"BCE record","Elevation (m)":1597,"Elevation Class":"1,000-2,999 m","Tectonic Setting":"Rift zone / Continental crust (>25 km)","Tectonic Group":"Rift","Dominant Rock Type":"Basalt / Picro-Basalt"}},{"type":"Feature","geometry":{"type":"Point","coordinates":[-112.4503,43.492]},"properties":{"Volcano Number":324040,"Volcano Name":"Hell's Half Acre","Country":"United States","Volcanic Region Group":"North America Volcanic Regions","Volcanic Region":"Yellowstone-Snake River Hotspot Volcano Group","Volcano Landform":"Shield","Primary Volcano Type":"Shield","Type Group":"Shield volcanoes","Type Description":"Broad volcanoes formed by fluid lava flows that can spread far from the vent.","Activity Evidence":"Eruption Dated","Activity Class":"Dated eruption","Last Known Eruption":"3250 BCE","Eruption Year":-3250.0,"Eruption Period":"BCE record","Elevation (m)":1632,"Elevation Class":"1,000-2,999 m","Tectonic Setting":"Rift zone / Continental crust (>25 km)","Tectonic Group":"Rift","Dominant Rock Type":"Basalt / Picro-Basalt"}},{"type":"Feature","geometry":{"type":"Point","coordinates":[-118.8778,39.525]},"properties":{"Volcano Number":326010,"Volcano Name":"Soda Lakes","Country":"United States","Volcanic Region Group":"North America Volcanic Regions","Volcanic Region":"Basin and Range Volcanic Province","Volcano Landform":"Minor (Basaltic)","Primary Volcano Type":"Maar(s)","Type Group":"Small cones","Type Description":"Smaller volcanic cones or explosion craters formed by ash, cinders, or steam blasts.","Activity Evidence":"Evidence Credible","Activity Class":"Credible evidence","Last Known Eruption":"Unknown","Eruption Year":null,"Eruption Period":"BCE record","Elevation (m)":1251,"Elevation Class":"1,000-2,999 m","Tectonic Setting":"Rift zone / Continental crust (>25 km)","Tectonic Group":"Rift","Dominant Rock Type":"Basalt / Picro-Basalt"}},{"type":"Feature","geometry":{"type":"Point","coordinates":[-112.67,37.58]},"properties":{"Volcano Number":327040,"Volcano Name":"Markagunt Plateau","Country":"United States","Volcanic Region Group":"North America Volcanic Regions","Volcanic Region":"Basin and Range Volcanic Province","Volcano Landform":"Cluster","Primary Volcano Type":"Volcanic field","Type Group":"Volcanic fields","Type Description":"Areas with many vents spread across a wider landscape.","Activity Evidence":"Evidence Credible","Activity Class":"Credible evidence","Last Known Eruption":"1050 CE","Eruption Year":1050.0,"Eruption Period":"1-1499 CE","Elevation (m)":2840,"Elevation Class":"1,000-2,999 m","Tectonic Setting":"Rift zone / Continental crust (>25 km)","Tectonic Group":"Rift","Dominant Rock Type":"Basalt / Picro-Basalt"}},{"type":"Feature","geometry":{"type":"Point","coordinates":[-112.5,38.97]},"properties":{"Volcano Number":327050,"Volcano Name":"Black Rock Desert","Country":"United States","Volcanic Region Group":"North America Volcanic Regions","Volcanic Region":"Basin and Range Volcanic Province","Volcano Landform":"Cluster","Primary Volcano Type":"Volcanic field","Type Group":"Volcanic fields","Type Description":"Areas with many vents spread across a wider landscape.","Activity Evidence":"Eruption Dated","Activity Class":"Dated eruption","Last Known Eruption":"1290 CE","Eruption Year":1290.0,"Eruption Period":"1-1499 CE","Elevation (m)":1800,"Elevation Class":"1,000-2,999 m","Tectonic Setting":"Rift zone / Continental crust (>25 km)","Tectonic Group":"Rift","Dominant Rock Type":"Basalt / Picro-Basalt"}},{"type":"Feature","geometry":{"type":"Point","coordinates":[-105.93,33.78]},"properties":{"Volcano Number":327110,"Volcano Name":"Carrizozo","Country":"United States","Volcanic Region Group":"North America Volcanic Regions","Volcanic Region":"Basin and Range Volcanic Province","Volcano Landform":"Minor","Primary Volcano Type":"Pyroclastic cone(s)","Type Group":"Small cones","Type Description":"Smaller volcanic cones or explosion craters formed by ash, cinders, or steam blasts.","Activity Evidence":"Eruption Dated","Activity Class":"Dated eruption","Last Known Eruption":"3250 BCE","Eruption Year":-3250.0,"Eruption Period":"BCE record","Elevation (m)":1731,"Elevation Class":"1,000-2,999 m","Tectonic Setting":"Rift zone / Continental crust (>25 km)","Tectonic Group":"Rift","Dominant Rock Type":"Basalt / Picro-Basalt"}},{"type":"Feature","geometry":{"type":"Point","coordinates":[-108.0,34.8]},"properties":{"Volcano Number":327120,"Volcano Name":"Zuni-Bandera","Country":"United States","Volcanic Region Group":"North America Volcanic Regions","Volcanic Region":"Basin and Range Volcanic Province","Volcano Landform":"Cluster","Primary Volcano Type":"Volcanic field","Type Group":"Volcanic fields","Type Description":"Areas with many vents spread across a wider landscape.","Activity Evidence":"Eruption Dated","Activity Class":"Dated eruption","Last Known Eruption":"1170 BCE","Eruption Year":-1170.0,"Eruption Period":"BCE record","Elevation (m)":2550,"Elevation Class":"1,000-2,999 m","Tectonic Setting":"Rift zone / Continental crust (>25 km)","Tectonic Group":"Rift","Dominant Rock Type":"Basalt / Picro-Basalt"}},{"type":"Feature","geometry":{"type":"Point","coordinates":[-108.83,34.25]},"properties":{"Volcano Number":327812,"Volcano Name":"Red Hill-Quemado","Country":"United States","Volcanic Region Group":"North America Volcanic Regions","Volcanic Region":"Basin and Range Volcanic Province","Volcano Landform":"Cluster","Primary Volcano Type":"Volcanic field","Type Group":"Volcanic fields","Type Description":"Areas with many vents spread across a wider landscape.","Activity Evidence":"Eruption Dated","Activity Class":"Dated eruption","Last Known Eruption":"9450 BCE","Eruption Year":-9450.0,"Eruption Period":"BCE record","Elevation (m)":2300,"Elevation Class":"1,000-2,999 m","Tectonic Setting":"Rift zone / Continental crust (>25 km)","Tectonic Group":"Rift","Dominant Rock Type":"Basalt / Picro-Basalt"}},{"type":"Feature","geometry":{"type":"Point","coordinates":[-107.0355,39.6613]},"properties":{"Volcano Number":328010,"Volcano Name":"Dotsero","Country":"United States","Volcanic Region Group":"North America Volcanic Regions","Volcanic Region":"Basin and Range Volcanic Province","Volcano Landform":"Minor (Basaltic)","Primary Volcano Type":"Maar","Type Group":"Other or unknown","Type Description":"The database lists a less common or unspecified volcano form.","Activity Evidence":"Eruption Dated","Activity Class":"Dated eruption","Last Known Eruption":"2200 BCE","Eruption Year":-2200.0,"Eruption Period":"BCE record","Elevation (m)":2230,"Elevation Class":"1,000-2,999 m","Tectonic Setting":"Rift zone / Continental crust (>25 km)","Tectonic Group":"Rift","Dominant Rock Type":"Basalt / Picro-Basalt"}},{"type":"Feature","geometry":{"type":"Point","coordinates":[-113.13,36.38]},"properties":{"Volcano Number":329010,"Volcano Name":"Uinkaret Field","Country":"United States","Volcanic Region Group":"North America Volcanic Regions","Volcanic Region":"Basin and Range Volcanic Province","Volcano Landform":"Cluster","Primary Volcano Type":"Volcanic field","Type Group":"Volcanic fields","Type Description":"Areas with many vents spread across a wider landscape.","Activity Evidence":"Eruption Dated","Activity Class":"Dated eruption","Last Known Eruption":"1100 CE","Eruption Year":1100.0,"Eruption Period":"1-1499 CE","Elevation (m)":1555,"Elevation Class":"1,000-2,999 m","Tectonic Setting":"Rift zone / Continental crust (>25 km)","Tectonic Group":"Rift","Dominant Rock Type":"Trachybasalt / Tephrite Basanite"}},{"type":"Feature","geometry":{"type":"Point","coordinates":[-111.678,35.347]},"properties":{"Volcano Number":329020,"Volcano Name":"San Francisco Volcanic Field","Country":"United States","Volcanic Region Group":"North America Volcanic Regions","Volcanic Region":"Basin and Range Volcanic Province","Volcano Landform":"Cluster","Primary Volcano Type":"Volcanic field","Type Group":"Volcanic fields","Type Description":"Areas with many vents spread across a wider landscape.","Activity Evidence":"Eruption Dated","Activity Class":"Dated eruption","Last Known Eruption":"1075 CE","Eruption Year":1075.0,"Eruption Period":"1-1499 CE","Elevation (m)":3850,"Elevation Class":"3,000 m and above","Tectonic Setting":"Rift zone / Continental crust (>25 km)","Tectonic Group":"Rift","Dominant Rock Type":"Basalt / Picro-Basalt"}},{"type":"Feature","geometry":{"type":"Point","coordinates":[-128.64,48.78]},"properties":{"Volcano Number":331005,"Volcano Name":"West Valley Segment","Country":"Canada","Volcanic Region Group":"Eastern Pacific Volcanic Regions","Volcanic Region":"Northeast Pacific Rifts Volcanic Province","Volcano Landform":"Cluster","Primary Volcano Type":"Fissure vent","Type Group":"Other or unknown","Type Description":"The database lists a less common or unspecified volcano form.","Activity Evidence":"Unrest / Holocene","Activity Class":"Unspecified","Last Known Eruption":"Unknown","Eruption Year":null,"Eruption Period":"BCE record","Elevation (m)":-2550,"Elevation Class":"Below sea level","Tectonic Setting":"Rift zone / Intermediate crust (15-25 km)","Tectonic Group":"Rift","Dominant Rock Type":null}},{"type":"Feature","geometry":{"type":"Point","coordinates":[-129.1,47.95]},"properties":{"Volcano Number":331010,"Volcano Name":"Endeavour Segment","Country":"Canada","Volcanic Region Group":"Eastern Pacific Volcanic Regions","Volcanic Region":"Northeast Pacific Rifts Volcanic Province","Volcano Landform":"Cluster","Primary Volcano Type":"Fissure vent(s)","Type Group":"Fissure vents","Type Description":"Linear cracks where lava erupts along a line rather than from one central cone.","Activity Evidence":"Eruption Dated","Activity Class":"Dated eruption","Last Known Eruption":"3490 BCE","Eruption Year":-3490.0,"Eruption Period":"BCE record","Elevation (m)":-2050,"Elevation Class":"Below sea level","Tectonic Setting":"Rift zone / Oceanic crust (< 15 km)","Tectonic Group":"Rift","Dominant Rock Type":"Basalt / Picro-Basalt"}},{"type":"Feature","geometry":{"type":"Point","coordinates":[-129.33,46.88]},"properties":{"Volcano Number":331011,"Volcano Name":"Cobb Segment","Country":"Canada","Volcanic Region Group":"Eastern Pacific Volcanic Regions","Volcanic Region":"Northeast Pacific Rifts Volcanic Province","Volcano Landform":"Cluster","Primary Volcano Type":"Fissure vent(s)","Type Group":"Fissure vents","Type Description":"Linear cracks where lava erupts along a line rather than from one central cone.","Activity Evidence":"Eruption Dated","Activity Class":"Dated eruption","Last Known Eruption":"1180 BCE","Eruption Year":-1180.0,"Eruption Period":"BCE record","Elevation (m)":-2100,"Elevation Class":"Below sea level","Tectonic Setting":"Rift zone / Oceanic crust (< 15 km)","Tectonic Group":"Rift","Dominant Rock Type":"Basalt / Picro-Basalt"}},{"type":"Feature","geometry":{"type":"Point","coordinates":[-129.58,46.52]},"properties":{"Volcano Number":331020,"Volcano Name":"CoAxial Segment","Country":"Undersea Features","Volcanic Region Group":"Eastern Pacific Volcanic Regions","Volcanic Region":"Northeast Pacific Rifts Volcanic Province","Volcano Landform":"Cluster","Primary Volcano Type":"Fissure vent(s)","Type Group":"Fissure vents","Type Description":"Linear cracks where lava erupts along a line rather than from one central cone.","Activity Evidence":"Eruption Observed","Activity Class":"Observed eruption","Last Known Eruption":"1993 CE","Eruption Year":1993.0,"Eruption Period":"Since 1900","Elevation (m)":-2400,"Elevation Class":"Below sea level","Tectonic Setting":"Rift zone / Oceanic crust (< 15 km)","Tectonic Group":"Rift","Dominant Rock Type":"Basalt / Picro-Basalt"}},{"type":"Feature","geometry":{"type":"Point","coordinates":[-130.0,45.95]},"properties":{"Volcano Number":331021,"Volcano Name":"Axial Seamount","Country":"Undersea Features","Volcanic Region Group":"Eastern Pacific Volcanic Regions","Volcanic Region":"Northeast Pacific Rifts Volcanic Province","Volcano Landform":"Cluster","Primary Volcano Type":"Fissure vent(s)","Type Group":"Fissure vents","Type Description":"Linear cracks where lava erupts along a line rather than from one central cone.","Activity Evidence":"Eruption Observed","Activity Class":"Observed eruption","Last Known Eruption":"2015 CE","Eruption Year":2015.0,"Eruption Period":"Since 1900","Elevation (m)":-1410,"Elevation Class":"Below sea level","Tectonic Setting":"Rift zone / Oceanic crust (< 15 km)","Tectonic Group":"Rift","Dominant Rock Type":"Basalt / Picro-Basalt"}},{"type":"Feature","geometry":{"type":"Point","coordinates":[-130.3,44.83]},"properties":{"Volcano Number":331030,"Volcano Name":"Cleft Segment","Country":"Undersea Features","Volcanic Region Group":"Eastern Pacific Volcanic Regions","Volcanic Region":"Northeast Pacific Rifts Volcanic Province","Volcano Landform":"Cluster","Primary Volcano Type":"Fissure vent(s)","Type Group":"Fissure vents","Type Description":"Linear cracks where lava erupts along a line rather than from one central cone.","Activity Evidence":"Eruption Observed","Activity Class":"Observed eruption","Last Known Eruption":"1986 CE","Eruption Year":1986.0,"Eruption Period":"Since 1900","Elevation (m)":-2140,"Elevation Class":"Below sea level","Tectonic Setting":"Rift zone / Oceanic crust (< 15 km)","Tectonic Group":"Rift","Dominant Rock Type":"Basalt / Picro-Basalt"}},{"type":"Feature","geometry":{"type":"Point","coordinates":[-126.78,42.67]},"properties":{"Volcano Number":331031,"Volcano Name":"North Gorda Ridge Segment","Country":"United States","Volcanic Region Group":"Eastern Pacific Volcanic Regions","Volcanic Region":"Northeast Pacific Rifts Volcanic Province","Volcano Landform":"Cluster","Primary Volcano Type":"Fissure vent(s)","Type Group":"Fissure vents","Type Description":"Linear cracks where lava erupts along a line rather than from one central cone.","Activity Evidence":"Eruption Observed","Activity Class":"Observed eruption","Last Known Eruption":"1996 CE","Eruption Year":1996.0,"Eruption Period":"Since 1900","Elevation (m)":-3000,"Elevation Class":"Below sea level","Tectonic Setting":"Rift zone / Oceanic crust (< 15 km)","Tectonic Group":"Rift","Dominant Rock Type":"Basalt / Picro-Basalt"}},{"type":"Feature","geometry":{"type":"Point","coordinates":[-127.05,42.15]},"properties":{"Volcano Number":331032,"Volcano Name":"Jackson Segment","Country":"United States","Volcanic Region Group":"Eastern Pacific Volcanic Regions","Volcanic Region":"Northeast Pacific Rifts Volcanic Province","Volcano Landform":"Cluster","Primary Volcano Type":"Fissure vent(s)","Type Group":"Fissure vents","Type Description":"Linear cracks where lava erupts along a line rather than from one central cone.","Activity Evidence":"Unrest / Holocene","Activity Class":"Unspecified","Last Known Eruption":"Unknown","Eruption Year":null,"Eruption Period":"BCE record","Elevation (m)":-3100,"Elevation Class":"Below sea level","Tectonic Setting":"Rift zone / Oceanic crust (< 15 km)","Tectonic Group":"Rift","Dominant Rock Type":null}},{"type":"Feature","geometry":{"type":"Point","coordinates":[-127.5,40.98]},"properties":{"Volcano Number":331040,"Volcano Name":"Escanaba Segment","Country":"United States","Volcanic Region Group":"Eastern Pacific Volcanic Regions","Volcanic Region":"Northeast Pacific Rifts Volcanic Province","Volcano Landform":"Cluster","Primary Volcano Type":"Fissure vent(s)","Type Group":"Fissure vents","Type Description":"Linear cracks where lava erupts along a line rather than from one central cone.","Activity Evidence":"Eruption Dated","Activity Class":"Dated eruption","Last Known Eruption":"2260 BCE","Eruption Year":-2260.0,"Eruption Period":"BCE record","Elevation (m)":-1700,"Elevation Class":"Below sea level","Tectonic Setting":"Rift zone / Oceanic crust (< 15 km)","Tectonic Group":"Rift","Dominant Rock Type":"Basalt / Picro-Basalt"}},{"type":"Feature","geometry":{"type":"Point","coordinates":[-129.879,44.267]},"properties":{"Volcano Number":331060,"Volcano Name":"East Blanco Depression","Country":"Undersea Features","Volcanic Region Group":"Eastern Pacific Volcanic Regions","Volcanic Region":"Northeast Pacific Rifts Volcanic Province","Volcano Landform":"Cluster","Primary Volcano Type":"Fissure vent","Type Group":"Other or unknown","Type Description":"The database lists a less common or unspecified volcano form.","Activity Evidence":"Unrest / Holocene","Activity Class":"Unspecified","Last Known Eruption":"Unknown","Eruption Year":null,"Eruption Period":"BCE record","Elevation (m)":-3000,"Elevation Class":"Below sea level","Tectonic Setting":"Rift zone / Intermediate crust (15-25 km)","Tectonic Group":"Rift","Dominant Rock Type":null}},{"type":"Feature","geometry":{"type":"Point","coordinates":[-155.27,18.92]},"properties":{"Volcano Number":332000,"Volcano Name":"Kama'ehuakanaloa","Country":"United States","Volcanic Region Group":"Eastern Pacific Volcanic Regions","Volcanic Region":"Hawaiian-Emperor Hotspot Volcano Group","Volcano Landform":"Shield","Primary Volcano Type":"Shield","Type Group":"Shield volcanoes","Type Description":"Broad volcanoes formed by fluid lava flows that can spread far from the vent.","Activity Evidence":"Eruption Observed","Activity Class":"Observed eruption","Last Known Eruption":"1996 CE","Eruption Year":1996.0,"Eruption Period":"Since 1900","Elevation (m)":-975,"Elevation Class":"Below sea level","Tectonic Setting":"Intraplate / Oceanic crust (< 15 km)","Tectonic Group":"Intraplate","Dominant Rock Type":"Basalt / Picro-Basalt"}},{"type":"Feature","geometry":{"type":"Point","coordinates":[-155.287,19.421]},"properties":{"Volcano Number":332010,"Volcano Name":"Kilauea","Country":"United States","Volcanic Region Group":"Eastern Pacific Volcanic Regions","Volcanic Region":"Hawaiian-Emperor Hotspot Volcano Group","Volcano Landform":"Shield","Primary Volcano Type":"Shield","Type Group":"Shield volcanoes","Type Description":"Broad volcanoes formed by fluid lava flows that can spread far from the vent.","Activity Evidence":"Eruption Observed","Activity Class":"Observed eruption","Last Known Eruption":"2026 CE","Eruption Year":2026.0,"Eruption Period":"Since 1900","Elevation (m)":1222,"Elevation Class":"1,000-2,999 m","Tectonic Setting":"Intraplate / Oceanic crust (< 15 km)","Tectonic Group":"Intraplate","Dominant Rock Type":"Basalt / Picro-Basalt"}},{"type":"Feature","geometry":{"type":"Point","coordinates":[-155.608,19.475]},"properties":{"Volcano Number":332020,"Volcano Name":"Mauna Loa","Country":"United States","Volcanic Region Group":"Eastern Pacific Volcanic Regions","Volcanic Region":"Hawaiian-Emperor Hotspot Volcano Group","Volcano Landform":"Shield","Primary Volcano Type":"Shield","Type Group":"Shield volcanoes","Type Description":"Broad volcanoes formed by fluid lava flows that can spread far from the vent.","Activity Evidence":"Eruption Observed","Activity Class":"Observed eruption","Last Known Eruption":"2022 CE","Eruption Year":2022.0,"Eruption Period":"Since 1900","Elevation (m)":4170,"Elevation Class":"3,000 m and above","Tectonic Setting":"Intraplate / Oceanic crust (< 15 km)","Tectonic Group":"Intraplate","Dominant Rock Type":"Basalt / Picro-Basalt"}},{"type":"Feature","geometry":{"type":"Point","coordinates":[-155.47,19.82]},"properties":{"Volcano Number":332030,"Volcano Name":"Mauna Kea","Country":"United States","Volcanic Region Group":"Eastern Pacific Volcanic Regions","Volcanic Region":"Hawaiian-Emperor Hotspot Volcano Group","Volcano Landform":"Shield","Primary Volcano Type":"Shield","Type Group":"Shield volcanoes","Type Description":"Broad volcanoes formed by fluid lava flows that can spread far from the vent.","Activity Evidence":"Eruption Dated","Activity Class":"Dated eruption","Last Known Eruption":"2460 BCE","Eruption Year":-2460.0,"Eruption Period":"BCE record","Elevation (m)":4205,"Elevation Class":"3,000 m and above","Tectonic Setting":"Intraplate / Oceanic crust (< 15 km)","Tectonic Group":"Intraplate","Dominant Rock Type":"Basalt / Picro-Basalt"}},{"type":"Feature","geometry":{"type":"Point","coordinates":[-155.87,19.692]},"properties":{"Volcano Number":332040,"Volcano Name":"Hualalai","Country":"United States","Volcanic Region Group":"Eastern Pacific Volcanic Regions","Volcanic Region":"Hawaiian-Emperor Hotspot Volcano Group","Volcano Landform":"Shield","Primary Volcano Type":"Shield","Type Group":"Shield volcanoes","Type Description":"Broad volcanoes formed by fluid lava flows that can spread far from the vent.","Activity Evidence":"Eruption Observed","Activity Class":"Observed eruption","Last Known Eruption":"1801 CE","Eruption Year":1801.0,"Eruption Period":"1500-1899","Elevation (m)":2523,"Elevation Class":"1,000-2,999 m","Tectonic Setting":"Intraplate / Oceanic crust (< 15 km)","Tectonic Group":"Intraplate","Dominant Rock Type":"Basalt / Picro-Basalt"}},{"type":"Feature","geometry":{"type":"Point","coordinates":[-156.2537,20.7099]},"properties":{"Volcano Number":332060,"Volcano Name":"Haleakala","Country":"United States","Volcanic Region Group":"Eastern Pacific Volcanic Regions","Volcanic Region":"Hawaiian-Emperor Hotspot Volcano Group","Volcano Landform":"Shield","Primary Volcano Type":"Shield","Type Group":"Shield volcanoes","Type Description":"Broad volcanoes formed by fluid lava flows that can spread far from the vent.","Activity Evidence":"Eruption Dated","Activity Class":"Dated eruption","Last Known Eruption":"1750 CE","Eruption Year":1750.0,"Eruption Period":"1500-1899","Elevation (m)":3053,"Elevation Class":"3,000 m and above","Tectonic Setting":"Intraplate / Oceanic crust (< 15 km)","Tectonic Group":"Intraplate","Dominant Rock Type":"Basalt / Picro-Basalt"}},{"type":"Feature","geometry":{"type":"Point","coordinates":[-148.821,-17.564]},"properties":{"Volcano Number":333010,"Volcano Name":"Teahitia","Country":"France","Volcanic Region Group":"Southern Pacific Volcanic Regions","Volcanic Region":"Society Islands Hotspot Volcano Group","Volcano Landform":"Composite","Primary Volcano Type":"Compound","Type Group":"Other or unknown","Type Description":"The database lists a less common or unspecified volcano form.","Activity Evidence":"Eruption Dated","Activity Class":"Dated eruption","Last Known Eruption":"1985 CE","Eruption Year":1985.0,"Eruption Period":"Since 1900","Elevation (m)":-1743,"Elevation Class":"Below sea level","Tectonic Setting":"Intraplate / Oceanic crust (< 15 km)","Tectonic Group":"Intraplate","Dominant Rock Type":"Trachybasalt / Tephrite Basanite"}},{"type":"Feature","geometry":{"type":"Point","coordinates":[-148.586,-17.662]},"properties":{"Volcano Number":333020,"Volcano Name":"Rocard","Country":"France","Volcanic Region Group":"Southern Pacific Volcanic Regions","Volcanic Region":"Society Islands Hotspot Volcano Group","Volcano Landform":"Composite","Primary Volcano Type":"Cone","Type Group":"Other or unknown","Type Description":"The database lists a less common or unspecified volcano form.","Activity Evidence":"Eruption Dated","Activity Class":"Dated eruption","Last Known Eruption":"1972 CE","Eruption Year":1972.0,"Eruption Period":"Since 1900","Elevation (m)":-2515,"Elevation Class":"Below sea level","Tectonic Setting":"Intraplate / Oceanic crust (< 15 km)","Tectonic Group":"Intraplate","Dominant Rock Type":"Trachyte / Trachydacite"}},{"type":"Feature","geometry":{"type":"Point","coordinates":[-148.525,-18.325]},"properties":{"Volcano Number":333030,"Volcano Name":"Moua Pihaa","Country":"France","Volcanic Region Group":"Southern Pacific Volcanic Regions","Volcanic Region":"Society Islands Hotspot Volcano Group","Volcano Landform":"Composite","Primary Volcano Type":"Stratovolcano","Type Group":"Cone volcanoes","Type Description":"Tall, steep volcanoes often built by alternating lava and ash layers.","Activity Evidence":"Eruption Dated","Activity Class":"Dated eruption","Last Known Eruption":"1970 CE","Eruption Year":1970.0,"Eruption Period":"Since 1900","Elevation (m)":-312,"Elevation Class":"Below sea level","Tectonic Setting":"Intraplate / Oceanic crust (< 15 km)","Tectonic Group":"Intraplate","Dominant Rock Type":"Trachybasalt / Tephrite Basanite"}},{"type":"Feature","geometry":{"type":"Point","coordinates":[-148.068,-17.874]},"properties":{"Volcano Number":333040,"Volcano Name":"Mehetia","Country":"France","Volcanic Region Group":"Southern Pacific Volcanic Regions","Volcanic Region":"Society Islands Hotspot Volcano Group","Volcano Landform":"Composite","Primary Volcano Type":"Stratovolcano","Type Group":"Cone volcanoes","Type Description":"Tall, steep volcanoes often built by alternating lava and ash layers.","Activity Evidence":"Evidence Credible","Activity Class":"Credible evidence","Last Known Eruption":"Unknown","Eruption Year":null,"Eruption Period":"BCE record","Elevation (m)":389,"Elevation Class":"0-999 m","Tectonic Setting":"Intraplate / Oceanic crust (< 15 km)","Tectonic Group":"Intraplate","Dominant Rock Type":"Trachybasalt / Tephrite Basanite"}},{"type":"Feature","geometry":{"type":"Point","coordinates":[-129.27,-25.37]},"properties":{"Volcano Number":333050,"Volcano Name":"Adams Seamount","Country":"United Kingdom","Volcanic Region Group":"Southern Pacific Volcanic Regions","Volcanic Region":"Pitcairn Hotspot Volcano Group","Volcano Landform":"Minor","Primary Volcano Type":"Lava dome","Type Group":"Other or unknown","Type Description":"The database lists a less common or unspecified volcano form.","Activity Evidence":"Eruption Dated","Activity Class":"Dated eruption","Last Known Eruption":"50 BCE","Eruption Year":-50.0,"Eruption Period":"BCE record","Elevation (m)":-39,"Elevation Class":"Below sea level","Tectonic Setting":"Intraplate / Oceanic crust (< 15 km)","Tectonic Group":"Intraplate","Dominant Rock Type":"Basalt / Picro-Basalt"}},{"type":"Feature","geometry":{"type":"Point","coordinates":[-140.25,-28.98]},"properties":{"Volcano Number":333060,"Volcano Name":"Macdonald","Country":"France","Volcanic Region Group":"Southern Pacific Volcanic Regions","Volcanic Region":"Austral-Cook Hotspot Volcano Group","Volcano Landform":"Shield","Primary Volcano Type":"Shield","Type Group":"Shield volcanoes","Type Description":"Broad volcanoes formed by fluid lava flows that can spread far from the vent.","Activity Evidence":"Eruption Observed","Activity Class":"Observed eruption","Last Known Eruption":"1989 CE","Eruption Year":1989.0,"Eruption Period":"Since 1900","Elevation (m)":-39,"Elevation Class":"Below sea level","Tectonic Setting":"Intraplate / Oceanic crust (< 15 km)","Tectonic Group":"Intraplate","Dominant Rock Type":"Basalt / Picro-Basalt"}},{"type":"Feature","geometry":{"type":"Point","coordinates":[-105.32,16.55]},"properties":{"Volcano Number":334020,"Volcano Name":"Northern EPR at 17°N","Country":"Mexico","Volcanic Region Group":"Eastern Pacific Volcanic Regions","Volcanic Region":"Northern East Pacific Rise Volcanic Province","Volcano Landform":"Cluster","Primary Volcano Type":"Fissure vent(s)","Type Group":"Fissure vents","Type Description":"Linear cracks where lava erupts along a line rather than from one central cone.","Activity Evidence":"Eruption Dated","Activity Class":"Dated eruption","Last Known Eruption":"50 BCE","Eruption Year":-50.0,"Eruption Period":"BCE record","Elevation (m)":-2700,"Elevation Class":"Below sea level","Tectonic Setting":"Rift zone / Oceanic crust (< 15 km)","Tectonic Group":"Rift","Dominant Rock Type":"Basalt / Picro-Basalt"}},{"type":"Feature","geometry":{"type":"Point","coordinates":[-105.43,15.83]},"properties":{"Volcano Number":334021,"Volcano Name":"Northern EPR at 16°N","Country":"Mexico","Volcanic Region Group":"Eastern Pacific Volcanic Regions","Volcanic Region":"Northern East Pacific Rise Volcanic Province","Volcano Landform":"Cluster","Primary Volcano Type":"Fissure vent(s)","Type Group":"Fissure vents","Type Description":"Linear cracks where lava erupts along a line rather than from one central cone.","Activity Evidence":"Eruption Dated","Activity Class":"Dated eruption","Last Known Eruption":"50 BCE","Eruption Year":-50.0,"Eruption Period":"BCE record","Elevation (m)":-2300,"Elevation Class":"Below sea level","Tectonic Setting":"Rift zone / Oceanic crust (< 15 km)","Tectonic Group":"Rift","Dominant Rock Type":"Basalt / Picro-Basalt"}},{"type":"Feature","geometry":{"type":"Point","coordinates":[-103.58,10.73]},"properties":{"Volcano Number":334040,"Volcano Name":"Northern EPR at 10.7°N","Country":"Undersea Features","Volcanic Region Group":"Eastern Pacific Volcanic Regions","Volcanic Region":"Northern East Pacific Rise Volcanic Province","Volcano Landform":"Cluster","Primary Volcano Type":"Fissure vent(s)","Type Group":"Fissure vents","Type Description":"Linear cracks where lava erupts along a line rather than from one central cone.","Activity Evidence":"Eruption Observed","Activity Class":"Observed eruption","Last Known Eruption":"2003 CE","Eruption Year":2003.0,"Eruption Period":"Since 1900","Elevation (m)":-2900,"Elevation Class":"Below sea level","Tectonic Setting":"Intraplate / Oceanic crust (< 15 km)","Tectonic Group":"Intraplate","Dominant Rock Type":"Basalt / Picro-Basalt"}},{"type":"Feature","geometry":{"type":"Point","coordinates":[-104.3,9.83]},"properties":{"Volcano Number":334050,"Volcano Name":"Northern EPR at 9.8°N","Country":"Undersea Features","Volcanic Region Group":"Eastern Pacific Volcanic Regions","Volcanic Region":"Northern East Pacific Rise Volcanic Province","Volcano Landform":"Cluster","Primary Volcano Type":"Fissure vent(s)","Type Group":"Fissure vents","Type Description":"Linear cracks where lava erupts along a line rather than from one central cone.","Activity Evidence":"Eruption Observed","Activity Class":"Observed eruption","Last Known Eruption":"2025 CE","Eruption Year":2025.0,"Eruption Period":"Since 1900","Elevation (m)":-2500,"Elevation Class":"Below sea level","Tectonic Setting":"Rift zone / Oceanic crust (< 15 km)","Tectonic Group":"Rift","Dominant Rock Type":"Basalt / Picro-Basalt"}},{"type":"Feature","geometry":{"type":"Point","coordinates":[-86.15,0.792]},"properties":{"Volcano Number":334070,"Volcano Name":"Galapagos Rift at 86°W","Country":"Ecuador","Volcanic Region Group":"Eastern Pacific Volcanic Regions","Volcanic Region":"Galapagos Rift Volcanic Province","Volcano Landform":"Cluster","Primary Volcano Type":"Fissure vent(s)","Type Group":"Fissure vents","Type Description":"Linear cracks where lava erupts along a line rather than from one central cone.","Activity Evidence":"Eruption Observed","Activity Class":"Observed eruption","Last Known Eruption":"1996 CE","Eruption Year":1996.0,"Eruption Period":"Since 1900","Elevation (m)":-2430,"Elevation Class":"Below sea level","Tectonic Setting":"Rift zone / Oceanic crust (< 15 km)","Tectonic Group":"Rift","Dominant Rock Type":"Basalt / Picro-Basalt"}},{"type":"Feature","geometry":{"type":"Point","coordinates":[-107.95,-8.27]},"properties":{"Volcano Number":334100,"Volcano Name":"Southern EPR at 8°S","Country":"Undersea Features","Volcanic Region Group":"Southern Pacific Volcanic Regions","Volcanic Region":"Southern East Pacific Rise Volcanic Province","Volcano Landform":"Cluster","Primary Volcano Type":"Fissure vent(s)","Type Group":"Fissure vents","Type Description":"Linear cracks where lava erupts along a line rather than from one central cone.","Activity Evidence":"Eruption Observed","Activity Class":"Observed eruption","Last Known Eruption":"1969 CE","Eruption Year":1969.0,"Eruption Period":"Since 1900","Elevation (m)":-2800,"Elevation Class":"Below sea level","Tectonic Setting":"Rift zone / Oceanic crust (< 15 km)","Tectonic Group":"Rift","Dominant Rock Type":"Basalt / Picro-Basalt"}},{"type":"Feature","geometry":{"type":"Point","coordinates":[-113.206,-17.436]},"properties":{"Volcano Number":334120,"Volcano Name":"Southern EPR at 17.5°S (Segment K)","Country":"Undersea Features","Volcanic Region Group":"Southern Pacific Volcanic Regions","Volcanic Region":"Southern East Pacific Rise Volcanic Province","Volcano Landform":"Cluster","Primary Volcano Type":"Fissure vent(s)","Type Group":"Fissure vents","Type Description":"Linear cracks where lava erupts along a line rather than from one central cone.","Activity Evidence":"Eruption Observed","Activity Class":"Observed eruption","Last Known Eruption":"1990 CE","Eruption Year":1990.0,"Eruption Period":"Since 1900","Elevation (m)":-2566,"Elevation Class":"Below sea level","Tectonic Setting":"Rift zone / Oceanic crust (< 15 km)","Tectonic Group":"Rift","Dominant Rock Type":"Basalt / Picro-Basalt"}},{"type":"Feature","geometry":{"type":"Point","coordinates":[-113.35,-18.175]},"properties":{"Volcano Number":334130,"Volcano Name":"Southern EPR at 18.2°S (Segment J)","Country":"Undersea Features","Volcanic Region Group":"Southern Pacific Volcanic Regions","Volcanic Region":"Southern East Pacific Rise Volcanic Province","Volcano Landform":"Cluster","Primary Volcano Type":"Fissure vent(s)","Type Group":"Fissure vents","Type Description":"Linear cracks where lava erupts along a line rather than from one central cone.","Activity Evidence":"Eruption Dated","Activity Class":"Dated eruption","Last Known Eruption":"1890 CE","Eruption Year":1890.0,"Eruption Period":"1500-1899","Elevation (m)":-2650,"Elevation Class":"Below sea level","Tectonic Setting":"Rift zone / Oceanic crust (< 15 km)","Tectonic Group":"Rift","Dominant Rock Type":"Basalt / Picro-Basalt"}},{"type":"Feature","geometry":{"type":"Point","coordinates":[-113.42,-18.53]},"properties":{"Volcano Number":334140,"Volcano Name":"Southern EPR at 18.5°S (Segment I)","Country":"Undersea Features","Volcanic Region Group":"Southern Pacific Volcanic Regions","Volcanic Region":"Southern East Pacific Rise Volcanic Province","Volcano Landform":"Cluster","Primary Volcano Type":"Fissure vent(s)","Type Group":"Fissure vents","Type Description":"Linear cracks where lava erupts along a line rather than from one central cone.","Activity Evidence":"Eruption Dated","Activity Class":"Dated eruption","Last Known Eruption":"1915 CE","Eruption Year":1915.0,"Eruption Period":"Since 1900","Elevation (m)":-2600,"Elevation Class":"Below sea level","Tectonic Setting":"Rift zone / Oceanic crust (< 15 km)","Tectonic Group":"Rift","Dominant Rock Type":"Basalt / Picro-Basalt"}},{"type":"Feature","geometry":{"type":"Point","coordinates":[-139.845,-53.998]},"properties":{"Volcano Number":335020,"Volcano Name":"Hollister Ridge","Country":"Undersea Features","Volcanic Region Group":"Southern Pacific Volcanic Regions","Volcanic Region":"Pacific-Antarctic Ridge Volcanic Province","Volcano Landform":"Cluster","Primary Volcano Type":"Fissure vent","Type Group":"Other or unknown","Type Description":"The database lists a less common or unspecified volcano form.","Activity Evidence":"Evidence Uncertain","Activity Class":"Uncertain evidence","Last Known Eruption":"Unknown","Eruption Year":null,"Eruption Period":"BCE record","Elevation (m)":-1000,"Elevation Class":"Below sea level","Tectonic Setting":"Intraplate / Oceanic crust (< 15 km)","Tectonic Group":"Intraplate","Dominant Rock Type":"No Data (checked)"}},{"type":"Feature","geometry":{"type":"Point","coordinates":[-143.373,-56.153]},"properties":{"Volcano Number":335030,"Volcano Name":"Udintsev Transform","Country":"Undersea Features","Volcanic Region Group":"Southern Pacific Volcanic Regions","Volcanic Region":"Pacific-Antarctic Ridge Volcanic Province","Volcano Landform":"Cluster","Primary Volcano Type":"Fissure vent","Type Group":"Other or unknown","Type Description":"The database lists a less common or unspecified volcano form.","Activity Evidence":"Evidence Uncertain","Activity Class":"Uncertain evidence","Last Known Eruption":"Unknown","Eruption Year":null,"Eruption Period":"BCE record","Elevation (m)":-5700,"Elevation Class":"Below sea level","Tectonic Setting":"Intraplate / Oceanic crust (< 15 km)","Tectonic Group":"Intraplate","Dominant Rock Type":"No Data (checked)"}},{"type":"Feature","geometry":{"type":"Point","coordinates":[-113.5,31.85]},"properties":{"Volcano Number":341001,"Volcano Name":"Pinacate","Country":"Mexico","Volcanic Region Group":"North America Volcanic Regions","Volcanic Region":"Basin and Range Volcanic Province","Volcano Landform":"Cluster","Primary Volcano Type":"Volcanic field","Type Group":"Volcanic fields","Type Description":"Areas with many vents spread across a wider landscape.","Activity Evidence":"Evidence Credible","Activity Class":"Credible evidence","Last Known Eruption":"Unknown","Eruption Year":null,"Eruption Period":"BCE record","Elevation (m)":1183,"Elevation Class":"1,000-2,999 m","Tectonic Setting":"Subduction zone / Continental crust (>25 km)","Tectonic Group":"Subduction","Dominant Rock Type":"Basalt / Picro-Basalt"}},{"type":"Feature","geometry":{"type":"Point","coordinates":[-114.4082,29.9728]},"properties":{"Volcano Number":341003,"Volcano Name":"San Luis, Isla","Country":"Mexico","Volcanic Region Group":"Eastern Pacific Volcanic Regions","Volcanic Region":"Gulf of California Rift Volcanic Province","Volcano Landform":"Minor (Silicic)","Primary Volcano Type":"Tuff cone","Type Group":"Other or unknown","Type Description":"The database lists a less common or unspecified volcano form.","Activity Evidence":"Evidence Credible","Activity Class":"Credible evidence","Last Known Eruption":"1141 BCE","Eruption Year":-1141.0,"Eruption Period":"BCE record","Elevation (m)":183,"Elevation Class":"0-999 m","Tectonic Setting":"Rift zone / Continental crust (>25 km)","Tectonic Group":"Rift","Dominant Rock Type":"Rhyolite"}},{"type":"Feature","geometry":{"type":"Point","coordinates":[-114.5,29.33]},"properties":{"Volcano Number":341004,"Volcano Name":"Jaraguay Volcanic Field","Country":"Mexico","Volcanic Region Group":"Eastern Pacific Volcanic Regions","Volcanic Region":"Gulf of California Rift Volcanic Province","Volcano Landform":"Cluster","Primary Volcano Type":"Volcanic field","Type Group":"Volcanic fields","Type Description":"Areas with many vents spread across a wider landscape.","Activity Evidence":"Evidence Credible","Activity Class":"Credible evidence","Last Known Eruption":"Unknown","Eruption Year":null,"Eruption Period":"BCE record","Elevation (m)":960,"Elevation Class":"0-999 m","Tectonic Setting":"Rift zone / Continental crust (>25 km)","Tectonic Group":"Rift","Dominant Rock Type":"Andesite / Basaltic Andesite"}},{"type":"Feature","geometry":{"type":"Point","coordinates":[-113.75,28.5]},"properties":{"Volcano Number":341007,"Volcano Name":"San Borja Volcanic Field","Country":"Mexico","Volcanic Region Group":"Eastern Pacific Volcanic Regions","Volcanic Region":"Gulf of California Rift Volcanic Province","Volcano Landform":"Cluster","Primary Volcano Type":"Volcanic field","Type Group":"Volcanic fields","Type Description":"Areas with many vents spread across a wider landscape.","Activity Evidence":"Evidence Credible","Activity Class":"Credible evidence","Last Known Eruption":"Unknown","Eruption Year":null,"Eruption Period":"BCE record","Elevation (m)":1360,"Elevation Class":"1,000-2,999 m","Tectonic Setting":"Rift zone / Continental crust (>25 km)","Tectonic Group":"Rift","Dominant Rock Type":"Andesite / Basaltic Andesite"}},{"type":"Feature","geometry":{"type":"Point","coordinates":[-111.881,27.438]},"properties":{"Volcano Number":341011,"Volcano Name":"Tortuga, Isla","Country":"Mexico","Volcanic Region Group":"Eastern Pacific Volcanic Regions","Volcanic Region":"Gulf of California Rift Volcanic Province","Volcano Landform":"Shield","Primary Volcano Type":"Shield","Type Group":"Shield volcanoes","Type Description":"Broad volcanoes formed by fluid lava flows that can spread far from the vent.","Activity Evidence":"Evidence Credible","Activity Class":"Credible evidence","Last Known Eruption":"Unknown","Eruption Year":null,"Eruption Period":"BCE record","Elevation (m)":224,"Elevation Class":"0-999 m","Tectonic Setting":"Rift zone / Continental crust (>25 km)","Tectonic Group":"Rift","Dominant Rock Type":"Basalt / Picro-Basalt"}},{"type":"Feature","geometry":{"type":"Point","coordinates":[-111.92,26.0]},"properties":{"Volcano Number":341012,"Volcano Name":"Comondu-La Purisima","Country":"Mexico","Volcanic Region Group":"Eastern Pacific Volcanic Regions","Volcanic Region":"Gulf of California Rift Volcanic Province","Volcano Landform":"Cluster","Primary Volcano Type":"Volcanic field","Type Group":"Volcanic fields","Type Description":"Areas with many vents spread across a wider landscape.","Activity Evidence":"Evidence Uncertain","Activity Class":"Uncertain evidence","Last Known Eruption":"Unknown","Eruption Year":null,"Eruption Period":"BCE record","Elevation (m)":780,"Elevation Class":"0-999 m","Tectonic Setting":"Rift zone / Continental crust (>25 km)","Tectonic Group":"Rift","Dominant Rock Type":"Trachyandesite / Basaltic Trachyandesite"}},{"type":"Feature","geometry":{"type":"Point","coordinates":[-110.82,19.3]},"properties":{"Volcano Number":341020,"Volcano Name":"Barcena","Country":"Mexico","Volcanic Region Group":"Eastern Pacific Volcanic Regions","Volcanic Region":"Mathematicians Ridge Volcanic Province","Volcano Landform":"Minor","Primary Volcano Type":"Pyroclastic cone(s)","Type Group":"Small cones","Type Description":"Smaller volcanic cones or explosion craters formed by ash, cinders, or steam blasts.","Activity Evidence":"Eruption Observed","Activity Class":"Observed eruption","Last Known Eruption":"1953 CE","Eruption Year":1953.0,"Eruption Period":"Since 1900","Elevation (m)":332,"Elevation Class":"0-999 m","Tectonic Setting":"Rift zone / Oceanic crust (< 15 km)","Tectonic Group":"Rift","Dominant Rock Type":"Trachyte / Trachydacite"}},{"type":"Feature","geometry":{"type":"Point","coordinates":[-110.95,18.78]},"properties":{"Volcano Number":341021,"Volcano Name":"Socorro","Country":"Mexico","Volcanic Region Group":"Eastern Pacific Volcanic Regions","Volcanic Region":"Mathematicians Ridge Volcanic Province","Volcano Landform":"Shield","Primary Volcano Type":"Shield","Type Group":"Shield volcanoes","Type Description":"Broad volcanoes formed by fluid lava flows that can spread far from the vent.","Activity Evidence":"Eruption Observed","Activity Class":"Observed eruption","Last Known Eruption":"1994 CE","Eruption Year":1994.0,"Eruption Period":"Since 1900","Elevation (m)":1050,"Elevation Class":"1,000-2,999 m","Tectonic Setting":"Rift zone / Oceanic crust (< 15 km)","Tectonic Group":"Rift","Dominant Rock Type":"Trachyte / Trachydacite"}},{"type":"Feature","geometry":{"type":"Point","coordinates":[-104.45,24.15]},"properties":{"Volcano Number":341022,"Volcano Name":"Durango Volcanic Field","Country":"Mexico","Volcanic Region Group":"North America Volcanic Regions","Volcanic Region":"Basin and Range Volcanic Province","Volcano Landform":"Cluster","Primary Volcano Type":"Volcanic field","Type Group":"Volcanic fields","Type Description":"Areas with many vents spread across a wider landscape.","Activity Evidence":"Evidence Credible","Activity Class":"Credible evidence","Last Known Eruption":"Unknown","Eruption Year":null,"Eruption Period":"BCE record","Elevation (m)":2075,"Elevation Class":"1,000-2,999 m","Tectonic Setting":"Subduction zone / Continental crust (>25 km)","Tectonic Group":"Subduction","Dominant Rock Type":"Trachybasalt / Tephrite Basanite"}},{"type":"Feature","geometry":{"type":"Point","coordinates":[-104.73,21.45]},"properties":{"Volcano Number":341024,"Volcano Name":"Sanganguey","Country":"Mexico","Volcanic Region Group":"Middle America-Caribbean Volcanic Regions","Volcanic Region":"Trans-Mexican Volcanic Arc","Volcano Landform":"Composite","Primary Volcano Type":"Stratovolcano","Type Group":"Cone volcanoes","Type Description":"Tall, steep volcanoes often built by alternating lava and ash layers.","Activity Evidence":"Evidence Credible","Activity Class":"Credible evidence","Last Known Eruption":"Unknown","Eruption Year":null,"Eruption Period":"BCE record","Elevation (m)":2340,"Elevation Class":"1,000-2,999 m","Tectonic Setting":"Subduction zone / Continental crust (>25 km)","Tectonic Group":"Subduction","Dominant Rock Type":"Andesite / Basaltic Andesite"}},{"type":"Feature","geometry":{"type":"Point","coordinates":[-104.508,21.125]},"properties":{"Volcano Number":341030,"Volcano Name":"Ceboruco","Country":"Mexico","Volcanic Region Group":"Middle America-Caribbean Volcanic Regions","Volcanic Region":"Trans-Mexican Volcanic Arc","Volcano Landform":"Composite","Primary Volcano Type":"Stratovolcano","Type Group":"Cone volcanoes","Type Description":"Tall, steep volcanoes often built by alternating lava and ash layers.","Activity Evidence":"Eruption Observed","Activity Class":"Observed eruption","Last Known Eruption":"1875 CE","Eruption Year":1875.0,"Eruption Period":"1500-1899","Elevation (m)":2280,"Elevation Class":"1,000-2,999 m","Tectonic Setting":"Subduction zone / Continental crust (>25 km)","Tectonic Group":"Subduction","Dominant Rock Type":"Andesite / Basaltic Andesite"}},{"type":"Feature","geometry":{"type":"Point","coordinates":[-104.817,20.567]},"properties":{"Volcano Number":341031,"Volcano Name":"Mascota Volcanic Field","Country":"Mexico","Volcanic Region Group":"Middle America-Caribbean Volcanic Regions","Volcanic Region":"Trans-Mexican Volcanic Arc","Volcano Landform":"Cluster","Primary Volcano Type":"Volcanic field","Type Group":"Volcanic fields","Type Description":"Areas with many vents spread across a wider landscape.","Activity Evidence":"Evidence Credible","Activity Class":"Credible evidence","Last Known Eruption":"Unknown","Eruption Year":null,"Eruption Period":"BCE record","Elevation (m)":2525,"Elevation Class":"1,000-2,999 m","Tectonic Setting":"Subduction zone / Continental crust (>25 km)","Tectonic Group":"Subduction","Dominant Rock Type":"Andesite / Basaltic Andesite"}},{"type":"Feature","geometry":{"type":"Point","coordinates":[-103.62,19.514]},"properties":{"Volcano Number":341040,"Volcano Name":"Colima","Country":"Mexico","Volcanic Region Group":"Middle America-Caribbean Volcanic Regions","Volcanic Region":"Trans-Mexican Volcanic Arc","Volcano Landform":"Composite","Primary Volcano Type":"Stratovolcano(es)","Type Group":"Cone volcanoes","Type Description":"Tall, steep volcanoes often built by alternating lava and ash layers.","Activity Evidence":"Eruption Observed","Activity Class":"Observed eruption","Last Known Eruption":"2019 CE","Eruption Year":2019.0,"Eruption Period":"Since 1900","Elevation (m)":3850,"Elevation Class":"3,000 m and above","Tectonic Setting":"Subduction zone / Continental crust (>25 km)","Tectonic Group":"Subduction","Dominant Rock Type":"Andesite / Basaltic Andesite"}},{"type":"Feature","geometry":{"type":"Point","coordinates":[-101.75,19.85]},"properties":{"Volcano Number":341060,"Volcano Name":"Michoacan-Guanajuato","Country":"Mexico","Volcanic Region Group":"Middle America-Caribbean Volcanic Regions","Volcanic Region":"Trans-Mexican Volcanic Arc","Volcano Landform":"Cluster","Primary Volcano Type":"Volcanic field","Type Group":"Volcanic fields","Type Description":"Areas with many vents spread across a wider landscape.","Activity Evidence":"Eruption Observed","Activity Class":"Observed eruption","Last Known Eruption":"1952 CE","Eruption Year":1952.0,"Eruption Period":"Since 1900","Elevation (m)":3860,"Elevation Class":"3,000 m and above","Tectonic Setting":"Subduction zone / Continental crust (>25 km)","Tectonic Group":"Subduction","Dominant Rock Type":"Andesite / Basaltic Andesite"}},{"type":"Feature","geometry":{"type":"Point","coordinates":[-100.25,19.4]},"properties":{"Volcano Number":341061,"Volcano Name":"Zitacuaro-Valle de Bravo","Country":"Mexico","Volcanic Region Group":"Middle America-Caribbean Volcanic Regions","Volcanic Region":"Trans-Mexican Volcanic Arc","Volcano Landform":"Cluster","Primary Volcano Type":"Volcanic field","Type Group":"Volcanic fields","Type Description":"Areas with many vents spread across a wider landscape.","Activity Evidence":"Eruption Dated","Activity Class":"Dated eruption","Last Known Eruption":"3050 BCE","Eruption Year":-3050.0,"Eruption Period":"BCE record","Elevation (m)":3500,"Elevation Class":"3,000 m and above","Tectonic Setting":"Subduction zone / Continental crust (>25 km)","Tectonic Group":"Subduction","Dominant Rock Type":"Dacite"}},{"type":"Feature","geometry":{"type":"Point","coordinates":[-99.7579,19.7383]},"properties":{"Volcano Number":341062,"Volcano Name":"Jocotitlan","Country":"Mexico","Volcanic Region Group":"Middle America-Caribbean Volcanic Regions","Volcanic Region":"Trans-Mexican Volcanic Arc","Volcano Landform":"Composite","Primary Volcano Type":"Stratovolcano","Type Group":"Cone volcanoes","Type Description":"Tall, steep volcanoes often built by alternating lava and ash layers.","Activity Evidence":"Eruption Dated","Activity Class":"Dated eruption","Last Known Eruption":"1270 CE","Eruption Year":1270.0,"Eruption Period":"1-1499 CE","Elevation (m)":3911,"Elevation Class":"3,000 m and above","Tectonic Setting":"Subduction zone / Continental crust (>25 km)","Tectonic Group":"Subduction","Dominant Rock Type":"Dacite"}},{"type":"Feature","geometry":{"type":"Point","coordinates":[-99.758,19.108]},"properties":{"Volcano Number":341070,"Volcano Name":"Toluca, Nevado de","Country":"Mexico","Volcanic Region Group":"Middle America-Caribbean Volcanic Regions","Volcanic Region":"Trans-Mexican Volcanic Arc","Volcano Landform":"Composite","Primary Volcano Type":"Stratovolcano","Type Group":"Cone volcanoes","Type Description":"Tall, steep volcanoes often built by alternating lava and ash layers.","Activity Evidence":"Eruption Dated","Activity Class":"Dated eruption","Last Known Eruption":"1350 BCE","Eruption Year":-1350.0,"Eruption Period":"BCE record","Elevation (m)":4680,"Elevation Class":"3,000 m and above","Tectonic Setting":"Subduction zone / Continental crust (>25 km)","Tectonic Group":"Subduction","Dominant Rock Type":"Andesite / Basaltic Andesite"}},{"type":"Feature","geometry":{"type":"Point","coordinates":[-99.16,19.139]},"properties":{"Volcano Number":341080,"Volcano Name":"Chichinautzin","Country":"Mexico","Volcanic Region Group":"Middle America-Caribbean Volcanic Regions","Volcanic Region":"Trans-Mexican Volcanic Arc","Volcano Landform":"Cluster","Primary Volcano Type":"Volcanic field","Type Group":"Volcanic fields","Type Description":"Areas with many vents spread across a wider landscape.","Activity Evidence":"Eruption Dated","Activity Class":"Dated eruption","Last Known Eruption":"399 CE","Eruption Year":399.0,"Eruption Period":"1-1499 CE","Elevation (m)":3938,"Elevation Class":"3,000 m and above","Tectonic Setting":"Subduction zone / Continental crust (>25 km)","Tectonic Group":"Subduction","Dominant Rock Type":"Andesite / Basaltic Andesite"}},{"type":"Feature","geometry":{"type":"Point","coordinates":[-98.642,19.179]},"properties":{"Volcano Number":341082,"Volcano Name":"Iztaccihuatl","Country":"Mexico","Volcanic Region Group":"Middle America-Caribbean Volcanic Regions","Volcanic Region":"Trans-Mexican Volcanic Arc","Volcano Landform":"Composite","Primary Volcano Type":"Stratovolcano","Type Group":"Cone volcanoes","Type Description":"Tall, steep volcanoes often built by alternating lava and ash layers.","Activity Evidence":"Evidence Credible","Activity Class":"Credible evidence","Last Known Eruption":"Unknown","Eruption Year":null,"Eruption Period":"BCE record","Elevation (m)":5230,"Elevation Class":"3,000 m and above","Tectonic Setting":"Subduction zone / Continental crust (>25 km)","Tectonic Group":"Subduction","Dominant Rock Type":"Andesite / Basaltic Andesite"}},{"type":"Feature","geometry":{"type":"Point","coordinates":[-98.622,19.023]},"properties":{"Volcano Number":341090,"Volcano Name":"Popocatepetl","Country":"Mexico","Volcanic Region Group":"Middle America-Caribbean Volcanic Regions","Volcanic Region":"Trans-Mexican Volcanic Arc","Volcano Landform":"Composite","Primary Volcano Type":"Stratovolcano(es)","Type Group":"Cone volcanoes","Type Description":"Tall, steep volcanoes often built by alternating lava and ash layers.","Activity Evidence":"Eruption Observed","Activity Class":"Observed eruption","Last Known Eruption":"2026 CE","Eruption Year":2026.0,"Eruption Period":"Since 1900","Elevation (m)":5393,"Elevation Class":"3,000 m and above","Tectonic Setting":"Subduction zone / Continental crust (>25 km)","Tectonic Group":"Subduction","Dominant Rock Type":"Andesite / Basaltic Andesite"}},{"type":"Feature","geometry":{"type":"Point","coordinates":[-98.032,19.231]},"properties":{"Volcano Number":341091,"Volcano Name":"Malinche, La","Country":"Mexico","Volcanic Region Group":"Middle America-Caribbean Volcanic Regions","Volcanic Region":"Trans-Mexican Volcanic Arc","Volcano Landform":"Composite","Primary Volcano Type":"Stratovolcano","Type Group":"Cone volcanoes","Type Description":"Tall, steep volcanoes often built by alternating lava and ash layers.","Activity Evidence":"Eruption Dated","Activity Class":"Dated eruption","Last Known Eruption":"1170 BCE","Eruption Year":-1170.0,"Eruption Period":"BCE record","Elevation (m)":4461,"Elevation Class":"3,000 m and above","Tectonic Setting":"Subduction zone / Continental crust (>25 km)","Tectonic Group":"Subduction","Dominant Rock Type":"Andesite / Basaltic Andesite"}},{"type":"Feature","geometry":{"type":"Point","coordinates":[-97.47,19.27]},"properties":{"Volcano Number":341092,"Volcano Name":"Serdan-Oriental Volcanic Field","Country":"Mexico","Volcanic Region Group":"Middle America-Caribbean Volcanic Regions","Volcanic Region":"Trans-Mexican Volcanic Arc","Volcano Landform":"Cluster","Primary Volcano Type":"Volcanic field","Type Group":"Volcanic fields","Type Description":"Areas with many vents spread across a wider landscape.","Activity Evidence":"Eruption Dated","Activity Class":"Dated eruption","Last Known Eruption":"3920 BCE","Eruption Year":-3920.0,"Eruption Period":"BCE record","Elevation (m)":3485,"Elevation Class":"3,000 m and above","Tectonic Setting":"Subduction zone / Continental crust (>25 km)","Tectonic Group":"Subduction","Dominant Rock Type":"Rhyolite"}},{"type":"Feature","geometry":{"type":"Point","coordinates":[-97.45,19.68]},"properties":{"Volcano Number":341093,"Volcano Name":"Humeros, Los","Country":"Mexico","Volcanic Region Group":"Middle America-Caribbean Volcanic Regions","Volcanic Region":"Trans-Mexican Volcanic Arc","Volcano Landform":"Caldera","Primary Volcano Type":"Caldera(s)","Type Group":"Other or unknown","Type Description":"The database lists a less common or unspecified volcano form.","Activity Evidence":"Eruption Dated","Activity Class":"Dated eruption","Last Known Eruption":"4470 BCE","Eruption Year":-4470.0,"Eruption Period":"BCE record","Elevation (m)":3150,"Elevation Class":"3,000 m and above","Tectonic Setting":"Subduction zone / Continental crust (>25 km)","Tectonic Group":"Subduction","Dominant Rock Type":"Rhyolite"}},{"type":"Feature","geometry":{"type":"Point","coordinates":[-96.91,19.635]},"properties":{"Volcano Number":341095,"Volcano Name":"Naolinco Volcanic Field","Country":"Mexico","Volcanic Region Group":"Middle America-Caribbean Volcanic Regions","Volcanic Region":"Trans-Mexican Volcanic Arc","Volcano Landform":"Cluster","Primary Volcano Type":"Volcanic field","Type Group":"Volcanic fields","Type Description":"Areas with many vents spread across a wider landscape.","Activity Evidence":"Eruption Dated","Activity Class":"Dated eruption","Last Known Eruption":"1145 CE","Eruption Year":1145.0,"Eruption Period":"1-1499 CE","Elevation (m)":2000,"Elevation Class":"1,000-2,999 m","Tectonic Setting":"Subduction zone / Continental crust (>25 km)","Tectonic Group":"Subduction","Dominant Rock Type":"Basalt / Picro-Basalt"}},{"type":"Feature","geometry":{"type":"Point","coordinates":[-97.27,19.03]},"properties":{"Volcano Number":341100,"Volcano Name":"Orizaba, Pico de","Country":"Mexico","Volcanic Region Group":"Middle America-Caribbean Volcanic Regions","Volcanic Region":"Trans-Mexican Volcanic Arc","Volcano Landform":"Composite","Primary Volcano Type":"Stratovolcano","Type Group":"Cone volcanoes","Type Description":"Tall, steep volcanoes often built by alternating lava and ash layers.","Activity Evidence":"Eruption Observed","Activity Class":"Observed eruption","Last Known Eruption":"1846 CE","Eruption Year":1846.0,"Eruption Period":"1500-1899","Elevation (m)":5564,"Elevation Class":"3,000 m and above","Tectonic Setting":"Subduction zone / Continental crust (>25 km)","Tectonic Group":"Subduction","Dominant Rock Type":"Andesite / Basaltic Andesite"}},{"type":"Feature","geometry":{"type":"Point","coordinates":[-95.1989,18.5615]},"properties":{"Volcano Number":341110,"Volcano Name":"San Martin","Country":"Mexico","Volcanic Region Group":"Middle America-Caribbean Volcanic Regions","Volcanic Region":"Trans-Mexican Volcanic Arc","Volcano Landform":"Composite","Primary Volcano Type":"Volcanic field","Type Group":"Volcanic fields","Type Description":"Areas with many vents spread across a wider landscape.","Activity Evidence":"Eruption Observed","Activity Class":"Observed eruption","Last Known Eruption":"1796 CE","Eruption Year":1796.0,"Eruption Period":"1500-1899","Elevation (m)":1660,"Elevation Class":"1,000-2,999 m","Tectonic Setting":"Subduction zone / Continental crust (>25 km)","Tectonic Group":"Subduction","Dominant Rock Type":"Trachybasalt / Tephrite Basanite"}},{"type":"Feature","geometry":{"type":"Point","coordinates":[-93.2297,17.3602]},"properties":{"Volcano Number":341120,"Volcano Name":"Chichon, El","Country":"Mexico","Volcanic Region Group":"Middle America-Caribbean Volcanic Regions","Volcanic Region":"Chiapanecan Volcanic Arc","Volcano Landform":"Composite","Primary Volcano Type":"Lava dome(s)","Type Group":"Lava domes","Type Description":"Steep mounds built by thick lava that piles up near the vent.","Activity Evidence":"Eruption Observed","Activity Class":"Observed eruption","Last Known Eruption":"1982 CE","Eruption Year":1982.0,"Eruption Period":"Since 1900","Elevation (m)":1150,"Elevation Class":"1,000-2,999 m","Tectonic Setting":"Subduction zone / Continental crust (>25 km)","Tectonic Group":"Subduction","Dominant Rock Type":"Trachyandesite / Basaltic Trachyandesite"}},{"type":"Feature","geometry":{"type":"Point","coordinates":[-92.109,15.132]},"properties":{"Volcano Number":341130,"Volcano Name":"Tacana","Country":"Mexico-Guatemala","Volcanic Region Group":"Middle America-Caribbean Volcanic Regions","Volcanic Region":"Central America Volcanic Arc","Volcano Landform":"Composite","Primary Volcano Type":"Stratovolcano","Type Group":"Cone volcanoes","Type Description":"Tall, steep volcanoes often built by alternating lava and ash layers.","Activity Evidence":"Eruption Observed","Activity Class":"Observed eruption","Last Known Eruption":"1986 CE","Eruption Year":1986.0,"Eruption Period":"Since 1900","Elevation (m)":4064,"Elevation Class":"3,000 m and above","Tectonic Setting":"Subduction zone / Continental crust (>25 km)","Tectonic Group":"Subduction","Dominant Rock Type":"Andesite / Basaltic Andesite"}},{"type":"Feature","geometry":{"type":"Point","coordinates":[-91.903,15.043]},"properties":{"Volcano Number":342020,"Volcano Name":"Tajumulco","Country":"Guatemala","Volcanic Region Group":"Middle America-Caribbean Volcanic Regions","Volcanic Region":"Central America Volcanic Arc","Volcano Landform":"Composite","Primary Volcano Type":"Stratovolcano","Type Group":"Cone volcanoes","Type Description":"Tall, steep volcanoes often built by alternating lava and ash layers.","Activity Evidence":"Evidence Credible","Activity Class":"Credible evidence","Last Known Eruption":"Unknown","Eruption Year":null,"Eruption Period":"BCE record","Elevation (m)":4203,"Elevation Class":"3,000 m and above","Tectonic Setting":"Subduction zone / Continental crust (>25 km)","Tectonic Group":"Subduction","Dominant Rock Type":"Dacite"}},{"type":"Feature","geometry":{"type":"Point","coordinates":[-91.552,14.757]},"properties":{"Volcano Number":342030,"Volcano Name":"Santa Maria","Country":"Guatemala","Volcanic Region Group":"Middle America-Caribbean Volcanic Regions","Volcanic Region":"Central America Volcanic Arc","Volcano Landform":"Composite","Primary Volcano Type":"Stratovolcano","Type Group":"Cone volcanoes","Type Description":"Tall, steep volcanoes often built by alternating lava and ash layers.","Activity Evidence":"Eruption Observed","Activity Class":"Observed eruption","Last Known Eruption":"2026 CE","Eruption Year":2026.0,"Eruption Period":"Since 1900","Elevation (m)":3745,"Elevation Class":"3,000 m and above","Tectonic Setting":"Subduction zone / Continental crust (>25 km)","Tectonic Group":"Subduction","Dominant Rock Type":"Dacite"}},{"type":"Feature","geometry":{"type":"Point","coordinates":[-91.519,14.797]},"properties":{"Volcano Number":342040,"Volcano Name":"Almolonga","Country":"Guatemala","Volcanic Region Group":"Middle America-Caribbean Volcanic Regions","Volcanic Region":"Central America Volcanic Arc","Volcano Landform":"Composite","Primary Volcano Type":"Stratovolcano","Type Group":"Cone volcanoes","Type Description":"Tall, steep volcanoes often built by alternating lava and ash layers.","Activity Evidence":"Eruption Observed","Activity Class":"Observed eruption","Last Known Eruption":"1818 CE","Eruption Year":1818.0,"Eruption Period":"1500-1899","Elevation (m)":3173,"Elevation Class":"3,000 m and above","Tectonic Setting":"Subduction zone / Continental crust (>25 km)","Tectonic Group":"Subduction","Dominant Rock Type":"Dacite"}},{"type":"Feature","geometry":{"type":"Point","coordinates":[-91.186,14.583]},"properties":{"Volcano Number":342060,"Volcano Name":"Atitlan","Country":"Guatemala","Volcanic Region Group":"Middle America-Caribbean Volcanic Regions","Volcanic Region":"Central America Volcanic Arc","Volcano Landform":"Composite","Primary Volcano Type":"Stratovolcano(es)","Type Group":"Cone volcanoes","Type Description":"Tall, steep volcanoes often built by alternating lava and ash layers.","Activity Evidence":"Eruption Observed","Activity Class":"Observed eruption","Last Known Eruption":"1853 CE","Eruption Year":1853.0,"Eruption Period":"1500-1899","Elevation (m)":3535,"Elevation Class":"3,000 m and above","Tectonic Setting":"Subduction zone / Continental crust (>25 km)","Tectonic Group":"Subduction","Dominant Rock Type":"Andesite / Basaltic Andesite"}},{"type":"Feature","geometry":{"type":"Point","coordinates":[-91.189,14.612]},"properties":{"Volcano Number":342070,"Volcano Name":"Toliman","Country":"Guatemala","Volcanic Region Group":"Middle America-Caribbean Volcanic Regions","Volcanic Region":"Central America Volcanic Arc","Volcano Landform":"Composite","Primary Volcano Type":"Stratovolcano(es)","Type Group":"Cone volcanoes","Type Description":"Tall, steep volcanoes often built by alternating lava and ash layers.","Activity Evidence":"Evidence Credible","Activity Class":"Credible evidence","Last Known Eruption":"Unknown","Eruption Year":null,"Eruption Period":"BCE record","Elevation (m)":3158,"Elevation Class":"3,000 m and above","Tectonic Setting":"Subduction zone / Continental crust (>25 km)","Tectonic Group":"Subduction","Dominant Rock Type":"Andesite / Basaltic Andesite"}},{"type":"Feature","geometry":{"type":"Point","coordinates":[-90.876,14.501]},"properties":{"Volcano Number":342080,"Volcano Name":"Acatenango","Country":"Guatemala","Volcanic Region Group":"Middle America-Caribbean Volcanic Regions","Volcanic Region":"Central America Volcanic Arc","Volcano Landform":"Composite","Primary Volcano Type":"Stratovolcano(es)","Type Group":"Cone volcanoes","Type Description":"Tall, steep volcanoes often built by alternating lava and ash layers.","Activity Evidence":"Eruption Observed","Activity Class":"Observed eruption","Last Known Eruption":"1972 CE","Eruption Year":1972.0,"Eruption Period":"Since 1900","Elevation (m)":3976,"Elevation Class":"3,000 m and above","Tectonic Setting":"Subduction zone / Continental crust (>25 km)","Tectonic Group":"Subduction","Dominant Rock Type":"Andesite / Basaltic Andesite"}},{"type":"Feature","geometry":{"type":"Point","coordinates":[-90.8806,14.4748]},"properties":{"Volcano Number":342090,"Volcano Name":"Fuego","Country":"Guatemala","Volcanic Region Group":"Middle America-Caribbean Volcanic Regions","Volcanic Region":"Central America Volcanic Arc","Volcano Landform":"Composite","Primary Volcano Type":"Stratovolcano(es)","Type Group":"Cone volcanoes","Type Description":"Tall, steep volcanoes often built by alternating lava and ash layers.","Activity Evidence":"Eruption Observed","Activity Class":"Observed eruption","Last Known Eruption":"2026 CE","Eruption Year":2026.0,"Eruption Period":"Since 1900","Elevation (m)":3799,"Elevation Class":"3,000 m and above","Tectonic Setting":"Subduction zone / Continental crust (>25 km)","Tectonic Group":"Subduction","Dominant Rock Type":"Basalt / Picro-Basalt"}},{"type":"Feature","geometry":{"type":"Point","coordinates":[-90.743,14.465]},"properties":{"Volcano Number":342100,"Volcano Name":"Agua","Country":"Guatemala","Volcanic Region Group":"Middle America-Caribbean Volcanic Regions","Volcanic Region":"Central America Volcanic Arc","Volcano Landform":"Composite","Primary Volcano Type":"Stratovolcano","Type Group":"Cone volcanoes","Type Description":"Tall, steep volcanoes often built by alternating lava and ash layers.","Activity Evidence":"Evidence Credible","Activity Class":"Credible evidence","Last Known Eruption":"Unknown","Eruption Year":null,"Eruption Period":"BCE record","Elevation (m)":3760,"Elevation Class":"3,000 m and above","Tectonic Setting":"Subduction zone / Continental crust (>25 km)","Tectonic Group":"Subduction","Dominant Rock Type":"Andesite / Basaltic Andesite"}},{"type":"Feature","geometry":{"type":"Point","coordinates":[-90.601,14.382]},"properties":{"Volcano Number":342110,"Volcano Name":"Pacaya","Country":"Guatemala","Volcanic Region Group":"Middle America-Caribbean Volcanic Regions","Volcanic Region":"Central America Volcanic Arc","Volcano Landform":"Composite","Primary Volcano Type":"Complex","Type Group":"Complex volcanoes","Type Description":"Volcanoes with multiple vents, cones, or overlapping eruptive centers.","Activity Evidence":"Eruption Observed","Activity Class":"Observed eruption","Last Known Eruption":"2021 CE","Eruption Year":2021.0,"Eruption Period":"Since 1900","Elevation (m)":2569,"Elevation Class":"1,000-2,999 m","Tectonic Setting":"Subduction zone / Continental crust (>25 km)","Tectonic Group":"Subduction","Dominant Rock Type":"Basalt / Picro-Basalt"}},{"type":"Feature","geometry":{"type":"Point","coordinates":[-90.4,14.33]},"properties":{"Volcano Number":342111,"Volcano Name":"Cuilapa-Barbarena","Country":"Guatemala","Volcanic Region Group":"Middle America-Caribbean Volcanic Regions","Volcanic Region":"Central America Volcanic Arc","Volcano Landform":"Cluster","Primary Volcano Type":"Volcanic field","Type Group":"Volcanic fields","Type Description":"Areas with many vents spread across a wider landscape.","Activity Evidence":"Evidence Credible","Activity Class":"Credible evidence","Last Known Eruption":"Unknown","Eruption Year":null,"Eruption Period":"BCE record","Elevation (m)":1454,"Elevation Class":"1,000-2,999 m","Tectonic Setting":"Subduction zone / Continental crust (>25 km)","Tectonic Group":"Subduction","Dominant Rock Type":"Basalt / Picro-Basalt"}},{"type":"Feature","geometry":{"type":"Point","coordinates":[-90.407,14.156]},"properties":{"Volcano Number":342120,"Volcano Name":"Tecuamburro","Country":"Guatemala","Volcanic Region Group":"Middle America-Caribbean Volcanic Regions","Volcanic Region":"Central America Volcanic Arc","Volcano Landform":"Composite","Primary Volcano Type":"Stratovolcano","Type Group":"Cone volcanoes","Type Description":"Tall, steep volcanoes often built by alternating lava and ash layers.","Activity Evidence":"Eruption Dated","Activity Class":"Dated eruption","Last Known Eruption":"960 BCE","Eruption Year":-960.0,"Eruption Period":"BCE record","Elevation (m)":1845,"Elevation Class":"1,000-2,999 m","Tectonic Setting":"Subduction zone / Continental crust (>25 km)","Tectonic Group":"Subduction","Dominant Rock Type":"Andesite / Basaltic Andesite"}},{"type":"Feature","geometry":{"type":"Point","coordinates":[-90.271,14.34]},"properties":{"Volcano Number":342121,"Volcano Name":"Jumaytepeque","Country":"Guatemala","Volcanic Region Group":"Middle America-Caribbean Volcanic Regions","Volcanic Region":"Central America Volcanic Arc","Volcano Landform":"Composite","Primary Volcano Type":"Stratovolcano","Type Group":"Cone volcanoes","Type Description":"Tall, steep volcanoes often built by alternating lava and ash layers.","Activity Evidence":"Evidence Uncertain","Activity Class":"Uncertain evidence","Last Known Eruption":"Unknown","Eruption Year":null,"Eruption Period":"BCE record","Elevation (m)":1802,"Elevation Class":"1,000-2,999 m","Tectonic Setting":"Subduction zone / Continental crust (>25 km)","Tectonic Group":"Subduction","Dominant Rock Type":"Basalt / Picro-Basalt"}},{"type":"Feature","geometry":{"type":"Point","coordinates":[-90.1,14.03]},"properties":{"Volcano Number":342130,"Volcano Name":"Moyuta","Country":"Guatemala","Volcanic Region Group":"Middle America-Caribbean Volcanic Regions","Volcanic Region":"Central America Volcanic Arc","Volcano Landform":"Composite","Primary Volcano Type":"Stratovolcano","Type Group":"Cone volcanoes","Type Description":"Tall, steep volcanoes often built by alternating lava and ash layers.","Activity Evidence":"Evidence Credible","Activity Class":"Credible evidence","Last Known Eruption":"Unknown","Eruption Year":null,"Eruption Period":"BCE record","Elevation (m)":1662,"Elevation Class":"1,000-2,999 m","Tectonic Setting":"Subduction zone / Continental crust (>25 km)","Tectonic Group":"Subduction","Dominant Rock Type":"Andesite / Basaltic Andesite"}},{"type":"Feature","geometry":{"type":"Point","coordinates":[-89.992,14.308]},"properties":{"Volcano Number":342140,"Volcano Name":"Flores","Country":"Guatemala","Volcanic Region Group":"Middle America-Caribbean Volcanic Regions","Volcanic Region":"Central America Volcanic Arc","Volcano Landform":"Cluster","Primary Volcano Type":"Volcanic field","Type Group":"Volcanic fields","Type Description":"Areas with many vents spread across a wider landscape.","Activity Evidence":"Evidence Credible","Activity Class":"Credible evidence","Last Known Eruption":"Unknown","Eruption Year":null,"Eruption Period":"BCE record","Elevation (m)":1600,"Elevation Class":"1,000-2,999 m","Tectonic Setting":"Subduction zone / Continental crust (>25 km)","Tectonic Group":"Subduction","Dominant Rock Type":"Basalt / Picro-Basalt"}},{"type":"Feature","geometry":{"type":"Point","coordinates":[-89.9,14.43]},"properties":{"Volcano Number":342141,"Volcano Name":"Tahual","Country":"Guatemala","Volcanic Region Group":"Middle America-Caribbean Volcanic Regions","Volcanic Region":"Central America Volcanic Arc","Volcano Landform":"Composite","Primary Volcano Type":"Stratovolcano","Type Group":"Cone volcanoes","Type Description":"Tall, steep volcanoes often built by alternating lava and ash layers.","Activity Evidence":"Evidence Credible","Activity Class":"Credible evidence","Last Known Eruption":"Unknown","Eruption Year":null,"Eruption Period":"BCE record","Elevation (m)":1716,"Elevation Class":"1,000-2,999 m","Tectonic Setting":"Subduction zone / Continental crust (>25 km)","Tectonic Group":"Subduction","Dominant Rock Type":"Basalt / Picro-Basalt"}},{"type":"Feature","geometry":{"type":"Point","coordinates":[-89.87,14.33]},"properties":{"Volcano Number":342150,"Volcano Name":"Santiago, Cerro","Country":"Guatemala","Volcanic Region Group":"Middle America-Caribbean Volcanic Regions","Volcanic Region":"Central America Volcanic Arc","Volcano Landform":"Cluster","Primary Volcano Type":"Volcanic field","Type Group":"Volcanic fields","Type Description":"Areas with many vents spread across a wider landscape.","Activity Evidence":"Evidence Credible","Activity Class":"Credible evidence","Last Known Eruption":"Unknown","Eruption Year":null,"Eruption Period":"BCE record","Elevation (m)":1192,"Elevation Class":"1,000-2,999 m","Tectonic Setting":"Subduction zone / Continental crust (>25 km)","Tectonic Group":"Subduction","Dominant Rock Type":"Basalt / Picro-Basalt"}},{"type":"Feature","geometry":{"type":"Point","coordinates":[-89.78,14.4]},"properties":{"Volcano Number":342160,"Volcano Name":"Suchitan","Country":"Guatemala","Volcanic Region Group":"Middle America-Caribbean Volcanic Regions","Volcanic Region":"Central America Volcanic Arc","Volcano Landform":"Composite","Primary Volcano Type":"Stratovolcano(es)","Type Group":"Cone volcanoes","Type Description":"Tall, steep volcanoes often built by alternating lava and ash layers.","Activity Evidence":"Evidence Credible","Activity Class":"Credible evidence","Last Known Eruption":"Unknown","Eruption Year":null,"Eruption Period":"BCE record","Elevation (m)":2042,"Elevation Class":"1,000-2,999 m","Tectonic Setting":"Subduction zone / Continental crust (>25 km)","Tectonic Group":"Subduction","Dominant Rock Type":"Andesite / Basaltic Andesite"}},{"type":"Feature","geometry":{"type":"Point","coordinates":[-89.73,14.12]},"properties":{"Volcano Number":342170,"Volcano Name":"Chingo","Country":"Guatemala-El Salvador","Volcanic Region Group":"Middle America-Caribbean Volcanic Regions","Volcanic Region":"Central America Volcanic Arc","Volcano Landform":"Composite","Primary Volcano Type":"Stratovolcano","Type Group":"Cone volcanoes","Type Description":"Tall, steep volcanoes often built by alternating lava and ash layers.","Activity Evidence":"Evidence Credible","Activity Class":"Credible evidence","Last Known Eruption":"Unknown","Eruption Year":null,"Eruption Period":"BCE record","Elevation (m)":1775,"Elevation Class":"1,000-2,999 m","Tectonic Setting":"Subduction zone / Continental crust (>25 km)","Tectonic Group":"Subduction","Dominant Rock Type":"Andesite / Basaltic Andesite"}},{"type":"Feature","geometry":{"type":"Point","coordinates":[-89.68,14.42]},"properties":{"Volcano Number":342180,"Volcano Name":"Ixtepeque","Country":"Guatemala","Volcanic Region Group":"Middle America-Caribbean Volcanic Regions","Volcanic Region":"Central America Volcanic Arc","Volcano Landform":"Cluster","Primary Volcano Type":"Lava dome(s)","Type Group":"Lava domes","Type Description":"Steep mounds built by thick lava that piles up near the vent.","Activity Evidence":"Evidence Credible","Activity Class":"Credible evidence","Last Known Eruption":"Unknown","Eruption Year":null,"Eruption Period":"BCE record","Elevation (m)":1292,"Elevation Class":"1,000-2,999 m","Tectonic Setting":"Subduction zone / Continental crust (>25 km)","Tectonic Group":"Subduction","Dominant Rock Type":"Rhyolite"}},{"type":"Feature","geometry":{"type":"Point","coordinates":[-89.631,14.054]},"properties":{"Volcano Number":343002,"Volcano Name":"Singuil, Cerro","Country":"El Salvador","Volcanic Region Group":"Middle America-Caribbean Volcanic Regions","Volcanic Region":"Central America Volcanic Arc","Volcano Landform":"Cluster","Primary Volcano Type":"Volcanic field","Type Group":"Volcanic fields","Type Description":"Areas with many vents spread across a wider landscape.","Activity Evidence":"Evidence Credible","Activity Class":"Credible evidence","Last Known Eruption":"Unknown","Eruption Year":null,"Eruption Period":"BCE record","Elevation (m)":926,"Elevation Class":"0-999 m","Tectonic Setting":"Subduction zone / Continental crust (>25 km)","Tectonic Group":"Subduction","Dominant Rock Type":"Basalt / Picro-Basalt"}},{"type":"Feature","geometry":{"type":"Point","coordinates":[-89.742,13.872]},"properties":{"Volcano Number":343010,"Volcano Name":"Apaneca Range","Country":"El Salvador","Volcanic Region Group":"Middle America-Caribbean Volcanic Regions","Volcanic Region":"Central America Volcanic Arc","Volcano Landform":"Composite","Primary Volcano Type":"Stratovolcano(es)","Type Group":"Cone volcanoes","Type Description":"Tall, steep volcanoes often built by alternating lava and ash layers.","Activity Evidence":"Evidence Credible","Activity Class":"Credible evidence","Last Known Eruption":"Unknown","Eruption Year":null,"Eruption Period":"BCE record","Elevation (m)":2028,"Elevation Class":"1,000-2,999 m","Tectonic Setting":"Subduction zone / Continental crust (>25 km)","Tectonic Group":"Subduction","Dominant Rock Type":"Basalt / Picro-Basalt"}},{"type":"Feature","geometry":{"type":"Point","coordinates":[-89.63,13.853]},"properties":{"Volcano Number":343020,"Volcano Name":"Santa Ana","Country":"El Salvador","Volcanic Region Group":"Middle America-Caribbean Volcanic Regions","Volcanic Region":"Central America Volcanic Arc","Volcano Landform":"Composite","Primary Volcano Type":"Stratovolcano","Type Group":"Cone volcanoes","Type Description":"Tall, steep volcanoes often built by alternating lava and ash layers.","Activity Evidence":"Eruption Observed","Activity Class":"Observed eruption","Last Known Eruption":"2005 CE","Eruption Year":2005.0,"Eruption Period":"Since 1900","Elevation (m)":2381,"Elevation Class":"1,000-2,999 m","Tectonic Setting":"Subduction zone / Continental crust (>25 km)","Tectonic Group":"Subduction","Dominant Rock Type":"Andesite / Basaltic Andesite"}},{"type":"Feature","geometry":{"type":"Point","coordinates":[-89.633,13.813]},"properties":{"Volcano Number":343030,"Volcano Name":"Izalco","Country":"El Salvador","Volcanic Region Group":"Middle America-Caribbean Volcanic Regions","Volcanic Region":"Central America Volcanic Arc","Volcano Landform":"Composite","Primary Volcano Type":"Stratovolcano","Type Group":"Cone volcanoes","Type Description":"Tall, steep volcanoes often built by alternating lava and ash layers.","Activity Evidence":"Eruption Observed","Activity Class":"Observed eruption","Last Known Eruption":"1966 CE","Eruption Year":1966.0,"Eruption Period":"Since 1900","Elevation (m)":1950,"Elevation Class":"1,000-2,999 m","Tectonic Setting":"Subduction zone / Continental crust (>25 km)","Tectonic Group":"Subduction","Dominant Rock Type":"Andesite / Basaltic Andesite"}},{"type":"Feature","geometry":{"type":"Point","coordinates":[-89.55,13.87]},"properties":{"Volcano Number":343041,"Volcano Name":"Coatepeque Caldera","Country":"El Salvador","Volcanic Region Group":"Middle America-Caribbean Volcanic Regions","Volcanic Region":"Central America Volcanic Arc","Volcano Landform":"Caldera","Primary Volcano Type":"Caldera","Type Group":"Calderas","Type Description":"Large collapse basins that can form after major eruptions empty magma chambers.","Activity Evidence":"Evidence Credible","Activity Class":"Credible evidence","Last Known Eruption":"Unknown","Eruption Year":null,"Eruption Period":"BCE record","Elevation (m)":746,"Elevation Class":"0-999 m","Tectonic Setting":"Subduction zone / Continental crust (>25 km)","Tectonic Group":"Subduction","Dominant Rock Type":"Rhyolite"}},{"type":"Feature","geometry":{"type":"Point","coordinates":[-89.294,13.734]},"properties":{"Volcano Number":343050,"Volcano Name":"San Salvador","Country":"El Salvador","Volcanic Region Group":"Middle America-Caribbean Volcanic Regions","Volcanic Region":"Central America Volcanic Arc","Volcano Landform":"Composite","Primary Volcano Type":"Stratovolcano","Type Group":"Cone volcanoes","Type Description":"Tall, steep volcanoes often built by alternating lava and ash layers.","Activity Evidence":"Eruption Observed","Activity Class":"Observed eruption","Last Known Eruption":"1917 CE","Eruption Year":1917.0,"Eruption Period":"Since 1900","Elevation (m)":1893,"Elevation Class":"1,000-2,999 m","Tectonic Setting":"Subduction zone / Continental crust (>25 km)","Tectonic Group":"Subduction","Dominant Rock Type":"Andesite / Basaltic Andesite"}},{"type":"Feature","geometry":{"type":"Point","coordinates":[-89.25,14.02]},"properties":{"Volcano Number":343051,"Volcano Name":"Cinotepeque, Cerro","Country":"El Salvador","Volcanic Region Group":"Middle America-Caribbean Volcanic Regions","Volcanic Region":"Central America Volcanic Arc","Volcano Landform":"Cluster","Primary Volcano Type":"Volcanic field","Type Group":"Volcanic fields","Type Description":"Areas with many vents spread across a wider landscape.","Activity Evidence":"Evidence Credible","Activity Class":"Credible evidence","Last Known Eruption":"Unknown","Eruption Year":null,"Eruption Period":"BCE record","Elevation (m)":665,"Elevation Class":"0-999 m","Tectonic Setting":"Subduction zone / Continental crust (>25 km)","Tectonic Group":"Subduction","Dominant Rock Type":"No Data (checked)"}},{"type":"Feature","geometry":{"type":"Point","coordinates":[-89.053,13.672]},"properties":{"Volcano Number":343060,"Volcano Name":"Ilopango","Country":"El Salvador","Volcanic Region Group":"Middle America-Caribbean Volcanic Regions","Volcanic Region":"Central America Volcanic Arc","Volcano Landform":"Caldera","Primary Volcano Type":"Caldera","Type Group":"Calderas","Type Description":"Large collapse basins that can form after major eruptions empty magma chambers.","Activity Evidence":"Eruption Observed","Activity Class":"Observed eruption","Last Known Eruption":"1880 CE","Eruption Year":1880.0,"Eruption Period":"1500-1899","Elevation (m)":450,"Elevation Class":"0-999 m","Tectonic Setting":"Subduction zone / Continental crust (>25 km)","Tectonic Group":"Subduction","Dominant Rock Type":"Dacite"}},{"type":"Feature","geometry":{"type":"Point","coordinates":[-88.8375,13.5969]},"properties":{"Volcano Number":343070,"Volcano Name":"San Vicente","Country":"El Salvador","Volcanic Region Group":"Middle America-Caribbean Volcanic Regions","Volcanic Region":"Central America Volcanic Arc","Volcano Landform":"Composite","Primary Volcano Type":"Stratovolcano","Type Group":"Cone volcanoes","Type Description":"Tall, steep volcanoes often built by alternating lava and ash layers.","Activity Evidence":"Evidence Credible","Activity Class":"Credible evidence","Last Known Eruption":"Unknown","Eruption Year":null,"Eruption Period":"BCE record","Elevation (m)":2149,"Elevation Class":"1,000-2,999 m","Tectonic Setting":"Subduction zone / Continental crust (>25 km)","Tectonic Group":"Subduction","Dominant Rock Type":"Andesite / Basaltic Andesite"}},{"type":"Feature","geometry":{"type":"Point","coordinates":[-88.532,13.435]},"properties":{"Volcano Number":343072,"Volcano Name":"Taburete","Country":"El Salvador","Volcanic Region Group":"Middle America-Caribbean Volcanic Regions","Volcanic Region":"Central America Volcanic Arc","Volcano Landform":"Composite","Primary Volcano Type":"Stratovolcano","Type Group":"Cone volcanoes","Type Description":"Tall, steep volcanoes often built by alternating lava and ash layers.","Activity Evidence":"Evidence Uncertain","Activity Class":"Uncertain evidence","Last Known Eruption":"Unknown","Eruption Year":null,"Eruption Period":"BCE record","Elevation (m)":1172,"Elevation Class":"1,000-2,999 m","Tectonic Setting":"Subduction zone / Continental crust (>25 km)","Tectonic Group":"Subduction","Dominant Rock Type":"Basalt / Picro-Basalt"}},{"type":"Feature","geometry":{"type":"Point","coordinates":[-88.502,13.494]},"properties":{"Volcano Number":343080,"Volcano Name":"Tecapa","Country":"El Salvador","Volcanic Region Group":"Middle America-Caribbean Volcanic Regions","Volcanic Region":"Central America Volcanic Arc","Volcano Landform":"Composite","Primary Volcano Type":"Stratovolcano","Type Group":"Cone volcanoes","Type Description":"Tall, steep volcanoes often built by alternating lava and ash layers.","Activity Evidence":"Evidence Credible","Activity Class":"Credible evidence","Last Known Eruption":"Unknown","Eruption Year":null,"Eruption Period":"BCE record","Elevation (m)":1593,"Elevation Class":"1,000-2,999 m","Tectonic Setting":"Subduction zone / Continental crust (>25 km)","Tectonic Group":"Subduction","Dominant Rock Type":"Andesite / Basaltic Andesite"}},{"type":"Feature","geometry":{"type":"Point","coordinates":[-88.471,13.419]},"properties":{"Volcano Number":343081,"Volcano Name":"Usulutan","Country":"El Salvador","Volcanic Region Group":"Middle America-Caribbean Volcanic Regions","Volcanic Region":"Central America Volcanic Arc","Volcano Landform":"Composite","Primary Volcano Type":"Stratovolcano","Type Group":"Cone volcanoes","Type Description":"Tall, steep volcanoes often built by alternating lava and ash layers.","Activity Evidence":"Evidence Credible","Activity Class":"Credible evidence","Last Known Eruption":"Unknown","Eruption Year":null,"Eruption Period":"BCE record","Elevation (m)":1449,"Elevation Class":"1,000-2,999 m","Tectonic Setting":"Subduction zone / Continental crust (>25 km)","Tectonic Group":"Subduction","Dominant Rock Type":"Basalt / Picro-Basalt"}},{"type":"Feature","geometry":{"type":"Point","coordinates":[-88.43,13.47]},"properties":{"Volcano Number":343082,"Volcano Name":"Tigre, El","Country":"El Salvador","Volcanic Region Group":"Middle America-Caribbean Volcanic Regions","Volcanic Region":"Central America Volcanic Arc","Volcano Landform":"Composite","Primary Volcano Type":"Stratovolcano","Type Group":"Cone volcanoes","Type Description":"Tall, steep volcanoes often built by alternating lava and ash layers.","Activity Evidence":"Evidence Credible","Activity Class":"Credible evidence","Last Known Eruption":"Unknown","Eruption Year":null,"Eruption Period":"BCE record","Elevation (m)":1640,"Elevation Class":"1,000-2,999 m","Tectonic Setting":"Subduction zone / Continental crust (>25 km)","Tectonic Group":"Subduction","Dominant Rock Type":"Basalt / Picro-Basalt"}},{"type":"Feature","geometry":{"type":"Point","coordinates":[-88.33,13.478]},"properties":{"Volcano Number":343090,"Volcano Name":"Chinameca","Country":"El Salvador","Volcanic Region Group":"Middle America-Caribbean Volcanic Regions","Volcanic Region":"Central America Volcanic Arc","Volcano Landform":"Composite","Primary Volcano Type":"Stratovolcano","Type Group":"Cone volcanoes","Type Description":"Tall, steep volcanoes often built by alternating lava and ash layers.","Activity Evidence":"Evidence Credible","Activity Class":"Credible evidence","Last Known Eruption":"Unknown","Eruption Year":null,"Eruption Period":"BCE record","Elevation (m)":1300,"Elevation Class":"1,000-2,999 m","Tectonic Setting":"Subduction zone / Continental crust (>25 km)","Tectonic Group":"Subduction","Dominant Rock Type":"Andesite / Basaltic Andesite"}},{"type":"Feature","geometry":{"type":"Point","coordinates":[-88.269,13.434]},"properties":{"Volcano Number":343100,"Volcano Name":"San Miguel","Country":"El Salvador","Volcanic Region Group":"Middle America-Caribbean Volcanic Regions","Volcanic Region":"Central America Volcanic Arc","Volcano Landform":"Composite","Primary Volcano Type":"Stratovolcano","Type Group":"Cone volcanoes","Type Description":"Tall, steep volcanoes often built by alternating lava and ash layers.","Activity Evidence":"Eruption Observed","Activity Class":"Observed eruption","Last Known Eruption":"2023 CE","Eruption Year":2023.0,"Eruption Period":"Since 1900","Elevation (m)":2130,"Elevation Class":"1,000-2,999 m","Tectonic Setting":"Subduction zone / Continental crust (>25 km)","Tectonic Group":"Subduction","Dominant Rock Type":"Andesite / Basaltic Andesite"}},{"type":"Feature","geometry":{"type":"Point","coordinates":[-88.105,13.428]},"properties":{"Volcano Number":343101,"Volcano Name":"Aramuaca, Laguna","Country":"El Salvador","Volcanic Region Group":"Middle America-Caribbean Volcanic Regions","Volcanic Region":"Central America Volcanic Arc","Volcano Landform":"Minor","Primary Volcano Type":"Maar","Type Group":"Other or unknown","Type Description":"The database lists a less common or unspecified volcano form.","Activity Evidence":"Evidence Credible","Activity Class":"Credible evidence","Last Known Eruption":"Unknown","Eruption Year":null,"Eruption Period":"BCE record","Elevation (m)":181,"Elevation Class":"0-999 m","Tectonic Setting":"Subduction zone / Continental crust (>25 km)","Tectonic Group":"Subduction","Dominant Rock Type":"No Data (checked)"}},{"type":"Feature","geometry":{"type":"Point","coordinates":[-87.639,13.274]},"properties":{"Volcano Number":343130,"Volcano Name":"Tigre, Isla del","Country":"Honduras","Volcanic Region Group":"Middle America-Caribbean Volcanic Regions","Volcanic Region":"Central America Volcanic Arc","Volcano Landform":"Composite","Primary Volcano Type":"Stratovolcano","Type Group":"Cone volcanoes","Type Description":"Tall, steep volcanoes often built by alternating lava and ash layers.","Activity Evidence":"Evidence Credible","Activity Class":"Credible evidence","Last Known Eruption":"Unknown","Eruption Year":null,"Eruption Period":"BCE record","Elevation (m)":774,"Elevation Class":"0-999 m","Tectonic Setting":"Subduction zone / Continental crust (>25 km)","Tectonic Group":"Subduction","Dominant Rock Type":"Basalt / Picro-Basalt"}},{"type":"Feature","geometry":{"type":"Point","coordinates":[-87.63,13.33]},"properties":{"Volcano Number":343140,"Volcano Name":"Zacate Grande, Isla","Country":"Honduras","Volcanic Region Group":"Middle America-Caribbean Volcanic Regions","Volcanic Region":"Central America Volcanic Arc","Volcano Landform":"Composite","Primary Volcano Type":"Stratovolcano","Type Group":"Cone volcanoes","Type Description":"Tall, steep volcanoes often built by alternating lava and ash layers.","Activity Evidence":"Evidence Credible","Activity Class":"Credible evidence","Last Known Eruption":"Unknown","Eruption Year":null,"Eruption Period":"BCE record","Elevation (m)":640,"Elevation Class":"0-999 m","Tectonic Setting":"Subduction zone / Continental crust (>25 km)","Tectonic Group":"Subduction","Dominant Rock Type":"Basalt / Picro-Basalt"}},{"type":"Feature","geometry":{"type":"Point","coordinates":[-87.983,14.964]},"properties":{"Volcano Number":343150,"Volcano Name":"Yojoa, Lago","Country":"Honduras","Volcanic Region Group":"Middle America-Caribbean Volcanic Regions","Volcanic Region":"Central America Volcanic Arc","Volcano Landform":"Cluster","Primary Volcano Type":"Volcanic field","Type Group":"Volcanic fields","Type Description":"Areas with many vents spread across a wider landscape.","Activity Evidence":"Eruption Dated","Activity Class":"Dated eruption","Last Known Eruption":"7638 BCE","Eruption Year":-7638.0,"Eruption Period":"BCE record","Elevation (m)":1060,"Elevation Class":"1,000-2,999 m","Tectonic Setting":"Subduction zone / Continental crust (>25 km)","Tectonic Group":"Subduction","Dominant Rock Type":"Trachybasalt / Tephrite Basanite"}},{"type":"Feature","geometry":{"type":"Point","coordinates":[-87.57,12.98]},"properties":{"Volcano Number":344010,"Volcano Name":"Cosiguina","Country":"Nicaragua","Volcanic Region Group":"Middle America-Caribbean Volcanic Regions","Volcanic Region":"Central America Volcanic Arc","Volcano Landform":"Composite","Primary Volcano Type":"Stratovolcano","Type Group":"Cone volcanoes","Type Description":"Tall, steep volcanoes often built by alternating lava and ash layers.","Activity Evidence":"Eruption Observed","Activity Class":"Observed eruption","Last Known Eruption":"1859 CE","Eruption Year":1859.0,"Eruption Period":"1500-1899","Elevation (m)":872,"Elevation Class":"0-999 m","Tectonic Setting":"Subduction zone / Continental crust (>25 km)","Tectonic Group":"Subduction","Dominant Rock Type":"Andesite / Basaltic Andesite"}},{"type":"Feature","geometry":{"type":"Point","coordinates":[-87.004,12.702]},"properties":{"Volcano Number":344020,"Volcano Name":"San Cristobal","Country":"Nicaragua","Volcanic Region Group":"Middle America-Caribbean Volcanic Regions","Volcanic Region":"Central America Volcanic Arc","Volcano Landform":"Composite","Primary Volcano Type":"Stratovolcano","Type Group":"Cone volcanoes","Type Description":"Tall, steep volcanoes often built by alternating lava and ash layers.","Activity Evidence":"Eruption Observed","Activity Class":"Observed eruption","Last Known Eruption":"2024 CE","Eruption Year":2024.0,"Eruption Period":"Since 1900","Elevation (m)":1745,"Elevation Class":"1,000-2,999 m","Tectonic Setting":"Subduction zone / Continental crust (>25 km)","Tectonic Group":"Subduction","Dominant Rock Type":"Basalt / Picro-Basalt"}},{"type":"Feature","geometry":{"type":"Point","coordinates":[-86.84,12.606]},"properties":{"Volcano Number":344040,"Volcano Name":"Telica","Country":"Nicaragua","Volcanic Region Group":"Middle America-Caribbean Volcanic Regions","Volcanic Region":"Central America Volcanic Arc","Volcano Landform":"Composite","Primary Volcano Type":"Stratovolcano(es)","Type Group":"Cone volcanoes","Type Description":"Tall, steep volcanoes often built by alternating lava and ash layers.","Activity Evidence":"Eruption Observed","Activity Class":"Observed eruption","Last Known Eruption":"2025 CE","Eruption Year":2025.0,"Eruption Period":"Since 1900","Elevation (m)":1036,"Elevation Class":"1,000-2,999 m","Tectonic Setting":"Subduction zone / Continental crust (>25 km)","Tectonic Group":"Subduction","Dominant Rock Type":"Basalt / Picro-Basalt"}},{"type":"Feature","geometry":{"type":"Point","coordinates":[-86.702,12.506]},"properties":{"Volcano Number":344070,"Volcano Name":"Negro, Cerro","Country":"Nicaragua","Volcanic Region Group":"Middle America-Caribbean Volcanic Regions","Volcanic Region":"Central America Volcanic Arc","Volcano Landform":"Minor","Primary Volcano Type":"Pyroclastic cone(s)","Type Group":"Small cones","Type Description":"Smaller volcanic cones or explosion craters formed by ash, cinders, or steam blasts.","Activity Evidence":"Eruption Observed","Activity Class":"Observed eruption","Last Known Eruption":"1999 CE","Eruption Year":1999.0,"Eruption Period":"Since 1900","Elevation (m)":728,"Elevation Class":"0-999 m","Tectonic Setting":"Subduction zone / Continental crust (>25 km)","Tectonic Group":"Subduction","Dominant Rock Type":"Basalt / Picro-Basalt"}},{"type":"Feature","geometry":{"type":"Point","coordinates":[-86.6786,12.4922]},"properties":{"Volcano Number":344080,"Volcano Name":"Las Pilas-El Hoyo Complex","Country":"Nicaragua","Volcanic Region Group":"Middle America-Caribbean Volcanic Regions","Volcanic Region":"Central America Volcanic Arc","Volcano Landform":"Composite","Primary Volcano Type":"Complex","Type Group":"Complex volcanoes","Type Description":"Volcanoes with multiple vents, cones, or overlapping eruptive centers.","Activity Evidence":"Eruption Observed","Activity Class":"Observed eruption","Last Known Eruption":"1954 CE","Eruption Year":1954.0,"Eruption Period":"Since 1900","Elevation (m)":1088,"Elevation Class":"1,000-2,999 m","Tectonic Setting":"Subduction zone / Continental crust (>25 km)","Tectonic Group":"Subduction","Dominant Rock Type":"Andesite / Basaltic Andesite"}},{"type":"Feature","geometry":{"type":"Point","coordinates":[-86.539,12.423]},"properties":{"Volcano Number":344090,"Volcano Name":"Momotombo","Country":"Nicaragua","Volcanic Region Group":"Middle America-Caribbean Volcanic Regions","Volcanic Region":"Central America Volcanic Arc","Volcano Landform":"Composite","Primary Volcano Type":"Stratovolcano","Type Group":"Cone volcanoes","Type Description":"Tall, steep volcanoes often built by alternating lava and ash layers.","Activity Evidence":"Eruption Observed","Activity Class":"Observed eruption","Last Known Eruption":"2016 CE","Eruption Year":2016.0,"Eruption Period":"Since 1900","Elevation (m)":1270,"Elevation Class":"1,000-2,999 m","Tectonic Setting":"Subduction zone / Continental crust (>25 km)","Tectonic Group":"Subduction","Dominant Rock Type":"Basalt / Picro-Basalt"}},{"type":"Feature","geometry":{"type":"Point","coordinates":[-86.342,12.242]},"properties":{"Volcano Number":344091,"Volcano Name":"Apoyeque","Country":"Nicaragua","Volcanic Region Group":"Middle America-Caribbean Volcanic Regions","Volcanic Region":"Central America Volcanic Arc","Volcano Landform":"Caldera","Primary Volcano Type":"Caldera","Type Group":"Calderas","Type Description":"Large collapse basins that can form after major eruptions empty magma chambers.","Activity Evidence":"Eruption Dated","Activity Class":"Dated eruption","Last Known Eruption":"50 BCE","Eruption Year":-50.0,"Eruption Period":"BCE record","Elevation (m)":518,"Elevation Class":"0-999 m","Tectonic Setting":"Subduction zone / Continental crust (>25 km)","Tectonic Group":"Subduction","Dominant Rock Type":"Dacite"}},{"type":"Feature","geometry":{"type":"Point","coordinates":[-86.32,12.12]},"properties":{"Volcano Number":344092,"Volcano Name":"Nejapa-Miraflores","Country":"Nicaragua","Volcanic Region Group":"Middle America-Caribbean Volcanic Regions","Volcanic Region":"Central America Volcanic Arc","Volcano Landform":"Cluster","Primary Volcano Type":"Fissure vent(s)","Type Group":"Fissure vents","Type Description":"Linear cracks where lava erupts along a line rather than from one central cone.","Activity Evidence":"Eruption Dated","Activity Class":"Dated eruption","Last Known Eruption":"1060 CE","Eruption Year":1060.0,"Eruption Period":"1-1499 CE","Elevation (m)":360,"Elevation Class":"0-999 m","Tectonic Setting":"Subduction zone / Continental crust (>25 km)","Tectonic Group":"Subduction","Dominant Rock Type":"Basalt / Picro-Basalt"}},{"type":"Feature","geometry":{"type":"Point","coordinates":[-86.1688,11.9844]},"properties":{"Volcano Number":344100,"Volcano Name":"Masaya","Country":"Nicaragua","Volcanic Region Group":"Middle America-Caribbean Volcanic Regions","Volcanic Region":"Central America Volcanic Arc","Volcano Landform":"Caldera","Primary Volcano Type":"Caldera","Type Group":"Calderas","Type Description":"Large collapse basins that can form after major eruptions empty magma chambers.","Activity Evidence":"Eruption Observed","Activity Class":"Observed eruption","Last Known Eruption":"2026 CE","Eruption Year":2026.0,"Eruption Period":"Since 1900","Elevation (m)":594,"Elevation Class":"0-999 m","Tectonic Setting":"Subduction zone / Continental crust (>25 km)","Tectonic Group":"Subduction","Dominant Rock Type":"Basalt / Picro-Basalt"}},{"type":"Feature","geometry":{"type":"Point","coordinates":[-85.979,11.9]},"properties":{"Volcano Number":344101,"Volcano Name":"Granada","Country":"Nicaragua","Volcanic Region Group":"Middle America-Caribbean Volcanic Regions","Volcanic Region":"Central America Volcanic Arc","Volcano Landform":"Cluster","Primary Volcano Type":"Fissure vent(s)","Type Group":"Fissure vents","Type Description":"Linear cracks where lava erupts along a line rather than from one central cone.","Activity Evidence":"Evidence Credible","Activity Class":"Credible evidence","Last Known Eruption":"Unknown","Eruption Year":null,"Eruption Period":"BCE record","Elevation (m)":250,"Elevation Class":"0-999 m","Tectonic Setting":"Subduction zone / Continental crust (>25 km)","Tectonic Group":"Subduction","Dominant Rock Type":"Basalt / Picro-Basalt"}},{"type":"Feature","geometry":{"type":"Point","coordinates":[-85.968,11.826]},"properties":{"Volcano Number":344110,"Volcano Name":"Mombacho","Country":"Nicaragua","Volcanic Region Group":"Middle America-Caribbean Volcanic Regions","Volcanic Region":"Central America Volcanic Arc","Volcano Landform":"Composite","Primary Volcano Type":"Stratovolcano","Type Group":"Cone volcanoes","Type Description":"Tall, steep volcanoes often built by alternating lava and ash layers.","Activity Evidence":"Unrest / Holocene","Activity Class":"Unspecified","Last Known Eruption":"Unknown","Eruption Year":null,"Eruption Period":"BCE record","Elevation (m)":1344,"Elevation Class":"1,000-2,999 m","Tectonic Setting":"Subduction zone / Continental crust (>25 km)","Tectonic Group":"Subduction","Dominant Rock Type":"Andesite / Basaltic Andesite"}},{"type":"Feature","geometry":{"type":"Point","coordinates":[-85.82,11.73]},"properties":{"Volcano Number":344111,"Volcano Name":"Zapatera","Country":"Nicaragua","Volcanic Region Group":"Middle America-Caribbean Volcanic Regions","Volcanic Region":"Central America Volcanic Arc","Volcano Landform":"Shield","Primary Volcano Type":"Shield","Type Group":"Shield volcanoes","Type Description":"Broad volcanoes formed by fluid lava flows that can spread far from the vent.","Activity Evidence":"Evidence Credible","Activity Class":"Credible evidence","Last Known Eruption":"Unknown","Eruption Year":null,"Eruption Period":"BCE record","Elevation (m)":629,"Elevation Class":"0-999 m","Tectonic Setting":"Subduction zone / Continental crust (>25 km)","Tectonic Group":"Subduction","Dominant Rock Type":"Andesite / Basaltic Andesite"}},{"type":"Feature","geometry":{"type":"Point","coordinates":[-85.622,11.538]},"properties":{"Volcano Number":344120,"Volcano Name":"Concepcion","Country":"Nicaragua","Volcanic Region Group":"Middle America-Caribbean Volcanic Regions","Volcanic Region":"Central America Volcanic Arc","Volcano Landform":"Composite","Primary Volcano Type":"Stratovolcano","Type Group":"Cone volcanoes","Type Description":"Tall, steep volcanoes often built by alternating lava and ash layers.","Activity Evidence":"Eruption Observed","Activity Class":"Observed eruption","Last Known Eruption":"2024 CE","Eruption Year":2024.0,"Eruption Period":"Since 1900","Elevation (m)":1700,"Elevation Class":"1,000-2,999 m","Tectonic Setting":"Subduction zone / Continental crust (>25 km)","Tectonic Group":"Subduction","Dominant Rock Type":"Andesite / Basaltic Andesite"}},{"type":"Feature","geometry":{"type":"Point","coordinates":[-85.473,10.98]},"properties":{"Volcano Number":345010,"Volcano Name":"Orosi","Country":"Costa Rica","Volcanic Region Group":"Middle America-Caribbean Volcanic Regions","Volcanic Region":"Central America Volcanic Arc","Volcano Landform":"Composite","Primary Volcano Type":"Stratovolcano(es)","Type Group":"Cone volcanoes","Type Description":"Tall, steep volcanoes often built by alternating lava and ash layers.","Activity Evidence":"Evidence Uncertain","Activity Class":"Uncertain evidence","Last Known Eruption":"Unknown","Eruption Year":null,"Eruption Period":"BCE record","Elevation (m)":1659,"Elevation Class":"1,000-2,999 m","Tectonic Setting":"Subduction zone / Continental crust (>25 km)","Tectonic Group":"Subduction","Dominant Rock Type":"Andesite / Basaltic Andesite"}},{"type":"Feature","geometry":{"type":"Point","coordinates":[-85.3364,10.8314]},"properties":{"Volcano Number":345020,"Volcano Name":"Rincon de la Vieja","Country":"Costa Rica","Volcanic Region Group":"Middle America-Caribbean Volcanic Regions","Volcanic Region":"Central America Volcanic Arc","Volcano Landform":"Composite","Primary Volcano Type":"Complex","Type Group":"Complex volcanoes","Type Description":"Volcanoes with multiple vents, cones, or overlapping eruptive centers.","Activity Evidence":"Eruption Observed","Activity Class":"Observed eruption","Last Known Eruption":"2024 CE","Eruption Year":2024.0,"Eruption Period":"Since 1900","Elevation (m)":1729,"Elevation Class":"1,000-2,999 m","Tectonic Setting":"Subduction zone / Continental crust (>25 km)","Tectonic Group":"Subduction","Dominant Rock Type":"Andesite / Basaltic Andesite"}},{"type":"Feature","geometry":{"type":"Point","coordinates":[-85.153,10.748]},"properties":{"Volcano Number":345030,"Volcano Name":"Miravalles","Country":"Costa Rica","Volcanic Region Group":"Middle America-Caribbean Volcanic Regions","Volcanic Region":"Central America Volcanic Arc","Volcano Landform":"Composite","Primary Volcano Type":"Stratovolcano","Type Group":"Cone volcanoes","Type Description":"Tall, steep volcanoes often built by alternating lava and ash layers.","Activity Evidence":"Eruption Observed","Activity Class":"Observed eruption","Last Known Eruption":"1946 CE","Eruption Year":1946.0,"Eruption Period":"Since 1900","Elevation (m)":2028,"Elevation Class":"1,000-2,999 m","Tectonic Setting":"Subduction zone / Continental crust (>25 km)","Tectonic Group":"Subduction","Dominant Rock Type":"Andesite / Basaltic Andesite"}},{"type":"Feature","geometry":{"type":"Point","coordinates":[-85.015,10.673]},"properties":{"Volcano Number":345031,"Volcano Name":"Tenorio","Country":"Costa Rica","Volcanic Region Group":"Middle America-Caribbean Volcanic Regions","Volcanic Region":"Central America Volcanic Arc","Volcano Landform":"Composite","Primary Volcano Type":"Stratovolcano(es)","Type Group":"Cone volcanoes","Type Description":"Tall, steep volcanoes often built by alternating lava and ash layers.","Activity Evidence":"Evidence Credible","Activity Class":"Credible evidence","Last Known Eruption":"Unknown","Eruption Year":null,"Eruption Period":"BCE record","Elevation (m)":1916,"Elevation Class":"1,000-2,999 m","Tectonic Setting":"Subduction zone / Continental crust (>25 km)","Tectonic Group":"Subduction","Dominant Rock Type":"Andesite / Basaltic Andesite"}},{"type":"Feature","geometry":{"type":"Point","coordinates":[-84.703,10.463]},"properties":{"Volcano Number":345033,"Volcano Name":"Arenal","Country":"Costa Rica","Volcanic Region Group":"Middle America-Caribbean Volcanic Regions","Volcanic Region":"Central America Volcanic Arc","Volcano Landform":"Composite","Primary Volcano Type":"Stratovolcano","Type Group":"Cone volcanoes","Type Description":"Tall, steep volcanoes often built by alternating lava and ash layers.","Activity Evidence":"Eruption Observed","Activity Class":"Observed eruption","Last Known Eruption":"2010 CE","Eruption Year":2010.0,"Eruption Period":"Since 1900","Elevation (m)":1670,"Elevation Class":"1,000-2,999 m","Tectonic Setting":"Subduction zone / Continental crust (>25 km)","Tectonic Group":"Subduction","Dominant Rock Type":"Andesite / Basaltic Andesite"}},{"type":"Feature","geometry":{"type":"Point","coordinates":[-84.366,10.3]},"properties":{"Volcano Number":345034,"Volcano Name":"Platanar","Country":"Costa Rica","Volcanic Region Group":"Middle America-Caribbean Volcanic Regions","Volcanic Region":"Central America Volcanic Arc","Volcano Landform":"Composite","Primary Volcano Type":"Stratovolcano(es)","Type Group":"Cone volcanoes","Type Description":"Tall, steep volcanoes often built by alternating lava and ash layers.","Activity Evidence":"Evidence Credible","Activity Class":"Credible evidence","Last Known Eruption":"Unknown","Eruption Year":null,"Eruption Period":"BCE record","Elevation (m)":2267,"Elevation Class":"1,000-2,999 m","Tectonic Setting":"Subduction zone / Continental crust (>25 km)","Tectonic Group":"Subduction","Dominant Rock Type":"Andesite / Basaltic Andesite"}},{"type":"Feature","geometry":{"type":"Point","coordinates":[-84.233,10.2]},"properties":{"Volcano Number":345040,"Volcano Name":"Poas","Country":"Costa Rica","Volcanic Region Group":"Middle America-Caribbean Volcanic Regions","Volcanic Region":"Central America Volcanic Arc","Volcano Landform":"Composite","Primary Volcano Type":"Stratovolcano","Type Group":"Cone volcanoes","Type Description":"Tall, steep volcanoes often built by alternating lava and ash layers.","Activity Evidence":"Eruption Observed","Activity Class":"Observed eruption","Last Known Eruption":"2026 CE","Eruption Year":2026.0,"Eruption Period":"Since 1900","Elevation (m)":2697,"Elevation Class":"1,000-2,999 m","Tectonic Setting":"Subduction zone / Continental crust (>25 km)","Tectonic Group":"Subduction","Dominant Rock Type":"Andesite / Basaltic Andesite"}},{"type":"Feature","geometry":{"type":"Point","coordinates":[-84.1,10.135]},"properties":{"Volcano Number":345050,"Volcano Name":"Barva","Country":"Costa Rica","Volcanic Region Group":"Middle America-Caribbean Volcanic Regions","Volcanic Region":"Central America Volcanic Arc","Volcano Landform":"Composite","Primary Volcano Type":"Complex","Type Group":"Complex volcanoes","Type Description":"Volcanoes with multiple vents, cones, or overlapping eruptive centers.","Activity Evidence":"Eruption Dated","Activity Class":"Dated eruption","Last Known Eruption":"6050 BCE","Eruption Year":-6050.0,"Eruption Period":"BCE record","Elevation (m)":2906,"Elevation Class":"1,000-2,999 m","Tectonic Setting":"Subduction zone / Continental crust (>25 km)","Tectonic Group":"Subduction","Dominant Rock Type":"Andesite / Basaltic Andesite"}},{"type":"Feature","geometry":{"type":"Point","coordinates":[-83.852,9.979]},"properties":{"Volcano Number":345060,"Volcano Name":"Irazu","Country":"Costa Rica","Volcanic Region Group":"Middle America-Caribbean Volcanic Regions","Volcanic Region":"Central America Volcanic Arc","Volcano Landform":"Composite","Primary Volcano Type":"Stratovolcano","Type Group":"Cone volcanoes","Type Description":"Tall, steep volcanoes often built by alternating lava and ash layers.","Activity Evidence":"Eruption Observed","Activity Class":"Observed eruption","Last Known Eruption":"1977 CE","Eruption Year":1977.0,"Eruption Period":"Since 1900","Elevation (m)":3436,"Elevation Class":"3,000 m and above","Tectonic Setting":"Subduction zone / Continental crust (>25 km)","Tectonic Group":"Subduction","Dominant Rock Type":"Andesite / Basaltic Andesite"}},{"type":"Feature","geometry":{"type":"Point","coordinates":[-83.767,10.025]},"properties":{"Volcano Number":345070,"Volcano Name":"Turrialba","Country":"Costa Rica","Volcanic Region Group":"Middle America-Caribbean Volcanic Regions","Volcanic Region":"Central America Volcanic Arc","Volcano Landform":"Composite","Primary Volcano Type":"Stratovolcano","Type Group":"Cone volcanoes","Type Description":"Tall, steep volcanoes often built by alternating lava and ash layers.","Activity Evidence":"Eruption Observed","Activity Class":"Observed eruption","Last Known Eruption":"2022 CE","Eruption Year":2022.0,"Eruption Period":"Since 1900","Elevation (m)":3340,"Elevation Class":"3,000 m and above","Tectonic Setting":"Subduction zone / Continental crust (>25 km)","Tectonic Group":"Subduction","Dominant Rock Type":"Andesite / Basaltic Andesite"}},{"type":"Feature","geometry":{"type":"Point","coordinates":[-82.543,8.808]},"properties":{"Volcano Number":346010,"Volcano Name":"Baru","Country":"Panama","Volcanic Region Group":"Middle America-Caribbean Volcanic Regions","Volcanic Region":"Central America Volcanic Arc","Volcano Landform":"Composite","Primary Volcano Type":"Stratovolcano","Type Group":"Cone volcanoes","Type Description":"Tall, steep volcanoes often built by alternating lava and ash layers.","Activity Evidence":"Eruption Observed","Activity Class":"Observed eruption","Last Known Eruption":"1550 CE","Eruption Year":1550.0,"Eruption Period":"1500-1899","Elevation (m)":3474,"Elevation Class":"3,000 m and above","Tectonic Setting":"Subduction zone / Continental crust (>25 km)","Tectonic Group":"Subduction","Dominant Rock Type":"Andesite / Basaltic Andesite"}},{"type":"Feature","geometry":{"type":"Point","coordinates":[-75.363,5.203]},"properties":{"Volcano Number":351011,"Volcano Name":"Romeral","Country":"Colombia","Volcanic Region Group":"South America Volcanic Regions","Volcanic Region":"Northern Andean Volcanic Arc","Volcano Landform":"Composite","Primary Volcano Type":"Stratovolcano","Type Group":"Cone volcanoes","Type Description":"Tall, steep volcanoes often built by alternating lava and ash layers.","Activity Evidence":"Eruption Dated","Activity Class":"Dated eruption","Last Known Eruption":"5390 BCE","Eruption Year":-5390.0,"Eruption Period":"BCE record","Elevation (m)":3769,"Elevation Class":"3,000 m and above","Tectonic Setting":"Subduction zone / Continental crust (>25 km)","Tectonic Group":"Subduction","Dominant Rock Type":"Andesite / Basaltic Andesite"}},{"type":"Feature","geometry":{"type":"Point","coordinates":[-75.293,5.091]},"properties":{"Volcano Number":351012,"Volcano Name":"Bravo, Cerro","Country":"Colombia","Volcanic Region Group":"South America Volcanic Regions","Volcanic Region":"Northern Andean Volcanic Arc","Volcano Landform":"Composite","Primary Volcano Type":"Stratovolcano","Type Group":"Cone volcanoes","Type Description":"Tall, steep volcanoes often built by alternating lava and ash layers.","Activity Evidence":"Eruption Dated","Activity Class":"Dated eruption","Last Known Eruption":"1720 CE","Eruption Year":1720.0,"Eruption Period":"1500-1899","Elevation (m)":3985,"Elevation Class":"3,000 m and above","Tectonic Setting":"Subduction zone / Continental crust (>25 km)","Tectonic Group":"Subduction","Dominant Rock Type":"Dacite"}},{"type":"Feature","geometry":{"type":"Point","coordinates":[-75.324,4.892]},"properties":{"Volcano Number":351020,"Volcano Name":"Ruiz, Nevado del","Country":"Colombia","Volcanic Region Group":"South America Volcanic Regions","Volcanic Region":"Northern Andean Volcanic Arc","Volcano Landform":"Composite","Primary Volcano Type":"Stratovolcano","Type Group":"Cone volcanoes","Type Description":"Tall, steep volcanoes often built by alternating lava and ash layers.","Activity Evidence":"Eruption Observed","Activity Class":"Observed eruption","Last Known Eruption":"2026 CE","Eruption Year":2026.0,"Eruption Period":"Since 1900","Elevation (m)":5279,"Elevation Class":"3,000 m and above","Tectonic Setting":"Subduction zone / Continental crust (>25 km)","Tectonic Group":"Subduction","Dominant Rock Type":"Andesite / Basaltic Andesite"}},{"type":"Feature","geometry":{"type":"Point","coordinates":[-75.365,4.818]},"properties":{"Volcano Number":351021,"Volcano Name":"Santa Isabel","Country":"Colombia","Volcanic Region Group":"South America Volcanic Regions","Volcanic Region":"Northern Andean Volcanic Arc","Volcano Landform":"Shield","Primary Volcano Type":"Shield","Type Group":"Shield volcanoes","Type Description":"Broad volcanoes formed by fluid lava flows that can spread far from the vent.","Activity Evidence":"Eruption Dated","Activity Class":"Dated eruption","Last Known Eruption":"850 BCE","Eruption Year":-850.0,"Eruption Period":"BCE record","Elevation (m)":4944,"Elevation Class":"3,000 m and above","Tectonic Setting":"Subduction zone / Continental crust (>25 km)","Tectonic Group":"Subduction","Dominant Rock Type":"Andesite / Basaltic Andesite"}},{"type":"Feature","geometry":{"type":"Point","coordinates":[-75.33,4.658]},"properties":{"Volcano Number":351030,"Volcano Name":"Tolima, Nevado del","Country":"Colombia","Volcanic Region Group":"South America Volcanic Regions","Volcanic Region":"Northern Andean Volcanic Arc","Volcano Landform":"Composite","Primary Volcano Type":"Stratovolcano","Type Group":"Cone volcanoes","Type Description":"Tall, steep volcanoes often built by alternating lava and ash layers.","Activity Evidence":"Eruption Observed","Activity Class":"Observed eruption","Last Known Eruption":"1943 CE","Eruption Year":1943.0,"Eruption Period":"Since 1900","Elevation (m)":5215,"Elevation Class":"3,000 m and above","Tectonic Setting":"Subduction zone / Continental crust (>25 km)","Tectonic Group":"Subduction","Dominant Rock Type":"Andesite / Basaltic Andesite"}},{"type":"Feature","geometry":{"type":"Point","coordinates":[-75.389,4.487]},"properties":{"Volcano Number":351040,"Volcano Name":"Machin","Country":"Colombia","Volcanic Region Group":"South America Volcanic Regions","Volcanic Region":"Northern Andean Volcanic Arc","Volcano Landform":"Composite","Primary Volcano Type":"Stratovolcano","Type Group":"Cone volcanoes","Type Description":"Tall, steep volcanoes often built by alternating lava and ash layers.","Activity Evidence":"Eruption Dated","Activity Class":"Dated eruption","Last Known Eruption":"1180 CE","Eruption Year":1180.0,"Eruption Period":"1-1499 CE","Elevation (m)":2749,"Elevation Class":"1,000-2,999 m","Tectonic Setting":"Subduction zone / Continental crust (>25 km)","Tectonic Group":"Subduction","Dominant Rock Type":"Dacite"}},{"type":"Feature","geometry":{"type":"Point","coordinates":[-76.03,2.93]},"properties":{"Volcano Number":351050,"Volcano Name":"Huila, Nevado del","Country":"Colombia","Volcanic Region Group":"South America Volcanic Regions","Volcanic Region":"Northern Andean Volcanic Arc","Volcano Landform":"Composite","Primary Volcano Type":"Stratovolcano","Type Group":"Cone volcanoes","Type Description":"Tall, steep volcanoes often built by alternating lava and ash layers.","Activity Evidence":"Eruption Observed","Activity Class":"Observed eruption","Last Known Eruption":"2012 CE","Eruption Year":2012.0,"Eruption Period":"Since 1900","Elevation (m)":5364,"Elevation Class":"3,000 m and above","Tectonic Setting":"Subduction zone / Continental crust (>25 km)","Tectonic Group":"Subduction","Dominant Rock Type":"Andesite / Basaltic Andesite"}},{"type":"Feature","geometry":{"type":"Point","coordinates":[-76.3948,2.3095]},"properties":{"Volcano Number":351060,"Volcano Name":"Purace","Country":"Colombia","Volcanic Region Group":"South America Volcanic Regions","Volcanic Region":"Northern Andean Volcanic Arc","Volcano Landform":"Cluster","Primary Volcano Type":"Stratovolcano(es)","Type Group":"Cone volcanoes","Type Description":"Tall, steep volcanoes often built by alternating lava and ash layers.","Activity Evidence":"Eruption Observed","Activity Class":"Observed eruption","Last Known Eruption":"2026 CE","Eruption Year":2026.0,"Eruption Period":"Since 1900","Elevation (m)":4650,"Elevation Class":"3,000 m and above","Tectonic Setting":"Subduction zone / Continental crust (>25 km)","Tectonic Group":"Subduction","Dominant Rock Type":"Andesite / Basaltic Andesite"}},{"type":"Feature","geometry":{"type":"Point","coordinates":[-76.592,2.108]},"properties":{"Volcano Number":351061,"Volcano Name":"Sotara","Country":"Colombia","Volcanic Region Group":"South America Volcanic Regions","Volcanic Region":"Northern Andean Volcanic Arc","Volcano Landform":"Composite","Primary Volcano Type":"Stratovolcano","Type Group":"Cone volcanoes","Type Description":"Tall, steep volcanoes often built by alternating lava and ash layers.","Activity Evidence":"Evidence Credible","Activity Class":"Credible evidence","Last Known Eruption":"Unknown","Eruption Year":null,"Eruption Period":"BCE record","Elevation (m)":4400,"Elevation Class":"3,000 m and above","Tectonic Setting":"Subduction zone / Continental crust (>25 km)","Tectonic Group":"Subduction","Dominant Rock Type":"Andesite / Basaltic Andesite"}},{"type":"Feature","geometry":{"type":"Point","coordinates":[-76.936,1.5]},"properties":{"Volcano Number":351070,"Volcano Name":"Dona Juana","Country":"Colombia","Volcanic Region Group":"South America Volcanic Regions","Volcanic Region":"Northern Andean Volcanic Arc","Volcano Landform":"Composite","Primary Volcano Type":"Stratovolcano","Type Group":"Cone volcanoes","Type Description":"Tall, steep volcanoes often built by alternating lava and ash layers.","Activity Evidence":"Eruption Observed","Activity Class":"Observed eruption","Last Known Eruption":"1906 CE","Eruption Year":1906.0,"Eruption Period":"Since 1900","Elevation (m)":4137,"Elevation Class":"3,000 m and above","Tectonic Setting":"Subduction zone / Continental crust (>25 km)","Tectonic Group":"Subduction","Dominant Rock Type":"Andesite / Basaltic Andesite"}},{"type":"Feature","geometry":{"type":"Point","coordinates":[-77.37,1.22]},"properties":{"Volcano Number":351080,"Volcano Name":"Galeras","Country":"Colombia","Volcanic Region Group":"South America Volcanic Regions","Volcanic Region":"Northern Andean Volcanic Arc","Volcano Landform":"Composite","Primary Volcano Type":"Complex","Type Group":"Complex volcanoes","Type Description":"Volcanoes with multiple vents, cones, or overlapping eruptive centers.","Activity Evidence":"Eruption Observed","Activity Class":"Observed eruption","Last Known Eruption":"2014 CE","Eruption Year":2014.0,"Eruption Period":"Since 1900","Elevation (m)":4276,"Elevation Class":"3,000 m and above","Tectonic Setting":"Subduction zone / Continental crust (>25 km)","Tectonic Group":"Subduction","Dominant Rock Type":"Andesite / Basaltic Andesite"}},{"type":"Feature","geometry":{"type":"Point","coordinates":[-77.68,1.08]},"properties":{"Volcano Number":351090,"Volcano Name":"Azufral","Country":"Colombia","Volcanic Region Group":"South America Volcanic Regions","Volcanic Region":"Northern Andean Volcanic Arc","Volcano Landform":"Composite","Primary Volcano Type":"Stratovolcano","Type Group":"Cone volcanoes","Type Description":"Tall, steep volcanoes often built by alternating lava and ash layers.","Activity Evidence":"Eruption Dated","Activity Class":"Dated eruption","Last Known Eruption":"930 BCE","Eruption Year":-930.0,"Eruption Period":"BCE record","Elevation (m)":4070,"Elevation Class":"3,000 m and above","Tectonic Setting":"Subduction zone / Continental crust (>25 km)","Tectonic Group":"Subduction","Dominant Rock Type":"Dacite"}},{"type":"Feature","geometry":{"type":"Point","coordinates":[-77.87,0.95]},"properties":{"Volcano Number":351100,"Volcano Name":"Cumbal","Country":"Colombia","Volcanic Region Group":"South America Volcanic Regions","Volcanic Region":"Northern Andean Volcanic Arc","Volcano Landform":"Composite","Primary Volcano Type":"Stratovolcano","Type Group":"Cone volcanoes","Type Description":"Tall, steep volcanoes often built by alternating lava and ash layers.","Activity Evidence":"Eruption Observed","Activity Class":"Observed eruption","Last Known Eruption":"1926 CE","Eruption Year":1926.0,"Eruption Period":"Since 1900","Elevation (m)":4764,"Elevation Class":"3,000 m and above","Tectonic Setting":"Subduction zone / Continental crust (>25 km)","Tectonic Group":"Subduction","Dominant Rock Type":"Andesite / Basaltic Andesite"}},{"type":"Feature","geometry":{"type":"Point","coordinates":[-77.938,0.817]},"properties":{"Volcano Number":351110,"Volcano Name":"Chiles-Cerro Negro","Country":"Colombia-Ecuador","Volcanic Region Group":"South America Volcanic Regions","Volcanic Region":"Northern Andean Volcanic Arc","Volcano Landform":"Composite","Primary Volcano Type":"Stratovolcano","Type Group":"Cone volcanoes","Type Description":"Tall, steep volcanoes often built by alternating lava and ash layers.","Activity Evidence":"Evidence Uncertain","Activity Class":"Uncertain evidence","Last Known Eruption":"1936 CE","Eruption Year":1936.0,"Eruption Period":"Since 1900","Elevation (m)":4698,"Elevation Class":"3,000 m and above","Tectonic Setting":"Subduction zone / Continental crust (>25 km)","Tectonic Group":"Subduction","Dominant Rock Type":"Dacite"}},{"type":"Feature","geometry":{"type":"Point","coordinates":[-77.58,0.552]},"properties":{"Volcano Number":352001,"Volcano Name":"Soche","Country":"Ecuador","Volcanic Region Group":"South America Volcanic Regions","Volcanic Region":"Northern Andean Volcanic Arc","Volcano Landform":"Composite","Primary Volcano Type":"Stratovolcano","Type Group":"Cone volcanoes","Type Description":"Tall, steep volcanoes often built by alternating lava and ash layers.","Activity Evidence":"Eruption Dated","Activity Class":"Dated eruption","Last Known Eruption":"6650 BCE","Eruption Year":-6650.0,"Eruption Period":"BCE record","Elevation (m)":3955,"Elevation Class":"3,000 m and above","Tectonic Setting":"Subduction zone / Continental crust (>25 km)","Tectonic Group":"Subduction","Dominant Rock Type":"Dacite"}},{"type":"Feature","geometry":{"type":"Point","coordinates":[-78.287,0.468]},"properties":{"Volcano Number":352002,"Volcano Name":"Chachimbiro","Country":"Ecuador","Volcanic Region Group":"South America Volcanic Regions","Volcanic Region":"Northern Andean Volcanic Arc","Volcano Landform":"Composite","Primary Volcano Type":"Stratovolcano","Type Group":"Cone volcanoes","Type Description":"Tall, steep volcanoes often built by alternating lava and ash layers.","Activity Evidence":"Eruption Dated","Activity Class":"Dated eruption","Last Known Eruption":"3740 BCE","Eruption Year":-3740.0,"Eruption Period":"BCE record","Elevation (m)":4106,"Elevation Class":"3,000 m and above","Tectonic Setting":"Subduction zone / Continental crust (>25 km)","Tectonic Group":"Subduction","Dominant Rock Type":"Dacite"}},{"type":"Feature","geometry":{"type":"Point","coordinates":[-78.364,0.308]},"properties":{"Volcano Number":352003,"Volcano Name":"Cuicocha","Country":"Ecuador","Volcanic Region Group":"South America Volcanic Regions","Volcanic Region":"Northern Andean Volcanic Arc","Volcano Landform":"Caldera","Primary Volcano Type":"Caldera","Type Group":"Calderas","Type Description":"Large collapse basins that can form after major eruptions empty magma chambers.","Activity Evidence":"Eruption Dated","Activity Class":"Dated eruption","Last Known Eruption":"650 CE","Eruption Year":650.0,"Eruption Period":"1-1499 CE","Elevation (m)":3246,"Elevation Class":"3,000 m and above","Tectonic Setting":"Subduction zone / Continental crust (>25 km)","Tectonic Group":"Subduction","Dominant Rock Type":"Dacite"}},{"type":"Feature","geometry":{"type":"Point","coordinates":[-78.183,0.258]},"properties":{"Volcano Number":352004,"Volcano Name":"Imbabura","Country":"Ecuador","Volcanic Region Group":"South America Volcanic Regions","Volcanic Region":"Northern Andean Volcanic Arc","Volcano Landform":"Composite","Primary Volcano Type":"Compound","Type Group":"Other or unknown","Type Description":"The database lists a less common or unspecified volcano form.","Activity Evidence":"Eruption Dated","Activity Class":"Dated eruption","Last Known Eruption":"5550 BCE","Eruption Year":-5550.0,"Eruption Period":"BCE record","Elevation (m)":4609,"Elevation Class":"3,000 m and above","Tectonic Setting":"Subduction zone / Continental crust (>25 km)","Tectonic Group":"Subduction","Dominant Rock Type":"Andesite / Basaltic Andesite"}},{"type":"Feature","geometry":{"type":"Point","coordinates":[-78.27,0.13]},"properties":{"Volcano Number":352005,"Volcano Name":"Mojanda","Country":"Ecuador","Volcanic Region Group":"South America Volcanic Regions","Volcanic Region":"Northern Andean Volcanic Arc","Volcano Landform":"Composite","Primary Volcano Type":"Stratovolcano(es)","Type Group":"Cone volcanoes","Type Description":"Tall, steep volcanoes often built by alternating lava and ash layers.","Activity Evidence":"Evidence Uncertain","Activity Class":"Uncertain evidence","Last Known Eruption":"Unknown","Eruption Year":null,"Eruption Period":"BCE record","Elevation (m)":4263,"Elevation Class":"3,000 m and above","Tectonic Setting":"Subduction zone / Continental crust (>25 km)","Tectonic Group":"Subduction","Dominant Rock Type":"Andesite / Basaltic Andesite"}},{"type":"Feature","geometry":{"type":"Point","coordinates":[-77.986,0.029]},"properties":{"Volcano Number":352006,"Volcano Name":"Cayambe","Country":"Ecuador","Volcanic Region Group":"South America Volcanic Regions","Volcanic Region":"Northern Andean Volcanic Arc","Volcano Landform":"Composite","Primary Volcano Type":"Compound","Type Group":"Other or unknown","Type Description":"The database lists a less common or unspecified volcano form.","Activity Evidence":"Eruption Observed","Activity Class":"Observed eruption","Last Known Eruption":"1786 CE","Eruption Year":1786.0,"Eruption Period":"1500-1899","Elevation (m)":5790,"Elevation Class":"3,000 m and above","Tectonic Setting":"Subduction zone / Continental crust (>25 km)","Tectonic Group":"Subduction","Dominant Rock Type":"Andesite / Basaltic Andesite"}},{"type":"Feature","geometry":{"type":"Point","coordinates":[-77.656,-0.077]},"properties":{"Volcano Number":352010,"Volcano Name":"Reventador","Country":"Ecuador","Volcanic Region Group":"South America Volcanic Regions","Volcanic Region":"Northern Andean Volcanic Arc","Volcano Landform":"Composite","Primary Volcano Type":"Stratovolcano","Type Group":"Cone volcanoes","Type Description":"Tall, steep volcanoes often built by alternating lava and ash layers.","Activity Evidence":"Eruption Observed","Activity Class":"Observed eruption","Last Known Eruption":"2026 CE","Eruption Year":2026.0,"Eruption Period":"Since 1900","Elevation (m)":3562,"Elevation Class":"3,000 m and above","Tectonic Setting":"Subduction zone / Continental crust (>25 km)","Tectonic Group":"Subduction","Dominant Rock Type":"Andesite / Basaltic Andesite"}},{"type":"Feature","geometry":{"type":"Point","coordinates":[-78.49,0.0464]},"properties":{"Volcano Number":352011,"Volcano Name":"Pululahua","Country":"Ecuador","Volcanic Region Group":"South America Volcanic Regions","Volcanic Region":"Northern Andean Volcanic Arc","Volcano Landform":"Caldera","Primary Volcano Type":"Caldera","Type Group":"Calderas","Type Description":"Large collapse basins that can form after major eruptions empty magma chambers.","Activity Evidence":"Eruption Dated","Activity Class":"Dated eruption","Last Known Eruption":"290 CE","Eruption Year":290.0,"Eruption Period":"1-1499 CE","Elevation (m)":3360,"Elevation Class":"3,000 m and above","Tectonic Setting":"Subduction zone / Continental crust (>25 km)","Tectonic Group":"Subduction","Dominant Rock Type":"Dacite"}},{"type":"Feature","geometry":{"type":"Point","coordinates":[-78.598,-0.171]},"properties":{"Volcano Number":352020,"Volcano Name":"Guagua Pichincha","Country":"Ecuador","Volcanic Region Group":"South America Volcanic Regions","Volcanic Region":"Northern Andean Volcanic Arc","Volcano Landform":"Composite","Primary Volcano Type":"Stratovolcano","Type Group":"Cone volcanoes","Type Description":"Tall, steep volcanoes often built by alternating lava and ash layers.","Activity Evidence":"Eruption Observed","Activity Class":"Observed eruption","Last Known Eruption":"2002 CE","Eruption Year":2002.0,"Eruption Period":"Since 1900","Elevation (m)":4784,"Elevation Class":"3,000 m and above","Tectonic Setting":"Subduction zone / Continental crust (>25 km)","Tectonic Group":"Subduction","Dominant Rock Type":"Andesite / Basaltic Andesite"}},{"type":"Feature","geometry":{"type":"Point","coordinates":[-78.617,-0.353]},"properties":{"Volcano Number":352021,"Volcano Name":"Atacazo","Country":"Ecuador","Volcanic Region Group":"South America Volcanic Regions","Volcanic Region":"Northern Andean Volcanic Arc","Volcano Landform":"Composite","Primary Volcano Type":"Stratovolcano","Type Group":"Cone volcanoes","Type Description":"Tall, steep volcanoes often built by alternating lava and ash layers.","Activity Evidence":"Eruption Dated","Activity Class":"Dated eruption","Last Known Eruption":"320 BCE","Eruption Year":-320.0,"Eruption Period":"BCE record","Elevation (m)":4463,"Elevation Class":"3,000 m and above","Tectonic Setting":"Subduction zone / Continental crust (>25 km)","Tectonic Group":"Subduction","Dominant Rock Type":"Andesite / Basaltic Andesite"}},{"type":"Feature","geometry":{"type":"Point","coordinates":[-78.25,-0.375]},"properties":{"Volcano Number":352022,"Volcano Name":"Chacana","Country":"Ecuador","Volcanic Region Group":"South America Volcanic Regions","Volcanic Region":"Northern Andean Volcanic Arc","Volcano Landform":"Caldera","Primary Volcano Type":"Caldera","Type Group":"Calderas","Type Description":"Large collapse basins that can form after major eruptions empty magma chambers.","Activity Evidence":"Eruption Observed","Activity Class":"Observed eruption","Last Known Eruption":"1773 CE","Eruption Year":1773.0,"Eruption Period":"1500-1899","Elevation (m)":4643,"Elevation Class":"3,000 m and above","Tectonic Setting":"Subduction zone / Continental crust (>25 km)","Tectonic Group":"Subduction","Dominant Rock Type":"Rhyolite"}},{"type":"Feature","geometry":{"type":"Point","coordinates":[-78.141,-0.481]},"properties":{"Volcano Number":352030,"Volcano Name":"Antisana","Country":"Ecuador","Volcanic Region Group":"South America Volcanic Regions","Volcanic Region":"Northern Andean Volcanic Arc","Volcano Landform":"Composite","Primary Volcano Type":"Stratovolcano","Type Group":"Cone volcanoes","Type Description":"Tall, steep volcanoes often built by alternating lava and ash layers.","Activity Evidence":"Eruption Observed","Activity Class":"Observed eruption","Last Known Eruption":"1802 CE","Eruption Year":1802.0,"Eruption Period":"1500-1899","Elevation (m)":5753,"Elevation Class":"3,000 m and above","Tectonic Setting":"Subduction zone / Continental crust (>25 km)","Tectonic Group":"Subduction","Dominant Rock Type":"Andesite / Basaltic Andesite"}},{"type":"Feature","geometry":{"type":"Point","coordinates":[-78.0,-0.53]},"properties":{"Volcano Number":352031,"Volcano Name":"Aliso","Country":"Ecuador","Volcanic Region Group":"South America Volcanic Regions","Volcanic Region":"Northern Andean Volcanic Arc","Volcano Landform":"Composite","Primary Volcano Type":"Stratovolcano","Type Group":"Cone volcanoes","Type Description":"Tall, steep volcanoes often built by alternating lava and ash layers.","Activity Evidence":"Eruption Dated","Activity Class":"Dated eruption","Last Known Eruption":"2450 BCE","Eruption Year":-2450.0,"Eruption Period":"BCE record","Elevation (m)":4267,"Elevation Class":"3,000 m and above","Tectonic Setting":"Subduction zone / Continental crust (>25 km)","Tectonic Group":"Subduction","Dominant Rock Type":"Andesite / Basaltic Andesite"}},{"type":"Feature","geometry":{"type":"Point","coordinates":[-77.626,-0.538]},"properties":{"Volcano Number":352040,"Volcano Name":"Sumaco","Country":"Ecuador","Volcanic Region Group":"South America Volcanic Regions","Volcanic Region":"Northern Andean Volcanic Arc","Volcano Landform":"Composite","Primary Volcano Type":"Stratovolcano","Type Group":"Cone volcanoes","Type Description":"Tall, steep volcanoes often built by alternating lava and ash layers.","Activity Evidence":"Evidence Uncertain","Activity Class":"Uncertain evidence","Last Known Eruption":"1895 CE","Eruption Year":1895.0,"Eruption Period":"1500-1899","Elevation (m)":3990,"Elevation Class":"3,000 m and above","Tectonic Setting":"Subduction zone / Continental crust (>25 km)","Tectonic Group":"Subduction","Dominant Rock Type":"Trachybasalt / Tephrite Basanite"}},{"type":"Feature","geometry":{"type":"Point","coordinates":[-78.716,-0.662]},"properties":{"Volcano Number":352041,"Volcano Name":"Iliniza","Country":"Ecuador","Volcanic Region Group":"South America Volcanic Regions","Volcanic Region":"Northern Andean Volcanic Arc","Volcano Landform":"Composite","Primary Volcano Type":"Stratovolcano","Type Group":"Cone volcanoes","Type Description":"Tall, steep volcanoes often built by alternating lava and ash layers.","Activity Evidence":"Evidence Credible","Activity Class":"Credible evidence","Last Known Eruption":"Unknown","Eruption Year":null,"Eruption Period":"BCE record","Elevation (m)":5162,"Elevation Class":"3,000 m and above","Tectonic Setting":"Subduction zone / Continental crust (>25 km)","Tectonic Group":"Subduction","Dominant Rock Type":"Andesite / Basaltic Andesite"}},{"type":"Feature","geometry":{"type":"Point","coordinates":[-78.436,-0.677]},"properties":{"Volcano Number":352050,"Volcano Name":"Cotopaxi","Country":"Ecuador","Volcanic Region Group":"South America Volcanic Regions","Volcanic Region":"Northern Andean Volcanic Arc","Volcano Landform":"Composite","Primary Volcano Type":"Stratovolcano","Type Group":"Cone volcanoes","Type Description":"Tall, steep volcanoes often built by alternating lava and ash layers.","Activity Evidence":"Eruption Observed","Activity Class":"Observed eruption","Last Known Eruption":"2023 CE","Eruption Year":2023.0,"Eruption Period":"Since 1900","Elevation (m)":5911,"Elevation Class":"3,000 m and above","Tectonic Setting":"Subduction zone / Continental crust (>25 km)","Tectonic Group":"Subduction","Dominant Rock Type":"Andesite / Basaltic Andesite"}},{"type":"Feature","geometry":{"type":"Point","coordinates":[-78.9044,-0.8592]},"properties":{"Volcano Number":352060,"Volcano Name":"Quilotoa","Country":"Ecuador","Volcanic Region Group":"South America Volcanic Regions","Volcanic Region":"Northern Andean Volcanic Arc","Volcano Landform":"Caldera","Primary Volcano Type":"Caldera","Type Group":"Calderas","Type Description":"Large collapse basins that can form after major eruptions empty magma chambers.","Activity Evidence":"Eruption Dated","Activity Class":"Dated eruption","Last Known Eruption":"1280 CE","Eruption Year":1280.0,"Eruption Period":"1-1499 CE","Elevation (m)":3914,"Elevation Class":"3,000 m and above","Tectonic Setting":"Subduction zone / Continental crust (>25 km)","Tectonic Group":"Subduction","Dominant Rock Type":"Dacite"}},{"type":"Feature","geometry":{"type":"Point","coordinates":[-78.817,-1.469]},"properties":{"Volcano Number":352071,"Volcano Name":"Chimborazo","Country":"Ecuador","Volcanic Region Group":"South America Volcanic Regions","Volcanic Region":"Northern Andean Volcanic Arc","Volcano Landform":"Composite","Primary Volcano Type":"Stratovolcano","Type Group":"Cone volcanoes","Type Description":"Tall, steep volcanoes often built by alternating lava and ash layers.","Activity Evidence":"Eruption Dated","Activity Class":"Dated eruption","Last Known Eruption":"550 CE","Eruption Year":550.0,"Eruption Period":"1-1499 CE","Elevation (m)":6261,"Elevation Class":"3,000 m and above","Tectonic Setting":"Subduction zone / Continental crust (>25 km)","Tectonic Group":"Subduction","Dominant Rock Type":"Andesite / Basaltic Andesite"}},{"type":"Feature","geometry":{"type":"Point","coordinates":[-78.442,-1.467]},"properties":{"Volcano Number":352080,"Volcano Name":"Tungurahua","Country":"Ecuador","Volcanic Region Group":"South America Volcanic Regions","Volcanic Region":"Northern Andean Volcanic Arc","Volcano Landform":"Composite","Primary Volcano Type":"Stratovolcano","Type Group":"Cone volcanoes","Type Description":"Tall, steep volcanoes often built by alternating lava and ash layers.","Activity Evidence":"Eruption Observed","Activity Class":"Observed eruption","Last Known Eruption":"2016 CE","Eruption Year":2016.0,"Eruption Period":"Since 1900","Elevation (m)":5023,"Elevation Class":"3,000 m and above","Tectonic Setting":"Subduction zone / Continental crust (>25 km)","Tectonic Group":"Subduction","Dominant Rock Type":"Andesite / Basaltic Andesite"}},{"type":"Feature","geometry":{"type":"Point","coordinates":[-78.614,-1.786]},"properties":{"Volcano Number":352081,"Volcano Name":"Licto","Country":"Ecuador","Volcanic Region Group":"South America Volcanic Regions","Volcanic Region":"Northern Andean Volcanic Arc","Volcano Landform":"Minor (Basaltic)","Primary Volcano Type":"Pyroclastic cone(s)","Type Group":"Small cones","Type Description":"Smaller volcanic cones or explosion craters formed by ash, cinders, or steam blasts.","Activity Evidence":"Evidence Uncertain","Activity Class":"Uncertain evidence","Last Known Eruption":"Unknown","Eruption Year":null,"Eruption Period":"BCE record","Elevation (m)":3322,"Elevation Class":"3,000 m and above","Tectonic Setting":"Subduction zone / Continental crust (>25 km)","Tectonic Group":"Subduction","Dominant Rock Type":"Andesite / Basaltic Andesite"}},{"type":"Feature","geometry":{"type":"Point","coordinates":[-78.341,-2.005]},"properties":{"Volcano Number":352090,"Volcano Name":"Sangay","Country":"Ecuador","Volcanic Region Group":"South America Volcanic Regions","Volcanic Region":"Northern Andean Volcanic Arc","Volcano Landform":"Composite","Primary Volcano Type":"Stratovolcano","Type Group":"Cone volcanoes","Type Description":"Tall, steep volcanoes often built by alternating lava and ash layers.","Activity Evidence":"Eruption Observed","Activity Class":"Observed eruption","Last Known Eruption":"2026 CE","Eruption Year":2026.0,"Eruption Period":"Since 1900","Elevation (m)":5286,"Elevation Class":"3,000 m and above","Tectonic Setting":"Subduction zone / Continental crust (>25 km)","Tectonic Group":"Subduction","Dominant Rock Type":"Andesite / Basaltic Andesite"}},{"type":"Feature","geometry":{"type":"Point","coordinates":[-91.55,-0.37]},"properties":{"Volcano Number":353010,"Volcano Name":"Fernandina","Country":"Ecuador","Volcanic Region Group":"Eastern Pacific Volcanic Regions","Volcanic Region":"Galapagos Hotspot Volcano Group","Volcano Landform":"Shield","Primary Volcano Type":"Shield","Type Group":"Shield volcanoes","Type Description":"Broad volcanoes formed by fluid lava flows that can spread far from the vent.","Activity Evidence":"Eruption Observed","Activity Class":"Observed eruption","Last Known Eruption":"2024 CE","Eruption Year":2024.0,"Eruption Period":"Since 1900","Elevation (m)":1476,"Elevation Class":"1,000-2,999 m","Tectonic Setting":"Rift zone / Oceanic crust (< 15 km)","Tectonic Group":"Rift","Dominant Rock Type":"Basalt / Picro-Basalt"}},{"type":"Feature","geometry":{"type":"Point","coordinates":[-91.546,-0.02]},"properties":{"Volcano Number":353011,"Volcano Name":"Ecuador","Country":"Ecuador","Volcanic Region Group":"Eastern Pacific Volcanic Regions","Volcanic Region":"Galapagos Hotspot Volcano Group","Volcano Landform":"Shield","Primary Volcano Type":"Shield","Type Group":"Shield volcanoes","Type Description":"Broad volcanoes formed by fluid lava flows that can spread far from the vent.","Activity Evidence":"Eruption Dated","Activity Class":"Dated eruption","Last Known Eruption":"1150 CE","Eruption Year":1150.0,"Eruption Period":"1-1499 CE","Elevation (m)":790,"Elevation Class":"0-999 m","Tectonic Setting":"Rift zone / Oceanic crust (< 15 km)","Tectonic Group":"Rift","Dominant Rock Type":"Basalt / Picro-Basalt"}},{"type":"Feature","geometry":{"type":"Point","coordinates":[-91.35,0.02]},"properties":{"Volcano Number":353020,"Volcano Name":"Wolf","Country":"Ecuador","Volcanic Region Group":"Eastern Pacific Volcanic Regions","Volcanic Region":"Galapagos Hotspot Volcano Group","Volcano Landform":"Shield","Primary Volcano Type":"Shield","Type Group":"Shield volcanoes","Type Description":"Broad volcanoes formed by fluid lava flows that can spread far from the vent.","Activity Evidence":"Eruption Observed","Activity Class":"Observed eruption","Last Known Eruption":"2022 CE","Eruption Year":2022.0,"Eruption Period":"Since 1900","Elevation (m)":1710,"Elevation Class":"1,000-2,999 m","Tectonic Setting":"Rift zone / Oceanic crust (< 15 km)","Tectonic Group":"Rift","Dominant Rock Type":"Basalt / Picro-Basalt"}},{"type":"Feature","geometry":{"type":"Point","coordinates":[-91.28,-0.18]},"properties":{"Volcano Number":353030,"Volcano Name":"Darwin","Country":"Ecuador","Volcanic Region Group":"Eastern Pacific Volcanic Regions","Volcanic Region":"Galapagos Hotspot Volcano Group","Volcano Landform":"Shield","Primary Volcano Type":"Shield","Type Group":"Shield volcanoes","Type Description":"Broad volcanoes formed by fluid lava flows that can spread far from the vent.","Activity Evidence":"Eruption Dated","Activity Class":"Dated eruption","Last Known Eruption":"1813 CE","Eruption Year":1813.0,"Eruption Period":"1500-1899","Elevation (m)":1330,"Elevation Class":"1,000-2,999 m","Tectonic Setting":"Rift zone / Oceanic crust (< 15 km)","Tectonic Group":"Rift","Dominant Rock Type":"Basalt / Picro-Basalt"}},{"type":"Feature","geometry":{"type":"Point","coordinates":[-91.12,-0.43]},"properties":{"Volcano Number":353040,"Volcano Name":"Alcedo","Country":"Ecuador","Volcanic Region Group":"Eastern Pacific Volcanic Regions","Volcanic Region":"Galapagos Hotspot Volcano Group","Volcano Landform":"Shield","Primary Volcano Type":"Shield","Type Group":"Shield volcanoes","Type Description":"Broad volcanoes formed by fluid lava flows that can spread far from the vent.","Activity Evidence":"Eruption Observed","Activity Class":"Observed eruption","Last Known Eruption":"1993 CE","Eruption Year":1993.0,"Eruption Period":"Since 1900","Elevation (m)":1130,"Elevation Class":"1,000-2,999 m","Tectonic Setting":"Rift zone / Oceanic crust (< 15 km)","Tectonic Group":"Rift","Dominant Rock Type":"Basalt / Picro-Basalt"}},{"type":"Feature","geometry":{"type":"Point","coordinates":[-91.17,-0.83]},"properties":{"Volcano Number":353050,"Volcano Name":"Negra, Sierra","Country":"Ecuador","Volcanic Region Group":"Eastern Pacific Volcanic Regions","Volcanic Region":"Galapagos Hotspot Volcano Group","Volcano Landform":"Shield","Primary Volcano Type":"Shield","Type Group":"Shield volcanoes","Type Description":"Broad volcanoes formed by fluid lava flows that can spread far from the vent.","Activity Evidence":"Eruption Observed","Activity Class":"Observed eruption","Last Known Eruption":"2018 CE","Eruption Year":2018.0,"Eruption Period":"Since 1900","Elevation (m)":1124,"Elevation Class":"1,000-2,999 m","Tectonic Setting":"Rift zone / Oceanic crust (< 15 km)","Tectonic Group":"Rift","Dominant Rock Type":"Basalt / Picro-Basalt"}},{"type":"Feature","geometry":{"type":"Point","coordinates":[-91.408,-0.92]},"properties":{"Volcano Number":353060,"Volcano Name":"Azul, Cerro","Country":"Ecuador","Volcanic Region Group":"Eastern Pacific Volcanic Regions","Volcanic Region":"Galapagos Hotspot Volcano Group","Volcano Landform":"Shield","Primary Volcano Type":"Shield","Type Group":"Shield volcanoes","Type Description":"Broad volcanoes formed by fluid lava flows that can spread far from the vent.","Activity Evidence":"Eruption Observed","Activity Class":"Observed eruption","Last Known Eruption":"2008 CE","Eruption Year":2008.0,"Eruption Period":"Since 1900","Elevation (m)":1640,"Elevation Class":"1,000-2,999 m","Tectonic Setting":"Rift zone / Oceanic crust (< 15 km)","Tectonic Group":"Rift","Dominant Rock Type":"Basalt / Picro-Basalt"}},{"type":"Feature","geometry":{"type":"Point","coordinates":[-90.7553,0.5858]},"properties":{"Volcano Number":353070,"Volcano Name":"Pinta","Country":"Ecuador","Volcanic Region Group":"Eastern Pacific Volcanic Regions","Volcanic Region":"Northern Galapagos Volcanic Province","Volcano Landform":"Shield","Primary Volcano Type":"Shield","Type Group":"Shield volcanoes","Type Description":"Broad volcanoes formed by fluid lava flows that can spread far from the vent.","Activity Evidence":"Eruption Observed","Activity Class":"Observed eruption","Last Known Eruption":"Unknown","Eruption Year":null,"Eruption Period":"BCE record","Elevation (m)":729,"Elevation Class":"0-999 m","Tectonic Setting":"Rift zone / Oceanic crust (< 15 km)","Tectonic Group":"Rift","Dominant Rock Type":"Basalt / Picro-Basalt"}},{"type":"Feature","geometry":{"type":"Point","coordinates":[-90.47,0.33]},"properties":{"Volcano Number":353080,"Volcano Name":"Marchena","Country":"Ecuador","Volcanic Region Group":"Eastern Pacific Volcanic Regions","Volcanic Region":"Northern Galapagos Volcanic Province","Volcano Landform":"Shield","Primary Volcano Type":"Shield","Type Group":"Shield volcanoes","Type Description":"Broad volcanoes formed by fluid lava flows that can spread far from the vent.","Activity Evidence":"Eruption Observed","Activity Class":"Observed eruption","Last Known Eruption":"1991 CE","Eruption Year":1991.0,"Eruption Period":"Since 1900","Elevation (m)":343,"Elevation Class":"0-999 m","Tectonic Setting":"Rift zone / Oceanic crust (< 15 km)","Tectonic Group":"Rift","Dominant Rock Type":"Basalt / Picro-Basalt"}},{"type":"Feature","geometry":{"type":"Point","coordinates":[-89.958,0.32]},"properties":{"Volcano Number":353081,"Volcano Name":"Genovesa","Country":"Ecuador","Volcanic Region Group":"Eastern Pacific Volcanic Regions","Volcanic Region":"Northern Galapagos Volcanic Province","Volcano Landform":"Shield","Primary Volcano Type":"Shield","Type Group":"Shield volcanoes","Type Description":"Broad volcanoes formed by fluid lava flows that can spread far from the vent.","Activity Evidence":"Evidence Credible","Activity Class":"Credible evidence","Last Known Eruption":"Unknown","Eruption Year":null,"Eruption Period":"BCE record","Elevation (m)":64,"Elevation Class":"0-999 m","Tectonic Setting":"Rift zone / Oceanic crust (< 15 km)","Tectonic Group":"Rift","Dominant Rock Type":"Basalt / Picro-Basalt"}},{"type":"Feature","geometry":{"type":"Point","coordinates":[-90.77,-0.22]},"properties":{"Volcano Number":353090,"Volcano Name":"Santiago","Country":"Ecuador","Volcanic Region Group":"Eastern Pacific Volcanic Regions","Volcanic Region":"Galapagos Hotspot Volcano Group","Volcano Landform":"Shield","Primary Volcano Type":"Shield","Type Group":"Shield volcanoes","Type Description":"Broad volcanoes formed by fluid lava flows that can spread far from the vent.","Activity Evidence":"Eruption Observed","Activity Class":"Observed eruption","Last Known Eruption":"1906 CE","Eruption Year":1906.0,"Eruption Period":"Since 1900","Elevation (m)":920,"Elevation Class":"0-999 m","Tectonic Setting":"Rift zone / Oceanic crust (< 15 km)","Tectonic Group":"Rift","Dominant Rock Type":"Basalt / Picro-Basalt"}},{"type":"Feature","geometry":{"type":"Point","coordinates":[-90.33,-0.62]},"properties":{"Volcano Number":353091,"Volcano Name":"Santa Cruz","Country":"Ecuador","Volcanic Region Group":"Eastern Pacific Volcanic Regions","Volcanic Region":"Galapagos Hotspot Volcano Group","Volcano Landform":"Shield","Primary Volcano Type":"Shield","Type Group":"Shield volcanoes","Type Description":"Broad volcanoes formed by fluid lava flows that can spread far from the vent.","Activity Evidence":"Evidence Credible","Activity Class":"Credible evidence","Last Known Eruption":"Unknown","Eruption Year":null,"Eruption Period":"BCE record","Elevation (m)":864,"Elevation Class":"0-999 m","Tectonic Setting":"Rift zone / Oceanic crust (< 15 km)","Tectonic Group":"Rift","Dominant Rock Type":"Basalt / Picro-Basalt"}},{"type":"Feature","geometry":{"type":"Point","coordinates":[-89.4292,-0.8292]},"properties":{"Volcano Number":353120,"Volcano Name":"San Cristobal","Country":"Ecuador","Volcanic Region Group":"Eastern Pacific Volcanic Regions","Volcanic Region":"Galapagos Hotspot Volcano Group","Volcano Landform":"Shield","Primary Volcano Type":"Shield","Type Group":"Shield volcanoes","Type Description":"Broad volcanoes formed by fluid lava flows that can spread far from the vent.","Activity Evidence":"Evidence Credible","Activity Class":"Credible evidence","Last Known Eruption":"Unknown","Eruption Year":null,"Eruption Period":"BCE record","Elevation (m)":707,"Elevation Class":"0-999 m","Tectonic Setting":"Rift zone / Oceanic crust (< 15 km)","Tectonic Group":"Rift","Dominant Rock Type":"Basalt / Picro-Basalt"}},{"type":"Feature","geometry":{"type":"Point","coordinates":[-71.363,-14.131]},"properties":{"Volcano Number":354000,"Volcano Name":"Quimsachata-Oroscocha","Country":"Peru","Volcanic Region Group":"South America Volcanic Regions","Volcanic Region":"Central Andean Volcanic Arc","Volcano Landform":"Minor (Silicic)","Primary Volcano Type":"Lava dome","Type Group":"Other or unknown","Type Description":"The database lists a less common or unspecified volcano form.","Activity Evidence":"Eruption Dated","Activity Class":"Dated eruption","Last Known Eruption":"4450 BCE","Eruption Year":-4450.0,"Eruption Period":"BCE record","Elevation (m)":3848,"Elevation Class":"3,000 m and above","Tectonic Setting":"Subduction zone / Continental crust (>25 km)","Tectonic Group":"Subduction","Dominant Rock Type":"Rhyolite"}},{"type":"Feature","geometry":{"type":"Point","coordinates":[-73.1914,-15.0726]},"properties":{"Volcano Number":354001,"Volcano Name":"Auquihuato, Cerro","Country":"Peru","Volcanic Region Group":"South America Volcanic Regions","Volcanic Region":"Central Andean Volcanic Arc","Volcano Landform":"Minor","Primary Volcano Type":"Pyroclastic cone","Type Group":"Other or unknown","Type Description":"The database lists a less common or unspecified volcano form.","Activity Evidence":"Evidence Uncertain","Activity Class":"Uncertain evidence","Last Known Eruption":"Unknown","Eruption Year":null,"Eruption Period":"BCE record","Elevation (m)":5001,"Elevation Class":"3,000 m and above","Tectonic Setting":"Subduction zone / Continental crust (>25 km)","Tectonic Group":"Subduction","Dominant Rock Type":"No Data (checked)"}},{"type":"Feature","geometry":{"type":"Point","coordinates":[-72.65,-15.52]},"properties":{"Volcano Number":354003,"Volcano Name":"Coropuna","Country":"Peru","Volcanic Region Group":"South America Volcanic Regions","Volcanic Region":"Central Andean Volcanic Arc","Volcano Landform":"Composite","Primary Volcano Type":"Stratovolcano","Type Group":"Cone volcanoes","Type Description":"Tall, steep volcanoes often built by alternating lava and ash layers.","Activity Evidence":"Evidence Credible","Activity Class":"Credible evidence","Last Known Eruption":"Unknown","Eruption Year":null,"Eruption Period":"BCE record","Elevation (m)":6377,"Elevation Class":"3,000 m and above","Tectonic Setting":"Subduction zone / Continental crust (>25 km)","Tectonic Group":"Subduction","Dominant Rock Type":"Andesite / Basaltic Andesite"}},{"type":"Feature","geometry":{"type":"Point","coordinates":[-72.33,-15.42]},"properties":{"Volcano Number":354004,"Volcano Name":"Andahua-Orcopampa","Country":"Peru","Volcanic Region Group":"South America Volcanic Regions","Volcanic Region":"Central Andean Volcanic Arc","Volcano Landform":"Cluster","Primary Volcano Type":"Volcanic field","Type Group":"Volcanic fields","Type Description":"Areas with many vents spread across a wider landscape.","Activity Evidence":"Eruption Dated","Activity Class":"Dated eruption","Last Known Eruption":"1490 CE","Eruption Year":1490.0,"Eruption Period":"1-1499 CE","Elevation (m)":4713,"Elevation Class":"3,000 m and above","Tectonic Setting":"Subduction zone / Continental crust (>25 km)","Tectonic Group":"Subduction","Dominant Rock Type":"Trachyandesite / Basaltic Trachyandesite"}},{"type":"Feature","geometry":{"type":"Point","coordinates":[-72.08,-15.78]},"properties":{"Volcano Number":354005,"Volcano Name":"Huambo","Country":"Peru","Volcanic Region Group":"South America Volcanic Regions","Volcanic Region":"Central Andean Volcanic Arc","Volcano Landform":"Cluster","Primary Volcano Type":"Volcanic field","Type Group":"Volcanic fields","Type Description":"Areas with many vents spread across a wider landscape.","Activity Evidence":"Eruption Dated","Activity Class":"Dated eruption","Last Known Eruption":"700 BCE","Eruption Year":-700.0,"Eruption Period":"BCE record","Elevation (m)":4554,"Elevation Class":"3,000 m and above","Tectonic Setting":"Subduction zone / Continental crust (>25 km)","Tectonic Group":"Subduction","Dominant Rock Type":"Trachyandesite / Basaltic Trachyandesite"}},{"type":"Feature","geometry":{"type":"Point","coordinates":[-71.857,-15.787]},"properties":{"Volcano Number":354006,"Volcano Name":"Sabancaya","Country":"Peru","Volcanic Region Group":"South America Volcanic Regions","Volcanic Region":"Central Andean Volcanic Arc","Volcano Landform":"Composite","Primary Volcano Type":"Stratovolcano(es)","Type Group":"Cone volcanoes","Type Description":"Tall, steep volcanoes often built by alternating lava and ash layers.","Activity Evidence":"Eruption Observed","Activity Class":"Observed eruption","Last Known Eruption":"2026 CE","Eruption Year":2026.0,"Eruption Period":"Since 1900","Elevation (m)":5960,"Elevation Class":"3,000 m and above","Tectonic Setting":"Subduction zone / Continental crust (>25 km)","Tectonic Group":"Subduction","Dominant Rock Type":"Andesite / Basaltic Andesite"}},{"type":"Feature","geometry":{"type":"Point","coordinates":[-71.4056,-16.2991]},"properties":{"Volcano Number":354010,"Volcano Name":"Misti, El","Country":"Peru","Volcanic Region Group":"South America Volcanic Regions","Volcanic Region":"Central Andean Volcanic Arc","Volcano Landform":"Composite","Primary Volcano Type":"Stratovolcano","Type Group":"Cone volcanoes","Type Description":"Tall, steep volcanoes often built by alternating lava and ash layers.","Activity Evidence":"Eruption Observed","Activity Class":"Observed eruption","Last Known Eruption":"1985 CE","Eruption Year":1985.0,"Eruption Period":"Since 1900","Elevation (m)":5793,"Elevation Class":"3,000 m and above","Tectonic Setting":"Subduction zone / Continental crust (>25 km)","Tectonic Group":"Subduction","Dominant Rock Type":"Andesite / Basaltic Andesite"}},{"type":"Feature","geometry":{"type":"Point","coordinates":[-70.8972,-16.345]},"properties":{"Volcano Number":354020,"Volcano Name":"Ubinas","Country":"Peru","Volcanic Region Group":"South America Volcanic Regions","Volcanic Region":"Central Andean Volcanic Arc","Volcano Landform":"Composite","Primary Volcano Type":"Stratovolcano","Type Group":"Cone volcanoes","Type Description":"Tall, steep volcanoes often built by alternating lava and ash layers.","Activity Evidence":"Eruption Observed","Activity Class":"Observed eruption","Last Known Eruption":"2024 CE","Eruption Year":2024.0,"Eruption Period":"Since 1900","Elevation (m)":5608,"Elevation Class":"3,000 m and above","Tectonic Setting":"Subduction zone / Continental crust (>25 km)","Tectonic Group":"Subduction","Dominant Rock Type":"Andesite / Basaltic Andesite"}},{"type":"Feature","geometry":{"type":"Point","coordinates":[-70.8542,-16.6144]},"properties":{"Volcano Number":354030,"Volcano Name":"Huaynaputina","Country":"Peru","Volcanic Region Group":"South America Volcanic Regions","Volcanic Region":"Central Andean Volcanic Arc","Volcano Landform":"Composite","Primary Volcano Type":"Stratovolcano","Type Group":"Cone volcanoes","Type Description":"Tall, steep volcanoes often built by alternating lava and ash layers.","Activity Evidence":"Eruption Observed","Activity Class":"Observed eruption","Last Known Eruption":"1600 CE","Eruption Year":1600.0,"Eruption Period":"1500-1899","Elevation (m)":4679,"Elevation Class":"3,000 m and above","Tectonic Setting":"Subduction zone / Continental crust (>25 km)","Tectonic Group":"Subduction","Dominant Rock Type":"Dacite"}},{"type":"Feature","geometry":{"type":"Point","coordinates":[-70.5981,-16.7586]},"properties":{"Volcano Number":354031,"Volcano Name":"Ticsani","Country":"Peru","Volcanic Region Group":"South America Volcanic Regions","Volcanic Region":"Central Andean Volcanic Arc","Volcano Landform":"Minor (Silicic)","Primary Volcano Type":"Lava dome(s)","Type Group":"Lava domes","Type Description":"Steep mounds built by thick lava that piles up near the vent.","Activity Evidence":"Eruption Dated","Activity Class":"Dated eruption","Last Known Eruption":"1800 CE","Eruption Year":1800.0,"Eruption Period":"1500-1899","Elevation (m)":5382,"Elevation Class":"3,000 m and above","Tectonic Setting":"Subduction zone / Continental crust (>25 km)","Tectonic Group":"Subduction","Dominant Rock Type":"Dacite"}},{"type":"Feature","geometry":{"type":"Point","coordinates":[-70.372,-17.026]},"properties":{"Volcano Number":354040,"Volcano Name":"Tutupaca","Country":"Peru","Volcanic Region Group":"South America Volcanic Regions","Volcanic Region":"Central Andean Volcanic Arc","Volcano Landform":"Composite","Primary Volcano Type":"Stratovolcano(es)","Type Group":"Cone volcanoes","Type Description":"Tall, steep volcanoes often built by alternating lava and ash layers.","Activity Evidence":"Eruption Observed","Activity Class":"Observed eruption","Last Known Eruption":"1802 CE","Eruption Year":1802.0,"Eruption Period":"1500-1899","Elevation (m)":5801,"Elevation Class":"3,000 m and above","Tectonic Setting":"Subduction zone / Continental crust (>25 km)","Tectonic Group":"Subduction","Dominant Rock Type":"Andesite / Basaltic Andesite"}},{"type":"Feature","geometry":{"type":"Point","coordinates":[-70.196,-17.184]},"properties":{"Volcano Number":354050,"Volcano Name":"Yucamane","Country":"Peru","Volcanic Region Group":"South America Volcanic Regions","Volcanic Region":"Central Andean Volcanic Arc","Volcano Landform":"Composite","Primary Volcano Type":"Stratovolcano(es)","Type Group":"Cone volcanoes","Type Description":"Tall, steep volcanoes often built by alternating lava and ash layers.","Activity Evidence":"Eruption Observed","Activity Class":"Observed eruption","Last Known Eruption":"1320 BCE","Eruption Year":-1320.0,"Eruption Period":"BCE record","Elevation (m)":5495,"Elevation Class":"3,000 m and above","Tectonic Setting":"Subduction zone / Continental crust (>25 km)","Tectonic Group":"Subduction","Dominant Rock Type":"Andesite / Basaltic Andesite"}},{"type":"Feature","geometry":{"type":"Point","coordinates":[-69.7886,-17.4852]},"properties":{"Volcano Number":354060,"Volcano Name":"Casiri, Nevados","Country":"Peru","Volcanic Region Group":"South America Volcanic Regions","Volcanic Region":"Central Andean Volcanic Arc","Volcano Landform":"Composite","Primary Volcano Type":"Stratovolcano(es)","Type Group":"Cone volcanoes","Type Description":"Tall, steep volcanoes often built by alternating lava and ash layers.","Activity Evidence":"Evidence Credible","Activity Class":"Credible evidence","Last Known Eruption":"Unknown","Eruption Year":null,"Eruption Period":"BCE record","Elevation (m)":5626,"Elevation Class":"3,000 m and above","Tectonic Setting":"Subduction zone / Continental crust (>25 km)","Tectonic Group":"Subduction","Dominant Rock Type":"Trachyte / Trachydacite"}},{"type":"Feature","geometry":{"type":"Point","coordinates":[-69.5,-18.1]},"properties":{"Volcano Number":355011,"Volcano Name":"Taapaca","Country":"Chile","Volcanic Region Group":"South America Volcanic Regions","Volcanic Region":"Central Andean Volcanic Arc","Volcano Landform":"Composite","Primary Volcano Type":"Complex","Type Group":"Complex volcanoes","Type Description":"Volcanoes with multiple vents, cones, or overlapping eruptive centers.","Activity Evidence":"Eruption Dated","Activity Class":"Dated eruption","Last Known Eruption":"320 BCE","Eruption Year":-320.0,"Eruption Period":"BCE record","Elevation (m)":5860,"Elevation Class":"3,000 m and above","Tectonic Setting":"Subduction zone / Continental crust (>25 km)","Tectonic Group":"Subduction","Dominant Rock Type":"Dacite"}},{"type":"Feature","geometry":{"type":"Point","coordinates":[-69.142,-18.166]},"properties":{"Volcano Number":355012,"Volcano Name":"Parinacota","Country":"Chile-Bolivia","Volcanic Region Group":"South America Volcanic Regions","Volcanic Region":"Central Andean Volcanic Arc","Volcano Landform":"Composite","Primary Volcano Type":"Stratovolcano","Type Group":"Cone volcanoes","Type Description":"Tall, steep volcanoes often built by alternating lava and ash layers.","Activity Evidence":"Eruption Dated","Activity Class":"Dated eruption","Last Known Eruption":"290 CE","Eruption Year":290.0,"Eruption Period":"1-1499 CE","Elevation (m)":6336,"Elevation Class":"3,000 m and above","Tectonic Setting":"Subduction zone / Continental crust (>25 km)","Tectonic Group":"Subduction","Dominant Rock Type":"Andesite / Basaltic Andesite"}},{"type":"Feature","geometry":{"type":"Point","coordinates":[-69.092,-18.42]},"properties":{"Volcano Number":355020,"Volcano Name":"Guallatiri","Country":"Chile","Volcanic Region Group":"South America Volcanic Regions","Volcanic Region":"Central Andean Volcanic Arc","Volcano Landform":"Composite","Primary Volcano Type":"Stratovolcano","Type Group":"Cone volcanoes","Type Description":"Tall, steep volcanoes often built by alternating lava and ash layers.","Activity Evidence":"Eruption Observed","Activity Class":"Observed eruption","Last Known Eruption":"1960 CE","Eruption Year":1960.0,"Eruption Period":"Since 1900","Elevation (m)":6071,"Elevation Class":"3,000 m and above","Tectonic Setting":"Subduction zone / Continental crust (>25 km)","Tectonic Group":"Subduction","Dominant Rock Type":"Andesite / Basaltic Andesite"}},{"type":"Feature","geometry":{"type":"Point","coordinates":[-68.83,-19.15]},"properties":{"Volcano Number":355030,"Volcano Name":"Isluga","Country":"Chile","Volcanic Region Group":"South America Volcanic Regions","Volcanic Region":"Central Andean Volcanic Arc","Volcano Landform":"Composite","Primary Volcano Type":"Stratovolcano","Type Group":"Cone volcanoes","Type Description":"Tall, steep volcanoes often built by alternating lava and ash layers.","Activity Evidence":"Eruption Observed","Activity Class":"Observed eruption","Last Known Eruption":"1913 CE","Eruption Year":1913.0,"Eruption Period":"Since 1900","Elevation (m)":5550,"Elevation Class":"3,000 m and above","Tectonic Setting":"Subduction zone / Continental crust (>25 km)","Tectonic Group":"Subduction","Dominant Rock Type":"Andesite / Basaltic Andesite"}},{"type":"Feature","geometry":{"type":"Point","coordinates":[-68.53,-19.13]},"properties":{"Volcano Number":355032,"Volcano Name":"Tata Sabaya","Country":"Bolivia","Volcanic Region Group":"South America Volcanic Regions","Volcanic Region":"Central Andean Volcanic Arc","Volcano Landform":"Composite","Primary Volcano Type":"Stratovolcano","Type Group":"Cone volcanoes","Type Description":"Tall, steep volcanoes often built by alternating lava and ash layers.","Activity Evidence":"Evidence Credible","Activity Class":"Credible evidence","Last Known Eruption":"Unknown","Eruption Year":null,"Eruption Period":"BCE record","Elevation (m)":5430,"Elevation Class":"3,000 m and above","Tectonic Setting":"Subduction zone / Continental crust (>25 km)","Tectonic Group":"Subduction","Dominant Rock Type":"Andesite / Basaltic Andesite"}},{"type":"Feature","geometry":{"type":"Point","coordinates":[-68.55,-20.73]},"properties":{"Volcano Number":355040,"Volcano Name":"Irruputuncu","Country":"Chile-Bolivia","Volcanic Region Group":"South America Volcanic Regions","Volcanic Region":"Central Andean Volcanic Arc","Volcano Landform":"Composite","Primary Volcano Type":"Stratovolcano","Type Group":"Cone volcanoes","Type Description":"Tall, steep volcanoes often built by alternating lava and ash layers.","Activity Evidence":"Eruption Observed","Activity Class":"Observed eruption","Last Known Eruption":"1995 CE","Eruption Year":1995.0,"Eruption Period":"Since 1900","Elevation (m)":5163,"Elevation Class":"3,000 m and above","Tectonic Setting":"Subduction zone / Continental crust (>25 km)","Tectonic Group":"Subduction","Dominant Rock Type":"Andesite / Basaltic Andesite"}},{"type":"Feature","geometry":{"type":"Point","coordinates":[-68.413,-20.939]},"properties":{"Volcano Number":355050,"Volcano Name":"Olca-Paruma","Country":"Chile-Bolivia","Volcanic Region Group":"South America Volcanic Regions","Volcanic Region":"Central Andean Volcanic Arc","Volcano Landform":"Composite","Primary Volcano Type":"Stratovolcano(es)","Type Group":"Cone volcanoes","Type Description":"Tall, steep volcanoes often built by alternating lava and ash layers.","Activity Evidence":"Eruption Observed","Activity Class":"Observed eruption","Last Known Eruption":"Unknown","Eruption Year":null,"Eruption Period":"BCE record","Elevation (m)":5705,"Elevation Class":"3,000 m and above","Tectonic Setting":"Subduction zone / Continental crust (>25 km)","Tectonic Group":"Subduction","Dominant Rock Type":"Andesite / Basaltic Andesite"}},{"type":"Feature","geometry":{"type":"Point","coordinates":[-67.853,-22.557]},"properties":{"Volcano Number":355090,"Volcano Name":"Putana","Country":"Chile","Volcanic Region Group":"South America Volcanic Regions","Volcanic Region":"Central Andean Volcanic Arc","Volcano Landform":"Composite","Primary Volcano Type":"Stratovolcano","Type Group":"Cone volcanoes","Type Description":"Tall, steep volcanoes often built by alternating lava and ash layers.","Activity Evidence":"Eruption Observed","Activity Class":"Observed eruption","Last Known Eruption":"1810 CE","Eruption Year":1810.0,"Eruption Period":"1500-1899","Elevation (m)":5884,"Elevation Class":"3,000 m and above","Tectonic Setting":"Subduction zone / Continental crust (>25 km)","Tectonic Group":"Subduction","Dominant Rock Type":"Dacite"}},{"type":"Feature","geometry":{"type":"Point","coordinates":[-67.891,-22.719]},"properties":{"Volcano Number":355091,"Volcano Name":"Sairecabur","Country":"Chile-Bolivia","Volcanic Region Group":"South America Volcanic Regions","Volcanic Region":"Central Andean Volcanic Arc","Volcano Landform":"Composite","Primary Volcano Type":"Stratovolcano(es)","Type Group":"Cone volcanoes","Type Description":"Tall, steep volcanoes often built by alternating lava and ash layers.","Activity Evidence":"Evidence Credible","Activity Class":"Credible evidence","Last Known Eruption":"Unknown","Eruption Year":null,"Eruption Period":"BCE record","Elevation (m)":5961,"Elevation Class":"3,000 m and above","Tectonic Setting":"Subduction zone / Continental crust (>25 km)","Tectonic Group":"Subduction","Dominant Rock Type":"Andesite / Basaltic Andesite"}},{"type":"Feature","geometry":{"type":"Point","coordinates":[-67.88,-22.83]},"properties":{"Volcano Number":355092,"Volcano Name":"Licancabur","Country":"Chile-Bolivia","Volcanic Region Group":"South America Volcanic Regions","Volcanic Region":"Central Andean Volcanic Arc","Volcano Landform":"Composite","Primary Volcano Type":"Stratovolcano","Type Group":"Cone volcanoes","Type Description":"Tall, steep volcanoes often built by alternating lava and ash layers.","Activity Evidence":"Evidence Credible","Activity Class":"Credible evidence","Last Known Eruption":"Unknown","Eruption Year":null,"Eruption Period":"BCE record","Elevation (m)":5916,"Elevation Class":"3,000 m and above","Tectonic Setting":"Subduction zone / Continental crust (>25 km)","Tectonic Group":"Subduction","Dominant Rock Type":"Andesite / Basaltic Andesite"}},{"type":"Feature","geometry":{"type":"Point","coordinates":[-67.566,-22.895]},"properties":{"Volcano Number":355093,"Volcano Name":"Guayaques","Country":"Chile-Bolivia","Volcanic Region Group":"South America Volcanic Regions","Volcanic Region":"Central Andean Volcanic Arc","Volcano Landform":"Minor","Primary Volcano Type":"Lava dome(s)","Type Group":"Lava domes","Type Description":"Steep mounds built by thick lava that piles up near the vent.","Activity Evidence":"Evidence Credible","Activity Class":"Credible evidence","Last Known Eruption":"Unknown","Eruption Year":null,"Eruption Period":"BCE record","Elevation (m)":5598,"Elevation Class":"3,000 m and above","Tectonic Setting":"Subduction zone / Continental crust (>25 km)","Tectonic Group":"Subduction","Dominant Rock Type":"Dacite"}},{"type":"Feature","geometry":{"type":"Point","coordinates":[-67.75,-23.0]},"properties":{"Volcano Number":355094,"Volcano Name":"Purico Complex","Country":"Chile","Volcanic Region Group":"South America Volcanic Regions","Volcanic Region":"Central Andean Volcanic Arc","Volcano Landform":"Shield","Primary Volcano Type":"Shield(pyroclastic)","Type Group":"Other or unknown","Type Description":"The database lists a less common or unspecified volcano form.","Activity Evidence":"Evidence Credible","Activity Class":"Credible evidence","Last Known Eruption":"Unknown","Eruption Year":null,"Eruption Period":"BCE record","Elevation (m)":5703,"Elevation Class":"3,000 m and above","Tectonic Setting":"Subduction zone / Continental crust (>25 km)","Tectonic Group":"Subduction","Dominant Rock Type":"Dacite"}},{"type":"Feature","geometry":{"type":"Point","coordinates":[-67.645,-23.236]},"properties":{"Volcano Number":355095,"Volcano Name":"Colachi","Country":"Chile","Volcanic Region Group":"South America Volcanic Regions","Volcanic Region":"Central Andean Volcanic Arc","Volcano Landform":"Composite","Primary Volcano Type":"Stratovolcano","Type Group":"Cone volcanoes","Type Description":"Tall, steep volcanoes often built by alternating lava and ash layers.","Activity Evidence":"Evidence Credible","Activity Class":"Credible evidence","Last Known Eruption":"Unknown","Eruption Year":null,"Eruption Period":"BCE record","Elevation (m)":5631,"Elevation Class":"3,000 m and above","Tectonic Setting":"Subduction zone / Continental crust (>25 km)","Tectonic Group":"Subduction","Dominant Rock Type":"Andesite / Basaltic Andesite"}},{"type":"Feature","geometry":{"type":"Point","coordinates":[-67.618,-23.292]},"properties":{"Volcano Number":355096,"Volcano Name":"Acamarachi","Country":"Chile","Volcanic Region Group":"South America Volcanic Regions","Volcanic Region":"Central Andean Volcanic Arc","Volcano Landform":"Composite","Primary Volcano Type":"Stratovolcano","Type Group":"Cone volcanoes","Type Description":"Tall, steep volcanoes often built by alternating lava and ash layers.","Activity Evidence":"Evidence Credible","Activity Class":"Credible evidence","Last Known Eruption":"Unknown","Eruption Year":null,"Eruption Period":"BCE record","Elevation (m)":6023,"Elevation Class":"3,000 m and above","Tectonic Setting":"Subduction zone / Continental crust (>25 km)","Tectonic Group":"Subduction","Dominant Rock Type":"Dacite"}},{"type":"Feature","geometry":{"type":"Point","coordinates":[-67.7,-23.58]},"properties":{"Volcano Number":355098,"Volcano Name":"Chiliques","Country":"Chile","Volcanic Region Group":"South America Volcanic Regions","Volcanic Region":"Central Andean Volcanic Arc","Volcano Landform":"Composite","Primary Volcano Type":"Stratovolcano","Type Group":"Cone volcanoes","Type Description":"Tall, steep volcanoes often built by alternating lava and ash layers.","Activity Evidence":"Evidence Uncertain","Activity Class":"Uncertain evidence","Last Known Eruption":"Unknown","Eruption Year":null,"Eruption Period":"BCE record","Elevation (m)":5778,"Elevation Class":"3,000 m and above","Tectonic Setting":"Subduction zone / Continental crust (>25 km)","Tectonic Group":"Subduction","Dominant Rock Type":"Andesite / Basaltic Andesite"}},{"type":"Feature","geometry":{"type":"Point","coordinates":[-67.73,-23.37]},"properties":{"Volcano Number":355100,"Volcano Name":"Lascar","Country":"Chile","Volcanic Region Group":"South America Volcanic Regions","Volcanic Region":"Central Andean Volcanic Arc","Volcano Landform":"Composite","Primary Volcano Type":"Stratovolcano(es)","Type Group":"Cone volcanoes","Type Description":"Tall, steep volcanoes often built by alternating lava and ash layers.","Activity Evidence":"Eruption Observed","Activity Class":"Observed eruption","Last Known Eruption":"2026 CE","Eruption Year":2026.0,"Eruption Period":"Since 1900","Elevation (m)":5592,"Elevation Class":"3,000 m and above","Tectonic Setting":"Subduction zone / Continental crust (>25 km)","Tectonic Group":"Subduction","Dominant Rock Type":"Andesite / Basaltic Andesite"}},{"type":"Feature","geometry":{"type":"Point","coordinates":[-67.534,-23.743]},"properties":{"Volcano Number":355101,"Volcano Name":"Cordon de Puntas Negras","Country":"Chile","Volcanic Region Group":"South America Volcanic Regions","Volcanic Region":"Central Andean Volcanic Arc","Volcano Landform":"Composite","Primary Volcano Type":"Stratovolcano(es)","Type Group":"Cone volcanoes","Type Description":"Tall, steep volcanoes often built by alternating lava and ash layers.","Activity Evidence":"Evidence Credible","Activity Class":"Credible evidence","Last Known Eruption":"Unknown","Eruption Year":null,"Eruption Period":"BCE record","Elevation (m)":5852,"Elevation Class":"3,000 m and above","Tectonic Setting":"Subduction zone / Continental crust (>25 km)","Tectonic Group":"Subduction","Dominant Rock Type":"Andesite / Basaltic Andesite"}},{"type":"Feature","geometry":{"type":"Point","coordinates":[-67.77,-23.82]},"properties":{"Volcano Number":355102,"Volcano Name":"Miniques","Country":"Chile","Volcanic Region Group":"South America Volcanic Regions","Volcanic Region":"Central Andean Volcanic Arc","Volcano Landform":"Composite","Primary Volcano Type":"Stratovolcano(es)","Type Group":"Cone volcanoes","Type Description":"Tall, steep volcanoes often built by alternating lava and ash layers.","Activity Evidence":"Evidence Uncertain","Activity Class":"Uncertain evidence","Last Known Eruption":"Unknown","Eruption Year":null,"Eruption Period":"BCE record","Elevation (m)":5910,"Elevation Class":"3,000 m and above","Tectonic Setting":"Subduction zone / Continental crust (>25 km)","Tectonic Group":"Subduction","Dominant Rock Type":"Andesite / Basaltic Andesite"}},{"type":"Feature","geometry":{"type":"Point","coordinates":[-67.95,-23.83]},"properties":{"Volcano Number":355103,"Volcano Name":"Tujle, Cerro","Country":"Chile","Volcanic Region Group":"South America Volcanic Regions","Volcanic Region":"Central Andean Volcanic Arc","Volcano Landform":"Minor","Primary Volcano Type":"Maar","Type Group":"Other or unknown","Type Description":"The database lists a less common or unspecified volcano form.","Activity Evidence":"Evidence Credible","Activity Class":"Credible evidence","Last Known Eruption":"Unknown","Eruption Year":null,"Eruption Period":"BCE record","Elevation (m)":3550,"Elevation Class":"3,000 m and above","Tectonic Setting":"Subduction zone / Continental crust (>25 km)","Tectonic Group":"Subduction","Dominant Rock Type":"No Data (checked)"}},{"type":"Feature","geometry":{"type":"Point","coordinates":[-67.74,-23.949]},"properties":{"Volcano Number":355104,"Volcano Name":"Caichinque","Country":"Chile","Volcanic Region Group":"South America Volcanic Regions","Volcanic Region":"Central Andean Volcanic Arc","Volcano Landform":"Composite","Primary Volcano Type":"Stratovolcano(es)","Type Group":"Cone volcanoes","Type Description":"Tall, steep volcanoes often built by alternating lava and ash layers.","Activity Evidence":"Evidence Uncertain","Activity Class":"Uncertain evidence","Last Known Eruption":"Unknown","Eruption Year":null,"Eruption Period":"BCE record","Elevation (m)":4458,"Elevation Class":"3,000 m and above","Tectonic Setting":"Subduction zone / Continental crust (>25 km)","Tectonic Group":"Subduction","Dominant Rock Type":"Andesite / Basaltic Andesite"}},{"type":"Feature","geometry":{"type":"Point","coordinates":[-68.13,-23.97]},"properties":{"Volcano Number":355105,"Volcano Name":"Tilocalar","Country":"Chile","Volcanic Region Group":"South America Volcanic Regions","Volcanic Region":"Central Andean Volcanic Arc","Volcano Landform":"Minor","Primary Volcano Type":"Lava cone(es)","Type Group":"Other or unknown","Type Description":"The database lists a less common or unspecified volcano form.","Activity Evidence":"Evidence Uncertain","Activity Class":"Uncertain evidence","Last Known Eruption":"Unknown","Eruption Year":null,"Eruption Period":"BCE record","Elevation (m)":3109,"Elevation Class":"3,000 m and above","Tectonic Setting":"Subduction zone / Continental crust (>25 km)","Tectonic Group":"Subduction","Dominant Rock Type":"Andesite / Basaltic Andesite"}},{"type":"Feature","geometry":{"type":"Point","coordinates":[-68.054,-24.188]},"properties":{"Volcano Number":355107,"Volcano Name":"Pular","Country":"Chile","Volcanic Region Group":"South America Volcanic Regions","Volcanic Region":"Central Andean Volcanic Arc","Volcano Landform":"Composite","Primary Volcano Type":"Stratovolcano(es)","Type Group":"Cone volcanoes","Type Description":"Tall, steep volcanoes often built by alternating lava and ash layers.","Activity Evidence":"Evidence Uncertain","Activity Class":"Uncertain evidence","Last Known Eruption":"Unknown","Eruption Year":null,"Eruption Period":"BCE record","Elevation (m)":6233,"Elevation Class":"3,000 m and above","Tectonic Setting":"Subduction zone / Continental crust (>25 km)","Tectonic Group":"Subduction","Dominant Rock Type":"Andesite / Basaltic Andesite"}},{"type":"Feature","geometry":{"type":"Point","coordinates":[-68.59,-24.319]},"properties":{"Volcano Number":355108,"Volcano Name":"Negrillar, La","Country":"Chile","Volcanic Region Group":"South America Volcanic Regions","Volcanic Region":"Central Andean Volcanic Arc","Volcano Landform":"Minor","Primary Volcano Type":"Pyroclastic cone(s)","Type Group":"Small cones","Type Description":"Smaller volcanic cones or explosion craters formed by ash, cinders, or steam blasts.","Activity Evidence":"Evidence Uncertain","Activity Class":"Uncertain evidence","Last Known Eruption":"Unknown","Eruption Year":null,"Eruption Period":"BCE record","Elevation (m)":4220,"Elevation Class":"3,000 m and above","Tectonic Setting":"Subduction zone / Continental crust (>25 km)","Tectonic Group":"Subduction","Dominant Rock Type":"Andesite / Basaltic Andesite"}},{"type":"Feature","geometry":{"type":"Point","coordinates":[-68.246,-24.396]},"properties":{"Volcano Number":355109,"Volcano Name":"Socompa","Country":"Chile-Argentina","Volcanic Region Group":"South America Volcanic Regions","Volcanic Region":"Central Andean Volcanic Arc","Volcano Landform":"Composite","Primary Volcano Type":"Stratovolcano","Type Group":"Cone volcanoes","Type Description":"Tall, steep volcanoes often built by alternating lava and ash layers.","Activity Evidence":"Eruption Dated","Activity Class":"Dated eruption","Last Known Eruption":"5250 BCE","Eruption Year":-5250.0,"Eruption Period":"BCE record","Elevation (m)":6031,"Elevation Class":"3,000 m and above","Tectonic Setting":"Subduction zone / Continental crust (>25 km)","Tectonic Group":"Subduction","Dominant Rock Type":"Dacite"}},{"type":"Feature","geometry":{"type":"Point","coordinates":[-68.53,-24.72]},"properties":{"Volcano Number":355110,"Volcano Name":"Llullaillaco","Country":"Chile-Argentina","Volcanic Region Group":"South America Volcanic Regions","Volcanic Region":"Central Andean Volcanic Arc","Volcano Landform":"Composite","Primary Volcano Type":"Stratovolcano","Type Group":"Cone volcanoes","Type Description":"Tall, steep volcanoes often built by alternating lava and ash layers.","Activity Evidence":"Eruption Observed","Activity Class":"Observed eruption","Last Known Eruption":"1877 CE","Eruption Year":1877.0,"Eruption Period":"1500-1899","Elevation (m)":6739,"Elevation Class":"3,000 m and above","Tectonic Setting":"Subduction zone / Continental crust (>25 km)","Tectonic Group":"Subduction","Dominant Rock Type":"Dacite"}},{"type":"Feature","geometry":{"type":"Point","coordinates":[-68.367,-25.083]},"properties":{"Volcano Number":355112,"Volcano Name":"Corrida de Cori Volcanic Field","Country":"Chile-Argentina","Volcanic Region Group":"South America Volcanic Regions","Volcanic Region":"Central Andean Volcanic Arc","Volcano Landform":"Composite","Primary Volcano Type":"Stratovolcano","Type Group":"Cone volcanoes","Type Description":"Tall, steep volcanoes often built by alternating lava and ash layers.","Activity Evidence":"Evidence Uncertain","Activity Class":"Uncertain evidence","Last Known Eruption":"Unknown","Eruption Year":null,"Eruption Period":"BCE record","Elevation (m)":5451,"Elevation Class":"3,000 m and above","Tectonic Setting":"Subduction zone / Continental crust (>25 km)","Tectonic Group":"Subduction","Dominant Rock Type":"Andesite / Basaltic Andesite"}},{"type":"Feature","geometry":{"type":"Point","coordinates":[-68.507,-25.168]},"properties":{"Volcano Number":355120,"Volcano Name":"Lastarria","Country":"Chile-Argentina","Volcanic Region Group":"South America Volcanic Regions","Volcanic Region":"Central Andean Volcanic Arc","Volcano Landform":"Composite","Primary Volcano Type":"Stratovolcano","Type Group":"Cone volcanoes","Type Description":"Tall, steep volcanoes often built by alternating lava and ash layers.","Activity Evidence":"Evidence Credible","Activity Class":"Credible evidence","Last Known Eruption":"Unknown","Eruption Year":null,"Eruption Period":"BCE record","Elevation (m)":5706,"Elevation Class":"3,000 m and above","Tectonic Setting":"Subduction zone / Continental crust (>25 km)","Tectonic Group":"Subduction","Dominant Rock Type":"Andesite / Basaltic Andesite"}},{"type":"Feature","geometry":{"type":"Point","coordinates":[-68.521,-25.336]},"properties":{"Volcano Number":355121,"Volcano Name":"Cordon del Azufre","Country":"Chile-Argentina","Volcanic Region Group":"South America Volcanic Regions","Volcanic Region":"Central Andean Volcanic Arc","Volcano Landform":"Composite","Primary Volcano Type":"Complex","Type Group":"Complex volcanoes","Type Description":"Volcanoes with multiple vents, cones, or overlapping eruptive centers.","Activity Evidence":"Evidence Credible","Activity Class":"Credible evidence","Last Known Eruption":"Unknown","Eruption Year":null,"Eruption Period":"BCE record","Elevation (m)":5481,"Elevation Class":"3,000 m and above","Tectonic Setting":"Subduction zone / Continental crust (>25 km)","Tectonic Group":"Subduction","Dominant Rock Type":"Andesite / Basaltic Andesite"}},{"type":"Feature","geometry":{"type":"Point","coordinates":[-68.588,-25.414]},"properties":{"Volcano Number":355122,"Volcano Name":"Bayo Gorbea, Cerro","Country":"Chile-Argentina","Volcanic Region Group":"South America Volcanic Regions","Volcanic Region":"Central Andean Volcanic Arc","Volcano Landform":"Composite","Primary Volcano Type":"Complex","Type Group":"Complex volcanoes","Type Description":"Volcanoes with multiple vents, cones, or overlapping eruptive centers.","Activity Evidence":"Evidence Credible","Activity Class":"Credible evidence","Last Known Eruption":"Unknown","Eruption Year":null,"Eruption Period":"BCE record","Elevation (m)":5413,"Elevation Class":"3,000 m and above","Tectonic Setting":"Subduction zone / Continental crust (>25 km)","Tectonic Group":"Subduction","Dominant Rock Type":"Andesite / Basaltic Andesite"}},{"type":"Feature","geometry":{"type":"Point","coordinates":[-68.58,-26.48]},"properties":{"Volcano Number":355123,"Volcano Name":"Nevada, Sierra","Country":"Chile-Argentina","Volcanic Region Group":"South America Volcanic Regions","Volcanic Region":"Central Andean Volcanic Arc","Volcano Landform":"Composite","Primary Volcano Type":"Complex","Type Group":"Complex volcanoes","Type Description":"Volcanoes with multiple vents, cones, or overlapping eruptive centers.","Activity Evidence":"Evidence Credible","Activity Class":"Credible evidence","Last Known Eruption":"Unknown","Eruption Year":null,"Eruption Period":"BCE record","Elevation (m)":6173,"Elevation Class":"3,000 m and above","Tectonic Setting":"Subduction zone / Continental crust (>25 km)","Tectonic Group":"Subduction","Dominant Rock Type":"No Data (checked)"}},{"type":"Feature","geometry":{"type":"Point","coordinates":[-68.37,-26.8]},"properties":{"Volcano Number":355124,"Volcano Name":"Falso Azufre","Country":"Chile-Argentina","Volcanic Region Group":"South America Volcanic Regions","Volcanic Region":"Central Andean Volcanic Arc","Volcano Landform":"Composite","Primary Volcano Type":"Complex","Type Group":"Complex volcanoes","Type Description":"Volcanoes with multiple vents, cones, or overlapping eruptive centers.","Activity Evidence":"Evidence Uncertain","Activity Class":"Uncertain evidence","Last Known Eruption":"Unknown","Eruption Year":null,"Eruption Period":"BCE record","Elevation (m)":5906,"Elevation Class":"3,000 m and above","Tectonic Setting":"Subduction zone / Continental crust (>25 km)","Tectonic Group":"Subduction","Dominant Rock Type":"No Data (checked)"}},{"type":"Feature","geometry":{"type":"Point","coordinates":[-68.296,-27.033]},"properties":{"Volcano Number":355125,"Volcano Name":"Incahuasi, Nevado de","Country":"Chile-Argentina","Volcanic Region Group":"South America Volcanic Regions","Volcanic Region":"Central Andean Volcanic Arc","Volcano Landform":"Composite","Primary Volcano Type":"Stratovolcano(es)","Type Group":"Cone volcanoes","Type Description":"Tall, steep volcanoes often built by alternating lava and ash layers.","Activity Evidence":"Evidence Uncertain","Activity Class":"Uncertain evidence","Last Known Eruption":"Unknown","Eruption Year":null,"Eruption Period":"BCE record","Elevation (m)":6638,"Elevation Class":"3,000 m and above","Tectonic Setting":"Subduction zone / Continental crust (>25 km)","Tectonic Group":"Subduction","Dominant Rock Type":"Dacite"}},{"type":"Feature","geometry":{"type":"Point","coordinates":[-68.541,-27.109]},"properties":{"Volcano Number":355130,"Volcano Name":"Ojos del Salado, Nevados","Country":"Chile-Argentina","Volcanic Region Group":"South America Volcanic Regions","Volcanic Region":"Central Andean Volcanic Arc","Volcano Landform":"Composite","Primary Volcano Type":"Stratovolcano","Type Group":"Cone volcanoes","Type Description":"Tall, steep volcanoes often built by alternating lava and ash layers.","Activity Evidence":"Eruption Dated","Activity Class":"Dated eruption","Last Known Eruption":"750 CE","Eruption Year":750.0,"Eruption Period":"1-1499 CE","Elevation (m)":6879,"Elevation Class":"3,000 m and above","Tectonic Setting":"Subduction zone / Continental crust (>25 km)","Tectonic Group":"Subduction","Dominant Rock Type":"Dacite"}},{"type":"Feature","geometry":{"type":"Point","coordinates":[-68.713,-27.105]},"properties":{"Volcano Number":355131,"Volcano Name":"Solo, El","Country":"Chile-Argentina","Volcanic Region Group":"South America Volcanic Regions","Volcanic Region":"Central Andean Volcanic Arc","Volcano Landform":"Composite","Primary Volcano Type":"Stratovolcano","Type Group":"Cone volcanoes","Type Description":"Tall, steep volcanoes often built by alternating lava and ash layers.","Activity Evidence":"Evidence Credible","Activity Class":"Credible evidence","Last Known Eruption":"Unknown","Eruption Year":null,"Eruption Period":"BCE record","Elevation (m)":6205,"Elevation Class":"3,000 m and above","Tectonic Setting":"Subduction zone / Continental crust (>25 km)","Tectonic Group":"Subduction","Dominant Rock Type":"Dacite"}},{"type":"Feature","geometry":{"type":"Point","coordinates":[-67.783,-24.29]},"properties":{"Volcano Number":355160,"Volcano Name":"Aracar","Country":"Argentina","Volcanic Region Group":"South America Volcanic Regions","Volcanic Region":"Central Andean Volcanic Arc","Volcano Landform":"Composite","Primary Volcano Type":"Stratovolcano","Type Group":"Cone volcanoes","Type Description":"Tall, steep volcanoes often built by alternating lava and ash layers.","Activity Evidence":"Evidence Credible","Activity Class":"Credible evidence","Last Known Eruption":"Unknown","Eruption Year":null,"Eruption Period":"BCE record","Elevation (m)":6095,"Elevation Class":"3,000 m and above","Tectonic Setting":"Subduction zone / Continental crust (>25 km)","Tectonic Group":"Subduction","Dominant Rock Type":"Andesite / Basaltic Andesite"}},{"type":"Feature","geometry":{"type":"Point","coordinates":[-68.266,-25.078]},"properties":{"Volcano Number":355161,"Volcano Name":"Central Andean Arc at 25.1°S","Country":"Argentina","Volcanic Region Group":"South America Volcanic Regions","Volcanic Region":"Central Andean Volcanic Arc","Volcano Landform":"Minor","Primary Volcano Type":"Pyroclastic cone","Type Group":"Other or unknown","Type Description":"The database lists a less common or unspecified volcano form.","Activity Evidence":"Evidence Credible","Activity Class":"Credible evidence","Last Known Eruption":"Unknown","Eruption Year":null,"Eruption Period":"BCE record","Elevation (m)":4652,"Elevation Class":"3,000 m and above","Tectonic Setting":"Subduction zone / Continental crust (>25 km)","Tectonic Group":"Subduction","Dominant Rock Type":"Andesite / Basaltic Andesite"}},{"type":"Feature","geometry":{"type":"Point","coordinates":[-68.361,-26.632]},"properties":{"Volcano Number":355190,"Volcano Name":"Condor, El","Country":"Argentina","Volcanic Region Group":"South America Volcanic Regions","Volcanic Region":"Central Andean Volcanic Arc","Volcano Landform":"Composite","Primary Volcano Type":"Stratovolcano","Type Group":"Cone volcanoes","Type Description":"Tall, steep volcanoes often built by alternating lava and ash layers.","Activity Evidence":"Evidence Credible","Activity Class":"Credible evidence","Last Known Eruption":"Unknown","Eruption Year":null,"Eruption Period":"BCE record","Elevation (m)":6373,"Elevation Class":"3,000 m and above","Tectonic Setting":"Subduction zone / Continental crust (>25 km)","Tectonic Group":"Subduction","Dominant Rock Type":"No Data (checked)"}},{"type":"Feature","geometry":{"type":"Point","coordinates":[-68.116,-26.623]},"properties":{"Volcano Number":355200,"Volcano Name":"Peinado","Country":"Argentina","Volcanic Region Group":"South America Volcanic Regions","Volcanic Region":"Central Andean Volcanic Arc","Volcano Landform":"Composite","Primary Volcano Type":"Stratovolcano","Type Group":"Cone volcanoes","Type Description":"Tall, steep volcanoes often built by alternating lava and ash layers.","Activity Evidence":"Evidence Credible","Activity Class":"Credible evidence","Last Known Eruption":"Unknown","Eruption Year":null,"Eruption Period":"BCE record","Elevation (m)":5741,"Elevation Class":"3,000 m and above","Tectonic Setting":"Subduction zone / Continental crust (>25 km)","Tectonic Group":"Subduction","Dominant Rock Type":"Andesite / Basaltic Andesite"}},{"type":"Feature","geometry":{"type":"Point","coordinates":[-67.746,-26.7657]},"properties":{"Volcano Number":355210,"Volcano Name":"Blanco, Cerro","Country":"Argentina","Volcanic Region Group":"South America Volcanic Regions","Volcanic Region":"Central Andean Volcanic Arc","Volcano Landform":"Caldera","Primary Volcano Type":"Caldera","Type Group":"Calderas","Type Description":"Large collapse basins that can form after major eruptions empty magma chambers.","Activity Evidence":"Eruption Dated","Activity Class":"Dated eruption","Last Known Eruption":"2300 BCE","Eruption Year":-2300.0,"Eruption Period":"BCE record","Elevation (m)":4670,"Elevation Class":"3,000 m and above","Tectonic Setting":"Subduction zone / Continental crust (>25 km)","Tectonic Group":"Subduction","Dominant Rock Type":"Rhyolite"}},{"type":"Feature","geometry":{"type":"Point","coordinates":[-68.561,-27.196]},"properties":{"Volcano Number":355220,"Volcano Name":"Tipas","Country":"Argentina","Volcanic Region Group":"South America Volcanic Regions","Volcanic Region":"Central Andean Volcanic Arc","Volcano Landform":"Composite","Primary Volcano Type":"Complex","Type Group":"Complex volcanoes","Type Description":"Volcanoes with multiple vents, cones, or overlapping eruptive centers.","Activity Evidence":"Evidence Credible","Activity Class":"Credible evidence","Last Known Eruption":"Unknown","Eruption Year":null,"Eruption Period":"BCE record","Elevation (m)":6658,"Elevation Class":"3,000 m and above","Tectonic Setting":"Subduction zone / Continental crust (>25 km)","Tectonic Group":"Subduction","Dominant Rock Type":"No Data (checked)"}},{"type":"Feature","geometry":{"type":"Point","coordinates":[-109.356,-27.114]},"properties":{"Volcano Number":356011,"Volcano Name":"Rapa Nui","Country":"Chile","Volcanic Region Group":"Southern Pacific Volcanic Regions","Volcanic Region":"Salas y Gómez Ridge Volcano Group","Volcano Landform":"Shield","Primary Volcano Type":"Shield(s)","Type Group":"Shield volcanoes","Type Description":"Broad volcanoes formed by fluid lava flows that can spread far from the vent.","Activity Evidence":"Evidence Credible","Activity Class":"Credible evidence","Last Known Eruption":"Unknown","Eruption Year":null,"Eruption Period":"BCE record","Elevation (m)":501,"Elevation Class":"0-999 m","Tectonic Setting":"Rift zone / Oceanic crust (< 15 km)","Tectonic Group":"Rift","Dominant Rock Type":"Basalt / Picro-Basalt"}},{"type":"Feature","geometry":{"type":"Point","coordinates":[-69.797,-33.425]},"properties":{"Volcano Number":357010,"Volcano Name":"Tupungatito","Country":"Chile-Argentina","Volcanic Region Group":"South America Volcanic Regions","Volcanic Region":"Southern Andean Volcanic Arc","Volcano Landform":"Composite","Primary Volcano Type":"Stratovolcano","Type Group":"Cone volcanoes","Type Description":"Tall, steep volcanoes often built by alternating lava and ash layers.","Activity Evidence":"Eruption Observed","Activity Class":"Observed eruption","Last Known Eruption":"1987 CE","Eruption Year":1987.0,"Eruption Period":"Since 1900","Elevation (m)":5660,"Elevation Class":"3,000 m and above","Tectonic Setting":"Subduction zone / Continental crust (>25 km)","Tectonic Group":"Subduction","Dominant Rock Type":"Andesite / Basaltic Andesite"}},{"type":"Feature","geometry":{"type":"Point","coordinates":[-69.895,-33.789]},"properties":{"Volcano Number":357020,"Volcano Name":"San Jose","Country":"Chile-Argentina","Volcanic Region Group":"South America Volcanic Regions","Volcanic Region":"Southern Andean Volcanic Arc","Volcano Landform":"Composite","Primary Volcano Type":"Stratovolcano(es)","Type Group":"Cone volcanoes","Type Description":"Tall, steep volcanoes often built by alternating lava and ash layers.","Activity Evidence":"Eruption Observed","Activity Class":"Observed eruption","Last Known Eruption":"1960 CE","Eruption Year":1960.0,"Eruption Period":"Since 1900","Elevation (m)":6070,"Elevation Class":"3,000 m and above","Tectonic Setting":"Subduction zone / Continental crust (>25 km)","Tectonic Group":"Subduction","Dominant Rock Type":"Andesite / Basaltic Andesite"}},{"type":"Feature","geometry":{"type":"Point","coordinates":[-69.832,-34.164]},"properties":{"Volcano Number":357021,"Volcano Name":"Maipo","Country":"Chile-Argentina","Volcanic Region Group":"South America Volcanic Regions","Volcanic Region":"Southern Andean Volcanic Arc","Volcano Landform":"Composite","Primary Volcano Type":"Caldera","Type Group":"Calderas","Type Description":"Large collapse basins that can form after major eruptions empty magma chambers.","Activity Evidence":"Eruption Observed","Activity Class":"Observed eruption","Last Known Eruption":"1912 CE","Eruption Year":1912.0,"Eruption Period":"Since 1900","Elevation (m)":5323,"Elevation Class":"3,000 m and above","Tectonic Setting":"Subduction zone / Continental crust (>25 km)","Tectonic Group":"Subduction","Dominant Rock Type":"Trachyandesite / Basaltic Trachyandesite"}},{"type":"Feature","geometry":{"type":"Point","coordinates":[-70.295,-34.608]},"properties":{"Volcano Number":357022,"Volcano Name":"Palomo","Country":"Chile","Volcanic Region Group":"South America Volcanic Regions","Volcanic Region":"Southern Andean Volcanic Arc","Volcano Landform":"Composite","Primary Volcano Type":"Stratovolcano","Type Group":"Cone volcanoes","Type Description":"Tall, steep volcanoes often built by alternating lava and ash layers.","Activity Evidence":"Evidence Credible","Activity Class":"Credible evidence","Last Known Eruption":"Unknown","Eruption Year":null,"Eruption Period":"BCE record","Elevation (m)":4860,"Elevation Class":"3,000 m and above","Tectonic Setting":"Subduction zone / Continental crust (>25 km)","Tectonic Group":"Subduction","Dominant Rock Type":"Andesite / Basaltic Andesite"}},{"type":"Feature","geometry":{"type":"Point","coordinates":[-69.921,-34.592]},"properties":{"Volcano Number":357023,"Volcano Name":"Atuel, Caldera del","Country":"Argentina","Volcanic Region Group":"South America Volcanic Regions","Volcanic Region":"Southern Andean Volcanic Arc","Volcano Landform":"Caldera","Primary Volcano Type":"Caldera","Type Group":"Calderas","Type Description":"Large collapse basins that can form after major eruptions empty magma chambers.","Activity Evidence":"Evidence Credible","Activity Class":"Credible evidence","Last Known Eruption":"Unknown","Eruption Year":null,"Eruption Period":"BCE record","Elevation (m)":5189,"Elevation Class":"3,000 m and above","Tectonic Setting":"Subduction zone / Continental crust (>25 km)","Tectonic Group":"Subduction","Dominant Rock Type":"Andesite / Basaltic Andesite"}},{"type":"Feature","geometry":{"type":"Point","coordinates":[-69.981,-34.917]},"properties":{"Volcano Number":357024,"Volcano Name":"Risco Plateado","Country":"Argentina","Volcanic Region Group":"South America Volcanic Regions","Volcanic Region":"Southern Andean Volcanic Arc","Volcano Landform":"Composite","Primary Volcano Type":"Stratovolcano","Type Group":"Cone volcanoes","Type Description":"Tall, steep volcanoes often built by alternating lava and ash layers.","Activity Evidence":"Evidence Uncertain","Activity Class":"Uncertain evidence","Last Known Eruption":"Unknown","Eruption Year":null,"Eruption Period":"BCE record","Elevation (m)":4999,"Elevation Class":"3,000 m and above","Tectonic Setting":"Subduction zone / Continental crust (>25 km)","Tectonic Group":"Subduction","Dominant Rock Type":"Andesite / Basaltic Andesite"}},{"type":"Feature","geometry":{"type":"Point","coordinates":[-70.352,-34.814]},"properties":{"Volcano Number":357030,"Volcano Name":"Tinguiririca","Country":"Chile","Volcanic Region Group":"South America Volcanic Regions","Volcanic Region":"Southern Andean Volcanic Arc","Volcano Landform":"Composite","Primary Volcano Type":"Stratovolcano","Type Group":"Cone volcanoes","Type Description":"Tall, steep volcanoes often built by alternating lava and ash layers.","Activity Evidence":"Eruption Observed","Activity Class":"Observed eruption","Last Known Eruption":"1917 CE","Eruption Year":1917.0,"Eruption Period":"Since 1900","Elevation (m)":4280,"Elevation Class":"3,000 m and above","Tectonic Setting":"Subduction zone / Continental crust (>25 km)","Tectonic Group":"Subduction","Dominant Rock Type":"Andesite / Basaltic Andesite"}},{"type":"Feature","geometry":{"type":"Point","coordinates":[-70.568,-35.223]},"properties":{"Volcano Number":357040,"Volcano Name":"Planchon-Peteroa","Country":"Chile","Volcanic Region Group":"South America Volcanic Regions","Volcanic Region":"Southern Andean Volcanic Arc","Volcano Landform":"Composite","Primary Volcano Type":"Stratovolcano(es)","Type Group":"Cone volcanoes","Type Description":"Tall, steep volcanoes often built by alternating lava and ash layers.","Activity Evidence":"Eruption Observed","Activity Class":"Observed eruption","Last Known Eruption":"2025 CE","Eruption Year":2025.0,"Eruption Period":"Since 1900","Elevation (m)":3977,"Elevation Class":"3,000 m and above","Tectonic Setting":"Subduction zone / Continental crust (>25 km)","Tectonic Group":"Subduction","Dominant Rock Type":"Andesite / Basaltic Andesite"}},{"type":"Feature","geometry":{"type":"Point","coordinates":[-69.9,-35.123]},"properties":{"Volcano Number":357041,"Volcano Name":"Infiernillo","Country":"Argentina","Volcanic Region Group":"South America Volcanic Regions","Volcanic Region":"Southern Andean Volcanic Arc","Volcano Landform":"Cluster","Primary Volcano Type":"Volcanic field","Type Group":"Volcanic fields","Type Description":"Areas with many vents spread across a wider landscape.","Activity Evidence":"Eruption Dated","Activity Class":"Dated eruption","Last Known Eruption":"6890 BCE","Eruption Year":-6890.0,"Eruption Period":"BCE record","Elevation (m)":3007,"Elevation Class":"3,000 m and above","Tectonic Setting":"Intraplate / Continental crust (>25 km)","Tectonic Group":"Intraplate","Dominant Rock Type":"Andesite / Basaltic Andesite"}},{"type":"Feature","geometry":{"type":"Point","coordinates":[-70.496,-35.558]},"properties":{"Volcano Number":357042,"Volcano Name":"Calabozos","Country":"Chile","Volcanic Region Group":"South America Volcanic Regions","Volcanic Region":"Southern Andean Volcanic Arc","Volcano Landform":"Composite","Primary Volcano Type":"Caldera","Type Group":"Calderas","Type Description":"Large collapse basins that can form after major eruptions empty magma chambers.","Activity Evidence":"Evidence Credible","Activity Class":"Credible evidence","Last Known Eruption":"Unknown","Eruption Year":null,"Eruption Period":"BCE record","Elevation (m)":3508,"Elevation Class":"3,000 m and above","Tectonic Setting":"Subduction zone / Continental crust (>25 km)","Tectonic Group":"Subduction","Dominant Rock Type":"Dacite"}},{"type":"Feature","geometry":{"type":"Point","coordinates":[-70.75,-35.58]},"properties":{"Volcano Number":357050,"Volcano Name":"Descabezado Grande","Country":"Chile","Volcanic Region Group":"South America Volcanic Regions","Volcanic Region":"Southern Andean Volcanic Arc","Volcano Landform":"Composite","Primary Volcano Type":"Stratovolcano(es)","Type Group":"Cone volcanoes","Type Description":"Tall, steep volcanoes often built by alternating lava and ash layers.","Activity Evidence":"Eruption Observed","Activity Class":"Observed eruption","Last Known Eruption":"1933 CE","Eruption Year":1933.0,"Eruption Period":"Since 1900","Elevation (m)":3953,"Elevation Class":"3,000 m and above","Tectonic Setting":"Subduction zone / Continental crust (>25 km)","Tectonic Group":"Subduction","Dominant Rock Type":"Andesite / Basaltic Andesite"}},{"type":"Feature","geometry":{"type":"Point","coordinates":[-70.761,-35.653]},"properties":{"Volcano Number":357060,"Volcano Name":"Azul, Cerro","Country":"Chile","Volcanic Region Group":"South America Volcanic Regions","Volcanic Region":"Southern Andean Volcanic Arc","Volcano Landform":"Composite","Primary Volcano Type":"Stratovolcano","Type Group":"Cone volcanoes","Type Description":"Tall, steep volcanoes often built by alternating lava and ash layers.","Activity Evidence":"Eruption Observed","Activity Class":"Observed eruption","Last Known Eruption":"1967 CE","Eruption Year":1967.0,"Eruption Period":"Since 1900","Elevation (m)":3788,"Elevation Class":"3,000 m and above","Tectonic Setting":"Subduction zone / Continental crust (>25 km)","Tectonic Group":"Subduction","Dominant Rock Type":"Dacite"}},{"type":"Feature","geometry":{"type":"Point","coordinates":[-70.492,-36.058]},"properties":{"Volcano Number":357061,"Volcano Name":"Maule, Laguna del","Country":"Chile","Volcanic Region Group":"South America Volcanic Regions","Volcanic Region":"Southern Andean Volcanic Arc","Volcano Landform":"Caldera","Primary Volcano Type":"Caldera","Type Group":"Calderas","Type Description":"Large collapse basins that can form after major eruptions empty magma chambers.","Activity Evidence":"Eruption Dated","Activity Class":"Dated eruption","Last Known Eruption":"50 BCE","Eruption Year":-50.0,"Eruption Period":"BCE record","Elevation (m)":2162,"Elevation Class":"1,000-2,999 m","Tectonic Setting":"Subduction zone / Continental crust (>25 km)","Tectonic Group":"Subduction","Dominant Rock Type":"Andesite / Basaltic Andesite"}},{"type":"Feature","geometry":{"type":"Point","coordinates":[-70.849,-35.989]},"properties":{"Volcano Number":357062,"Volcano Name":"San Pedro-Pellado","Country":"Chile","Volcanic Region Group":"South America Volcanic Regions","Volcanic Region":"Southern Andean Volcanic Arc","Volcano Landform":"Composite","Primary Volcano Type":"Stratovolcano(es)","Type Group":"Cone volcanoes","Type Description":"Tall, steep volcanoes often built by alternating lava and ash layers.","Activity Evidence":"Evidence Credible","Activity Class":"Credible evidence","Last Known Eruption":"Unknown","Eruption Year":null,"Eruption Period":"BCE record","Elevation (m)":3621,"Elevation Class":"3,000 m and above","Tectonic Setting":"Subduction zone / Continental crust (>25 km)","Tectonic Group":"Subduction","Dominant Rock Type":"Andesite / Basaltic Andesite"}},{"type":"Feature","geometry":{"type":"Point","coordinates":[-71.1641,-36.1959]},"properties":{"Volcano Number":357063,"Volcano Name":"Longavi, Nevado de","Country":"Chile","Volcanic Region Group":"South America Volcanic Regions","Volcanic Region":"Southern Andean Volcanic Arc","Volcano Landform":"Composite","Primary Volcano Type":"Stratovolcano","Type Group":"Cone volcanoes","Type Description":"Tall, steep volcanoes often built by alternating lava and ash layers.","Activity Evidence":"Eruption Dated","Activity Class":"Dated eruption","Last Known Eruption":"4890 BCE","Eruption Year":-4890.0,"Eruption Period":"BCE record","Elevation (m)":3175,"Elevation Class":"3,000 m and above","Tectonic Setting":"Subduction zone / Continental crust (>25 km)","Tectonic Group":"Subduction","Dominant Rock Type":"Andesite / Basaltic Andesite"}},{"type":"Feature","geometry":{"type":"Point","coordinates":[-71.009,-36.286]},"properties":{"Volcano Number":357064,"Volcano Name":"Blancas, Lomas","Country":"Chile","Volcanic Region Group":"South America Volcanic Regions","Volcanic Region":"Southern Andean Volcanic Arc","Volcano Landform":"Composite","Primary Volcano Type":"Stratovolcano","Type Group":"Cone volcanoes","Type Description":"Tall, steep volcanoes often built by alternating lava and ash layers.","Activity Evidence":"Evidence Credible","Activity Class":"Credible evidence","Last Known Eruption":"Unknown","Eruption Year":null,"Eruption Period":"BCE record","Elevation (m)":2268,"Elevation Class":"1,000-2,999 m","Tectonic Setting":"Subduction zone / Continental crust (>25 km)","Tectonic Group":"Subduction","Dominant Rock Type":"Basalt / Picro-Basalt"}},{"type":"Feature","geometry":{"type":"Point","coordinates":[-70.9033,-36.4606]},"properties":{"Volcano Number":357065,"Volcano Name":"Resago, Volcan","Country":"Chile","Volcanic Region Group":"South America Volcanic Regions","Volcanic Region":"Southern Andean Volcanic Arc","Volcano Landform":"Minor (Basaltic)","Primary Volcano Type":"Pyroclastic cone","Type Group":"Other or unknown","Type Description":"The database lists a less common or unspecified volcano form.","Activity Evidence":"Evidence Credible","Activity Class":"Credible evidence","Last Known Eruption":"Unknown","Eruption Year":null,"Eruption Period":"BCE record","Elevation (m)":1890,"Elevation Class":"1,000-2,999 m","Tectonic Setting":"Subduction zone / Continental crust (>25 km)","Tectonic Group":"Subduction","Dominant Rock Type":"Andesite / Basaltic Andesite"}},{"type":"Feature","geometry":{"type":"Point","coordinates":[-69.241,-36.422]},"properties":{"Volcano Number":357066,"Volcano Name":"Payun Matru","Country":"Argentina","Volcanic Region Group":"South America Volcanic Regions","Volcanic Region":"Southern Andean Volcanic Arc","Volcano Landform":"Cluster","Primary Volcano Type":"Volcanic field","Type Group":"Volcanic fields","Type Description":"Areas with many vents spread across a wider landscape.","Activity Evidence":"Eruption Dated","Activity Class":"Dated eruption","Last Known Eruption":"5050 BCE","Eruption Year":-5050.0,"Eruption Period":"BCE record","Elevation (m)":3715,"Elevation Class":"3,000 m and above","Tectonic Setting":"Subduction zone / Continental crust (>25 km)","Tectonic Group":"Subduction","Dominant Rock Type":"Trachybasalt / Tephrite Basanite"}},{"type":"Feature","geometry":{"type":"Point","coordinates":[-71.378,-36.868]},"properties":{"Volcano Number":357070,"Volcano Name":"Chillan, Nevados de","Country":"Chile","Volcanic Region Group":"South America Volcanic Regions","Volcanic Region":"Southern Andean Volcanic Arc","Volcano Landform":"Composite","Primary Volcano Type":"Stratovolcano","Type Group":"Cone volcanoes","Type Description":"Tall, steep volcanoes often built by alternating lava and ash layers.","Activity Evidence":"Eruption Observed","Activity Class":"Observed eruption","Last Known Eruption":"2022 CE","Eruption Year":2022.0,"Eruption Period":"Since 1900","Elevation (m)":3180,"Elevation Class":"3,000 m and above","Tectonic Setting":"Subduction zone / Continental crust (>25 km)","Tectonic Group":"Subduction","Dominant Rock Type":"Andesite / Basaltic Andesite"}},{"type":"Feature","geometry":{"type":"Point","coordinates":[-70.033,-37.144]},"properties":{"Volcano Number":357072,"Volcano Name":"Tromen Volcanic Plateau","Country":"Argentina","Volcanic Region Group":"South America Volcanic Regions","Volcanic Region":"Southern Andean Volcanic Arc","Volcano Landform":"Composite","Primary Volcano Type":"Stratovolcano(es)","Type Group":"Cone volcanoes","Type Description":"Tall, steep volcanoes often built by alternating lava and ash layers.","Activity Evidence":"Eruption Observed","Activity Class":"Observed eruption","Last Known Eruption":"1822 CE","Eruption Year":1822.0,"Eruption Period":"1500-1899","Elevation (m)":4114,"Elevation Class":"3,000 m and above","Tectonic Setting":"Subduction zone / Continental crust (>25 km)","Tectonic Group":"Subduction","Dominant Rock Type":"Andesite / Basaltic Andesite"}},{"type":"Feature","geometry":{"type":"Point","coordinates":[-71.349,-37.406]},"properties":{"Volcano Number":357080,"Volcano Name":"Antuco","Country":"Chile","Volcanic Region Group":"South America Volcanic Regions","Volcanic Region":"Southern Andean Volcanic Arc","Volcano Landform":"Composite","Primary Volcano Type":"Stratovolcano","Type Group":"Cone volcanoes","Type Description":"Tall, steep volcanoes often built by alternating lava and ash layers.","Activity Evidence":"Eruption Observed","Activity Class":"Observed eruption","Last Known Eruption":"1869 CE","Eruption Year":1869.0,"Eruption Period":"1500-1899","Elevation (m)":2979,"Elevation Class":"1,000-2,999 m","Tectonic Setting":"Subduction zone / Continental crust (>25 km)","Tectonic Group":"Subduction","Dominant Rock Type":"Basalt / Picro-Basalt"}},{"type":"Feature","geometry":{"type":"Point","coordinates":[-71.183,-37.856]},"properties":{"Volcano Number":357090,"Volcano Name":"Copahue","Country":"Chile-Argentina","Volcanic Region Group":"South America Volcanic Regions","Volcanic Region":"Southern Andean Volcanic Arc","Volcano Landform":"Composite","Primary Volcano Type":"Stratovolcano","Type Group":"Cone volcanoes","Type Description":"Tall, steep volcanoes often built by alternating lava and ash layers.","Activity Evidence":"Eruption Observed","Activity Class":"Observed eruption","Last Known Eruption":"2024 CE","Eruption Year":2024.0,"Eruption Period":"Since 1900","Elevation (m)":2953,"Elevation Class":"1,000-2,999 m","Tectonic Setting":"Subduction zone / Continental crust (>25 km)","Tectonic Group":"Subduction","Dominant Rock Type":"Trachybasalt / Tephrite Basanite"}},{"type":"Feature","geometry":{"type":"Point","coordinates":[-71.4464,-37.9276]},"properties":{"Volcano Number":357091,"Volcano Name":"Callaqui","Country":"Chile","Volcanic Region Group":"South America Volcanic Regions","Volcanic Region":"Southern Andean Volcanic Arc","Volcano Landform":"Composite","Primary Volcano Type":"Stratovolcano","Type Group":"Cone volcanoes","Type Description":"Tall, steep volcanoes often built by alternating lava and ash layers.","Activity Evidence":"Eruption Observed","Activity Class":"Observed eruption","Last Known Eruption":"1980 CE","Eruption Year":1980.0,"Eruption Period":"Since 1900","Elevation (m)":3099,"Elevation Class":"3,000 m and above","Tectonic Setting":"Subduction zone / Continental crust (>25 km)","Tectonic Group":"Subduction","Dominant Rock Type":"Andesite / Basaltic Andesite"}},{"type":"Feature","geometry":{"type":"Point","coordinates":[-71.645,-38.31]},"properties":{"Volcano Number":357093,"Volcano Name":"Tolhuaca","Country":"Chile","Volcanic Region Group":"South America Volcanic Regions","Volcanic Region":"Southern Andean Volcanic Arc","Volcano Landform":"Composite","Primary Volcano Type":"Stratovolcano","Type Group":"Cone volcanoes","Type Description":"Tall, steep volcanoes often built by alternating lava and ash layers.","Activity Evidence":"Evidence Credible","Activity Class":"Credible evidence","Last Known Eruption":"4000 BCE","Eruption Year":-4000.0,"Eruption Period":"BCE record","Elevation (m)":2739,"Elevation Class":"1,000-2,999 m","Tectonic Setting":"Subduction zone / Continental crust (>25 km)","Tectonic Group":"Subduction","Dominant Rock Type":"Andesite / Basaltic Andesite"}},{"type":"Feature","geometry":{"type":"Point","coordinates":[-71.586,-38.379]},"properties":{"Volcano Number":357100,"Volcano Name":"Lonquimay","Country":"Chile","Volcanic Region Group":"South America Volcanic Regions","Volcanic Region":"Southern Andean Volcanic Arc","Volcano Landform":"Composite","Primary Volcano Type":"Stratovolcano","Type Group":"Cone volcanoes","Type Description":"Tall, steep volcanoes often built by alternating lava and ash layers.","Activity Evidence":"Eruption Observed","Activity Class":"Observed eruption","Last Known Eruption":"1990 CE","Eruption Year":1990.0,"Eruption Period":"Since 1900","Elevation (m)":2832,"Elevation Class":"1,000-2,999 m","Tectonic Setting":"Subduction zone / Continental crust (>25 km)","Tectonic Group":"Subduction","Dominant Rock Type":"Andesite / Basaltic Andesite"}},{"type":"Feature","geometry":{"type":"Point","coordinates":[-70.37,-39.02]},"properties":{"Volcano Number":357102,"Volcano Name":"Blanca, Laguna","Country":"Argentina","Volcanic Region Group":"South America Volcanic Regions","Volcanic Region":"Southern Andean Volcanic Arc","Volcano Landform":"Cluster","Primary Volcano Type":"Volcanic field","Type Group":"Volcanic fields","Type Description":"Areas with many vents spread across a wider landscape.","Activity Evidence":"Evidence Credible","Activity Class":"Credible evidence","Last Known Eruption":"Unknown","Eruption Year":null,"Eruption Period":"BCE record","Elevation (m)":1700,"Elevation Class":"1,000-2,999 m","Tectonic Setting":"Intraplate / Continental crust (>25 km)","Tectonic Group":"Intraplate","Dominant Rock Type":"Basalt / Picro-Basalt"}},{"type":"Feature","geometry":{"type":"Point","coordinates":[-71.729,-38.692]},"properties":{"Volcano Number":357110,"Volcano Name":"Llaima","Country":"Chile","Volcanic Region Group":"South America Volcanic Regions","Volcanic Region":"Southern Andean Volcanic Arc","Volcano Landform":"Composite","Primary Volcano Type":"Stratovolcano","Type Group":"Cone volcanoes","Type Description":"Tall, steep volcanoes often built by alternating lava and ash layers.","Activity Evidence":"Eruption Observed","Activity Class":"Observed eruption","Last Known Eruption":"2009 CE","Eruption Year":2009.0,"Eruption Period":"Since 1900","Elevation (m)":3125,"Elevation Class":"3,000 m and above","Tectonic Setting":"Subduction zone / Continental crust (>25 km)","Tectonic Group":"Subduction","Dominant Rock Type":"Basalt / Picro-Basalt"}},{"type":"Feature","geometry":{"type":"Point","coordinates":[-71.52,-38.97]},"properties":{"Volcano Number":357111,"Volcano Name":"Sollipulli","Country":"Chile","Volcanic Region Group":"South America Volcanic Regions","Volcanic Region":"Southern Andean Volcanic Arc","Volcano Landform":"Caldera","Primary Volcano Type":"Caldera","Type Group":"Calderas","Type Description":"Large collapse basins that can form after major eruptions empty magma chambers.","Activity Evidence":"Eruption Dated","Activity Class":"Dated eruption","Last Known Eruption":"1240 CE","Eruption Year":1240.0,"Eruption Period":"1-1499 CE","Elevation (m)":2282,"Elevation Class":"1,000-2,999 m","Tectonic Setting":"Subduction zone / Continental crust (>25 km)","Tectonic Group":"Subduction","Dominant Rock Type":"Andesite / Basaltic Andesite"}},{"type":"Feature","geometry":{"type":"Point","coordinates":[-71.75,-39.25]},"properties":{"Volcano Number":357112,"Volcano Name":"Caburgua-Huelemolle","Country":"Chile","Volcanic Region Group":"South America Volcanic Regions","Volcanic Region":"Southern Andean Volcanic Arc","Volcano Landform":"Cluster","Primary Volcano Type":"Volcanic field","Type Group":"Volcanic fields","Type Description":"Areas with many vents spread across a wider landscape.","Activity Evidence":"Eruption Dated","Activity Class":"Dated eruption","Last Known Eruption":"5050 BCE","Eruption Year":-5050.0,"Eruption Period":"BCE record","Elevation (m)":1652,"Elevation Class":"1,000-2,999 m","Tectonic Setting":"Subduction zone / Continental crust (>25 km)","Tectonic Group":"Subduction","Dominant Rock Type":"Basalt / Picro-Basalt"}},{"type":"Feature","geometry":{"type":"Point","coordinates":[-71.93,-39.42]},"properties":{"Volcano Number":357120,"Volcano Name":"Villarrica","Country":"Chile","Volcanic Region Group":"South America Volcanic Regions","Volcanic Region":"Southern Andean Volcanic Arc","Volcano Landform":"Composite","Primary Volcano Type":"Stratovolcano","Type Group":"Cone volcanoes","Type Description":"Tall, steep volcanoes often built by alternating lava and ash layers.","Activity Evidence":"Eruption Observed","Activity Class":"Observed eruption","Last Known Eruption":"2025 CE","Eruption Year":2025.0,"Eruption Period":"Since 1900","Elevation (m)":2847,"Elevation Class":"1,000-2,999 m","Tectonic Setting":"Subduction zone / Continental crust (>25 km)","Tectonic Group":"Subduction","Dominant Rock Type":"Basalt / Picro-Basalt"}},{"type":"Feature","geometry":{"type":"Point","coordinates":[-71.722,-39.496]},"properties":{"Volcano Number":357121,"Volcano Name":"Quetrupillan","Country":"Chile","Volcanic Region Group":"South America Volcanic Regions","Volcanic Region":"Southern Andean Volcanic Arc","Volcano Landform":"Composite","Primary Volcano Type":"Stratovolcano","Type Group":"Cone volcanoes","Type Description":"Tall, steep volcanoes often built by alternating lava and ash layers.","Activity Evidence":"Eruption Dated","Activity Class":"Dated eruption","Last Known Eruption":"255 CE","Eruption Year":255.0,"Eruption Period":"1-1499 CE","Elevation (m)":2360,"Elevation Class":"1,000-2,999 m","Tectonic Setting":"Subduction zone / Continental crust (>25 km)","Tectonic Group":"Subduction","Dominant Rock Type":"Andesite / Basaltic Andesite"}},{"type":"Feature","geometry":{"type":"Point","coordinates":[-71.502,-39.637]},"properties":{"Volcano Number":357122,"Volcano Name":"Lanin","Country":"Chile-Argentina","Volcanic Region Group":"South America Volcanic Regions","Volcanic Region":"Southern Andean Volcanic Arc","Volcano Landform":"Composite","Primary Volcano Type":"Stratovolcano","Type Group":"Cone volcanoes","Type Description":"Tall, steep volcanoes often built by alternating lava and ash layers.","Activity Evidence":"Eruption Dated","Activity Class":"Dated eruption","Last Known Eruption":"560 CE","Eruption Year":560.0,"Eruption Period":"1-1499 CE","Elevation (m)":3776,"Elevation Class":"3,000 m and above","Tectonic Setting":"Subduction zone / Continental crust (>25 km)","Tectonic Group":"Subduction","Dominant Rock Type":"Trachyandesite / Basaltic Trachyandesite"}},{"type":"Feature","geometry":{"type":"Point","coordinates":[-71.58,-39.887]},"properties":{"Volcano Number":357123,"Volcano Name":"Huanquihue Group","Country":"Argentina","Volcanic Region Group":"South America Volcanic Regions","Volcanic Region":"Southern Andean Volcanic Arc","Volcano Landform":"Composite","Primary Volcano Type":"Stratovolcano(es)","Type Group":"Cone volcanoes","Type Description":"Tall, steep volcanoes often built by alternating lava and ash layers.","Activity Evidence":"Eruption Dated","Activity Class":"Dated eruption","Last Known Eruption":"1750 CE","Eruption Year":1750.0,"Eruption Period":"1500-1899","Elevation (m)":2189,"Elevation Class":"1,000-2,999 m","Tectonic Setting":"Subduction zone / Continental crust (>25 km)","Tectonic Group":"Subduction","Dominant Rock Type":"Basalt / Picro-Basalt"}},{"type":"Feature","geometry":{"type":"Point","coordinates":[-72.027,-39.927]},"properties":{"Volcano Number":357130,"Volcano Name":"Mocho-Choshuenco","Country":"Chile","Volcanic Region Group":"South America Volcanic Regions","Volcanic Region":"Southern Andean Volcanic Arc","Volcano Landform":"Composite","Primary Volcano Type":"Stratovolcano(es)","Type Group":"Cone volcanoes","Type Description":"Tall, steep volcanoes often built by alternating lava and ash layers.","Activity Evidence":"Eruption Observed","Activity Class":"Observed eruption","Last Known Eruption":"1937 CE","Eruption Year":1937.0,"Eruption Period":"Since 1900","Elevation (m)":2422,"Elevation Class":"1,000-2,999 m","Tectonic Setting":"Subduction zone / Continental crust (>25 km)","Tectonic Group":"Subduction","Dominant Rock Type":"Andesite / Basaltic Andesite"}},{"type":"Feature","geometry":{"type":"Point","coordinates":[-72.07,-40.35]},"properties":{"Volcano Number":357140,"Volcano Name":"Carran-Los Venados","Country":"Chile","Volcanic Region Group":"South America Volcanic Regions","Volcanic Region":"Southern Andean Volcanic Arc","Volcano Landform":"Cluster","Primary Volcano Type":"Pyroclastic cone(s)","Type Group":"Small cones","Type Description":"Smaller volcanic cones or explosion craters formed by ash, cinders, or steam blasts.","Activity Evidence":"Eruption Observed","Activity Class":"Observed eruption","Last Known Eruption":"1979 CE","Eruption Year":1979.0,"Eruption Period":"Since 1900","Elevation (m)":1114,"Elevation Class":"1,000-2,999 m","Tectonic Setting":"Subduction zone / Continental crust (>25 km)","Tectonic Group":"Subduction","Dominant Rock Type":"Basalt / Picro-Basalt"}},{"type":"Feature","geometry":{"type":"Point","coordinates":[-72.117,-40.59]},"properties":{"Volcano Number":357150,"Volcano Name":"Puyehue-Cordon Caulle","Country":"Chile","Volcanic Region Group":"South America Volcanic Regions","Volcanic Region":"Southern Andean Volcanic Arc","Volcano Landform":"Composite","Primary Volcano Type":"Stratovolcano","Type Group":"Cone volcanoes","Type Description":"Tall, steep volcanoes often built by alternating lava and ash layers.","Activity Evidence":"Eruption Observed","Activity Class":"Observed eruption","Last Known Eruption":"2012 CE","Eruption Year":2012.0,"Eruption Period":"Since 1900","Elevation (m)":2236,"Elevation Class":"1,000-2,999 m","Tectonic Setting":"Subduction zone / Continental crust (>25 km)","Tectonic Group":"Subduction","Dominant Rock Type":"Andesite / Basaltic Andesite"}},{"type":"Feature","geometry":{"type":"Point","coordinates":[-72.15,-40.783]},"properties":{"Volcano Number":357153,"Volcano Name":"Antillanca Volcanic Complex","Country":"Chile","Volcanic Region Group":"South America Volcanic Regions","Volcanic Region":"Southern Andean Volcanic Arc","Volcano Landform":"Composite","Primary Volcano Type":"Stratovolcano(es)","Type Group":"Cone volcanoes","Type Description":"Tall, steep volcanoes often built by alternating lava and ash layers.","Activity Evidence":"Eruption Dated","Activity Class":"Dated eruption","Last Known Eruption":"230 BCE","Eruption Year":-230.0,"Eruption Period":"BCE record","Elevation (m)":1979,"Elevation Class":"1,000-2,999 m","Tectonic Setting":"Subduction zone / Continental crust (>25 km)","Tectonic Group":"Subduction","Dominant Rock Type":"Basalt / Picro-Basalt"}},{"type":"Feature","geometry":{"type":"Point","coordinates":[-72.264,-40.969]},"properties":{"Volcano Number":357160,"Volcano Name":"Puntiagudo-Cordon Cenizos","Country":"Chile","Volcanic Region Group":"South America Volcanic Regions","Volcanic Region":"Southern Andean Volcanic Arc","Volcano Landform":"Composite","Primary Volcano Type":"Stratovolcano","Type Group":"Cone volcanoes","Type Description":"Tall, steep volcanoes often built by alternating lava and ash layers.","Activity Evidence":"Eruption Observed","Activity Class":"Observed eruption","Last Known Eruption":"1850 CE","Eruption Year":1850.0,"Eruption Period":"1500-1899","Elevation (m)":2493,"Elevation Class":"1,000-2,999 m","Tectonic Setting":"Subduction zone / Continental crust (>25 km)","Tectonic Group":"Subduction","Dominant Rock Type":"Andesite / Basaltic Andesite"}},{"type":"Feature","geometry":{"type":"Point","coordinates":[-72.496,-41.105]},"properties":{"Volcano Number":358010,"Volcano Name":"Osorno","Country":"Chile","Volcanic Region Group":"South America Volcanic Regions","Volcanic Region":"Southern Andean Volcanic Arc","Volcano Landform":"Composite","Primary Volcano Type":"Stratovolcano","Type Group":"Cone volcanoes","Type Description":"Tall, steep volcanoes often built by alternating lava and ash layers.","Activity Evidence":"Eruption Observed","Activity Class":"Observed eruption","Last Known Eruption":"1869 CE","Eruption Year":1869.0,"Eruption Period":"1500-1899","Elevation (m)":2659,"Elevation Class":"1,000-2,999 m","Tectonic Setting":"Subduction zone / Continental crust (>25 km)","Tectonic Group":"Subduction","Dominant Rock Type":"Basalt / Picro-Basalt"}},{"type":"Feature","geometry":{"type":"Point","coordinates":[-71.885,-41.157]},"properties":{"Volcano Number":358011,"Volcano Name":"Tronador","Country":"Chile-Argentina","Volcanic Region Group":"South America Volcanic Regions","Volcanic Region":"Southern Andean Volcanic Arc","Volcano Landform":"Composite","Primary Volcano Type":"Stratovolcano","Type Group":"Cone volcanoes","Type Description":"Tall, steep volcanoes often built by alternating lava and ash layers.","Activity Evidence":"Evidence Uncertain","Activity Class":"Uncertain evidence","Last Known Eruption":"Unknown","Eruption Year":null,"Eruption Period":"BCE record","Elevation (m)":3478,"Elevation Class":"3,000 m and above","Tectonic Setting":"Subduction zone / Continental crust (>25 km)","Tectonic Group":"Subduction","Dominant Rock Type":"Andesite / Basaltic Andesite"}},{"type":"Feature","geometry":{"type":"Point","coordinates":[-72.27,-41.3]},"properties":{"Volcano Number":358012,"Volcano Name":"Cayutue-La Vigueria","Country":"Chile","Volcanic Region Group":"South America Volcanic Regions","Volcanic Region":"Southern Andean Volcanic Arc","Volcano Landform":"Cluster","Primary Volcano Type":"Volcanic field","Type Group":"Volcanic fields","Type Description":"Areas with many vents spread across a wider landscape.","Activity Evidence":"Eruption Dated","Activity Class":"Dated eruption","Last Known Eruption":"190 BCE","Eruption Year":-190.0,"Eruption Period":"BCE record","Elevation (m)":506,"Elevation Class":"0-999 m","Tectonic Setting":"Subduction zone / Continental crust (>25 km)","Tectonic Group":"Subduction","Dominant Rock Type":"Basalt / Picro-Basalt"}},{"type":"Feature","geometry":{"type":"Point","coordinates":[-72.618,-41.33]},"properties":{"Volcano Number":358020,"Volcano Name":"Calbuco","Country":"Chile","Volcanic Region Group":"South America Volcanic Regions","Volcanic Region":"Southern Andean Volcanic Arc","Volcano Landform":"Composite","Primary Volcano Type":"Stratovolcano","Type Group":"Cone volcanoes","Type Description":"Tall, steep volcanoes often built by alternating lava and ash layers.","Activity Evidence":"Eruption Observed","Activity Class":"Observed eruption","Last Known Eruption":"2015 CE","Eruption Year":2015.0,"Eruption Period":"Since 1900","Elevation (m)":1974,"Elevation Class":"1,000-2,999 m","Tectonic Setting":"Subduction zone / Continental crust (>25 km)","Tectonic Group":"Subduction","Dominant Rock Type":"Andesite / Basaltic Andesite"}},{"type":"Feature","geometry":{"type":"Point","coordinates":[-72.396,-41.755]},"properties":{"Volcano Number":358022,"Volcano Name":"Yate","Country":"Chile","Volcanic Region Group":"South America Volcanic Regions","Volcanic Region":"Southern Andean Volcanic Arc","Volcano Landform":"Composite","Primary Volcano Type":"Stratovolcano","Type Group":"Cone volcanoes","Type Description":"Tall, steep volcanoes often built by alternating lava and ash layers.","Activity Evidence":"Eruption Dated","Activity Class":"Dated eruption","Last Known Eruption":"1090 CE","Eruption Year":1090.0,"Eruption Period":"1-1499 CE","Elevation (m)":2187,"Elevation Class":"1,000-2,999 m","Tectonic Setting":"Subduction zone / Continental crust (>25 km)","Tectonic Group":"Subduction","Dominant Rock Type":"Andesite / Basaltic Andesite"}},{"type":"Feature","geometry":{"type":"Point","coordinates":[-72.431,-41.874]},"properties":{"Volcano Number":358023,"Volcano Name":"Hornopiren","Country":"Chile","Volcanic Region Group":"South America Volcanic Regions","Volcanic Region":"Southern Andean Volcanic Arc","Volcano Landform":"Composite","Primary Volcano Type":"Stratovolcano","Type Group":"Cone volcanoes","Type Description":"Tall, steep volcanoes often built by alternating lava and ash layers.","Activity Evidence":"Eruption Dated","Activity Class":"Dated eruption","Last Known Eruption":"340 CE","Eruption Year":340.0,"Eruption Period":"1-1499 CE","Elevation (m)":1572,"Elevation Class":"1,000-2,999 m","Tectonic Setting":"Subduction zone / Continental crust (>25 km)","Tectonic Group":"Subduction","Dominant Rock Type":"Andesite / Basaltic Andesite"}},{"type":"Feature","geometry":{"type":"Point","coordinates":[-72.58,-41.88]},"properties":{"Volcano Number":358024,"Volcano Name":"Apagado","Country":"Chile","Volcanic Region Group":"South America Volcanic Regions","Volcanic Region":"Southern Andean Volcanic Arc","Volcano Landform":"Minor","Primary Volcano Type":"Pyroclastic cone","Type Group":"Other or unknown","Type Description":"The database lists a less common or unspecified volcano form.","Activity Evidence":"Eruption Dated","Activity Class":"Dated eruption","Last Known Eruption":"590 BCE","Eruption Year":-590.0,"Eruption Period":"BCE record","Elevation (m)":1210,"Elevation Class":"1,000-2,999 m","Tectonic Setting":"Subduction zone / Continental crust (>25 km)","Tectonic Group":"Subduction","Dominant Rock Type":"Basalt / Picro-Basalt"}},{"type":"Feature","geometry":{"type":"Point","coordinates":[-70.194,-42.018]},"properties":{"Volcano Number":358025,"Volcano Name":"Crater Basalt Volcanic Field","Country":"Argentina","Volcanic Region Group":"South America Volcanic Regions","Volcanic Region":"Southern Andean Volcanic Arc","Volcano Landform":"Cluster","Primary Volcano Type":"Volcanic field","Type Group":"Volcanic fields","Type Description":"Areas with many vents spread across a wider landscape.","Activity Evidence":"Evidence Credible","Activity Class":"Credible evidence","Last Known Eruption":"Unknown","Eruption Year":null,"Eruption Period":"BCE record","Elevation (m)":1344,"Elevation Class":"1,000-2,999 m","Tectonic Setting":"Intraplate / Continental crust (>25 km)","Tectonic Group":"Intraplate","Dominant Rock Type":"Trachybasalt / Tephrite Basanite"}},{"type":"Feature","geometry":{"type":"Point","coordinates":[-72.578,-42.377]},"properties":{"Volcano Number":358030,"Volcano Name":"Huequi","Country":"Chile","Volcanic Region Group":"South America Volcanic Regions","Volcanic Region":"Southern Andean Volcanic Arc","Volcano Landform":"Minor","Primary Volcano Type":"Lava dome(s)","Type Group":"Lava domes","Type Description":"Steep mounds built by thick lava that piles up near the vent.","Activity Evidence":"Eruption Observed","Activity Class":"Observed eruption","Last Known Eruption":"1920 CE","Eruption Year":1920.0,"Eruption Period":"Since 1900","Elevation (m)":1318,"Elevation Class":"1,000-2,999 m","Tectonic Setting":"Subduction zone / Continental crust (>25 km)","Tectonic Group":"Subduction","Dominant Rock Type":"Andesite / Basaltic Andesite"}},{"type":"Feature","geometry":{"type":"Point","coordinates":[-72.445,-42.799]},"properties":{"Volcano Number":358040,"Volcano Name":"Michinmahuida","Country":"Chile","Volcanic Region Group":"South America Volcanic Regions","Volcanic Region":"Southern Andean Volcanic Arc","Volcano Landform":"Composite","Primary Volcano Type":"Stratovolcano","Type Group":"Cone volcanoes","Type Description":"Tall, steep volcanoes often built by alternating lava and ash layers.","Activity Evidence":"Eruption Observed","Activity Class":"Observed eruption","Last Known Eruption":"1835 CE","Eruption Year":1835.0,"Eruption Period":"1500-1899","Elevation (m)":2452,"Elevation Class":"1,000-2,999 m","Tectonic Setting":"Subduction zone / Continental crust (>25 km)","Tectonic Group":"Subduction","Dominant Rock Type":"Andesite / Basaltic Andesite"}},{"type":"Feature","geometry":{"type":"Point","coordinates":[-72.6514,-42.8349]},"properties":{"Volcano Number":358041,"Volcano Name":"Chaiten","Country":"Chile","Volcanic Region Group":"South America Volcanic Regions","Volcanic Region":"Southern Andean Volcanic Arc","Volcano Landform":"Caldera","Primary Volcano Type":"Caldera","Type Group":"Calderas","Type Description":"Large collapse basins that can form after major eruptions empty magma chambers.","Activity Evidence":"Eruption Observed","Activity Class":"Observed eruption","Last Known Eruption":"2011 CE","Eruption Year":2011.0,"Eruption Period":"Since 1900","Elevation (m)":1122,"Elevation Class":"1,000-2,999 m","Tectonic Setting":"Subduction zone / Continental crust (>25 km)","Tectonic Group":"Subduction","Dominant Rock Type":"Rhyolite"}},{"type":"Feature","geometry":{"type":"Point","coordinates":[-72.782,-43.469]},"properties":{"Volcano Number":358049,"Volcano Name":"Yanteles","Country":"Chile","Volcanic Region Group":"South America Volcanic Regions","Volcanic Region":"Southern Andean Volcanic Arc","Volcano Landform":"Composite","Primary Volcano Type":"Stratovolcano(es)","Type Group":"Cone volcanoes","Type Description":"Tall, steep volcanoes often built by alternating lava and ash layers.","Activity Evidence":"Eruption Dated","Activity Class":"Dated eruption","Last Known Eruption":"6650 BCE","Eruption Year":-6650.0,"Eruption Period":"BCE record","Elevation (m)":1790,"Elevation Class":"1,000-2,999 m","Tectonic Setting":"Subduction zone / Continental crust (>25 km)","Tectonic Group":"Subduction","Dominant Rock Type":"Andesite / Basaltic Andesite"}},{"type":"Feature","geometry":{"type":"Point","coordinates":[-72.794,-43.189]},"properties":{"Volcano Number":358050,"Volcano Name":"Corcovado","Country":"Chile","Volcanic Region Group":"South America Volcanic Regions","Volcanic Region":"Southern Andean Volcanic Arc","Volcano Landform":"Composite","Primary Volcano Type":"Stratovolcano","Type Group":"Cone volcanoes","Type Description":"Tall, steep volcanoes often built by alternating lava and ash layers.","Activity Evidence":"Eruption Dated","Activity Class":"Dated eruption","Last Known Eruption":"4920 BCE","Eruption Year":-4920.0,"Eruption Period":"BCE record","Elevation (m)":1826,"Elevation Class":"1,000-2,999 m","Tectonic Setting":"Subduction zone / Continental crust (>25 km)","Tectonic Group":"Subduction","Dominant Rock Type":"Andesite / Basaltic Andesite"}},{"type":"Feature","geometry":{"type":"Point","coordinates":[-72.88,-44.08]},"properties":{"Volcano Number":358052,"Volcano Name":"Melimoyu","Country":"Chile","Volcanic Region Group":"South America Volcanic Regions","Volcanic Region":"Southern Andean Volcanic Arc","Volcano Landform":"Composite","Primary Volcano Type":"Stratovolcano","Type Group":"Cone volcanoes","Type Description":"Tall, steep volcanoes often built by alternating lava and ash layers.","Activity Evidence":"Eruption Dated","Activity Class":"Dated eruption","Last Known Eruption":"200 CE","Eruption Year":200.0,"Eruption Period":"1-1499 CE","Elevation (m)":2400,"Elevation Class":"1,000-2,999 m","Tectonic Setting":"Subduction zone / Continental crust (>25 km)","Tectonic Group":"Subduction","Dominant Rock Type":"Andesite / Basaltic Andesite"}},{"type":"Feature","geometry":{"type":"Point","coordinates":[-72.53,-44.3]},"properties":{"Volcano Number":358053,"Volcano Name":"Puyuhuapi","Country":"Chile","Volcanic Region Group":"South America Volcanic Regions","Volcanic Region":"Southern Andean Volcanic Arc","Volcano Landform":"Minor","Primary Volcano Type":"Pyroclastic cone(s)","Type Group":"Small cones","Type Description":"Smaller volcanic cones or explosion craters formed by ash, cinders, or steam blasts.","Activity Evidence":"Evidence Credible","Activity Class":"Credible evidence","Last Known Eruption":"Unknown","Eruption Year":null,"Eruption Period":"BCE record","Elevation (m)":524,"Elevation Class":"0-999 m","Tectonic Setting":"Subduction zone / Continental crust (>25 km)","Tectonic Group":"Subduction","Dominant Rock Type":"Basalt / Picro-Basalt"}},{"type":"Feature","geometry":{"type":"Point","coordinates":[-73.0767,-44.6931]},"properties":{"Volcano Number":358054,"Volcano Name":"Mentolat","Country":"Chile","Volcanic Region Group":"South America Volcanic Regions","Volcanic Region":"Southern Andean Volcanic Arc","Volcano Landform":"Composite","Primary Volcano Type":"Stratovolcano","Type Group":"Cone volcanoes","Type Description":"Tall, steep volcanoes often built by alternating lava and ash layers.","Activity Evidence":"Eruption Observed","Activity Class":"Observed eruption","Last Known Eruption":"1710 CE","Eruption Year":1710.0,"Eruption Period":"1500-1899","Elevation (m)":1603,"Elevation Class":"1,000-2,999 m","Tectonic Setting":"Subduction zone / Continental crust (>25 km)","Tectonic Group":"Subduction","Dominant Rock Type":"Andesite / Basaltic Andesite"}},{"type":"Feature","geometry":{"type":"Point","coordinates":[-72.984,-45.059]},"properties":{"Volcano Number":358055,"Volcano Name":"Cay","Country":"Chile","Volcanic Region Group":"South America Volcanic Regions","Volcanic Region":"Southern Andean Volcanic Arc","Volcano Landform":"Composite","Primary Volcano Type":"Stratovolcano","Type Group":"Cone volcanoes","Type Description":"Tall, steep volcanoes often built by alternating lava and ash layers.","Activity Evidence":"Evidence Uncertain","Activity Class":"Uncertain evidence","Last Known Eruption":"Unknown","Eruption Year":null,"Eruption Period":"BCE record","Elevation (m)":2090,"Elevation Class":"1,000-2,999 m","Tectonic Setting":"Subduction zone / Continental crust (>25 km)","Tectonic Group":"Subduction","Dominant Rock Type":"Andesite / Basaltic Andesite"}},{"type":"Feature","geometry":{"type":"Point","coordinates":[-73.17,-45.1]},"properties":{"Volcano Number":358056,"Volcano Name":"Maca","Country":"Chile","Volcanic Region Group":"South America Volcanic Regions","Volcanic Region":"Southern Andean Volcanic Arc","Volcano Landform":"Composite","Primary Volcano Type":"Stratovolcano","Type Group":"Cone volcanoes","Type Description":"Tall, steep volcanoes often built by alternating lava and ash layers.","Activity Evidence":"Eruption Dated","Activity Class":"Dated eruption","Last Known Eruption":"1560 CE","Eruption Year":1560.0,"Eruption Period":"1500-1899","Elevation (m)":2960,"Elevation Class":"1,000-2,999 m","Tectonic Setting":"Subduction zone / Continental crust (>25 km)","Tectonic Group":"Subduction","Dominant Rock Type":"Basalt / Picro-Basalt"}},{"type":"Feature","geometry":{"type":"Point","coordinates":[-72.97,-45.9]},"properties":{"Volcano Number":358057,"Volcano Name":"Hudson, Cerro","Country":"Chile","Volcanic Region Group":"South America Volcanic Regions","Volcanic Region":"Southern Andean Volcanic Arc","Volcano Landform":"Composite","Primary Volcano Type":"Stratovolcano","Type Group":"Cone volcanoes","Type Description":"Tall, steep volcanoes often built by alternating lava and ash layers.","Activity Evidence":"Eruption Observed","Activity Class":"Observed eruption","Last Known Eruption":"2011 CE","Eruption Year":2011.0,"Eruption Period":"Since 1900","Elevation (m)":1905,"Elevation Class":"1,000-2,999 m","Tectonic Setting":"Subduction zone / Continental crust (>25 km)","Tectonic Group":"Subduction","Dominant Rock Type":"Basalt / Picro-Basalt"}},{"type":"Feature","geometry":{"type":"Point","coordinates":[-73.504,-49.019]},"properties":{"Volcano Number":358060,"Volcano Name":"Lautaro","Country":"Chile","Volcanic Region Group":"South America Volcanic Regions","Volcanic Region":"Austral Andean Volcanic Arc","Volcano Landform":"Composite","Primary Volcano Type":"Stratovolcano","Type Group":"Cone volcanoes","Type Description":"Tall, steep volcanoes often built by alternating lava and ash layers.","Activity Evidence":"Eruption Observed","Activity Class":"Observed eruption","Last Known Eruption":"1979 CE","Eruption Year":1979.0,"Eruption Period":"Since 1900","Elevation (m)":3542,"Elevation Class":"3,000 m and above","Tectonic Setting":"Subduction zone / Continental crust (>25 km)","Tectonic Group":"Subduction","Dominant Rock Type":"Dacite"}},{"type":"Feature","geometry":{"type":"Point","coordinates":[-73.75,-50.33]},"properties":{"Volcano Number":358062,"Volcano Name":"Aguilera","Country":"Chile","Volcanic Region Group":"South America Volcanic Regions","Volcanic Region":"Austral Andean Volcanic Arc","Volcano Landform":"Composite","Primary Volcano Type":"Stratovolcano","Type Group":"Cone volcanoes","Type Description":"Tall, steep volcanoes often built by alternating lava and ash layers.","Activity Evidence":"Eruption Dated","Activity Class":"Dated eruption","Last Known Eruption":"1253 BCE","Eruption Year":-1253.0,"Eruption Period":"BCE record","Elevation (m)":2546,"Elevation Class":"1,000-2,999 m","Tectonic Setting":"Subduction zone / Continental crust (>25 km)","Tectonic Group":"Subduction","Dominant Rock Type":"Dacite"}},{"type":"Feature","geometry":{"type":"Point","coordinates":[-73.5802,-50.9395]},"properties":{"Volcano Number":358063,"Volcano Name":"Reclus","Country":"Chile","Volcanic Region Group":"South America Volcanic Regions","Volcanic Region":"Austral Andean Volcanic Arc","Volcano Landform":"Composite","Primary Volcano Type":"Pyroclastic cone","Type Group":"Other or unknown","Type Description":"The database lists a less common or unspecified volcano form.","Activity Evidence":"Eruption Observed","Activity Class":"Observed eruption","Last Known Eruption":"1908 CE","Eruption Year":1908.0,"Eruption Period":"Since 1900","Elevation (m)":1403,"Elevation Class":"1,000-2,999 m","Tectonic Setting":"Subduction zone / Continental crust (>25 km)","Tectonic Group":"Subduction","Dominant Rock Type":"Dacite"}},{"type":"Feature","geometry":{"type":"Point","coordinates":[-73.05,-45.22]},"properties":{"Volcano Number":358064,"Volcano Name":"Meullin","Country":"Chile","Volcanic Region Group":"South America Volcanic Regions","Volcanic Region":"Southern Andean Volcanic Arc","Volcano Landform":"Cluster","Primary Volcano Type":"Volcanic field","Type Group":"Volcanic fields","Type Description":"Areas with many vents spread across a wider landscape.","Activity Evidence":"Evidence Credible","Activity Class":"Credible evidence","Last Known Eruption":"Unknown","Eruption Year":null,"Eruption Period":"BCE record","Elevation (m)":1080,"Elevation Class":"1,000-2,999 m","Tectonic Setting":"Subduction zone / Continental crust (>25 km)","Tectonic Group":"Subduction","Dominant Rock Type":"Basalt / Picro-Basalt"}},{"type":"Feature","geometry":{"type":"Point","coordinates":[-73.4,-52.33]},"properties":{"Volcano Number":358070,"Volcano Name":"Burney, Monte","Country":"Chile","Volcanic Region Group":"South America Volcanic Regions","Volcanic Region":"Austral Andean Volcanic Arc","Volcano Landform":"Composite","Primary Volcano Type":"Stratovolcano","Type Group":"Cone volcanoes","Type Description":"Tall, steep volcanoes often built by alternating lava and ash layers.","Activity Evidence":"Eruption Observed","Activity Class":"Observed eruption","Last Known Eruption":"1910 CE","Eruption Year":1910.0,"Eruption Period":"Since 1900","Elevation (m)":1758,"Elevation Class":"1,000-2,999 m","Tectonic Setting":"Subduction zone / Continental crust (>25 km)","Tectonic Group":"Subduction","Dominant Rock Type":"Andesite / Basaltic Andesite"}},{"type":"Feature","geometry":{"type":"Point","coordinates":[-69.698,-52.082]},"properties":{"Volcano Number":358080,"Volcano Name":"Pali-Aike Volcanic Field","Country":"Chile-Argentina","Volcanic Region Group":"South America Volcanic Regions","Volcanic Region":"Austral Andean Volcanic Arc","Volcano Landform":"Cluster","Primary Volcano Type":"Volcanic field","Type Group":"Volcanic fields","Type Description":"Areas with many vents spread across a wider landscape.","Activity Evidence":"Eruption Dated","Activity Class":"Dated eruption","Last Known Eruption":"5550 BCE","Eruption Year":-5550.0,"Eruption Period":"BCE record","Elevation (m)":282,"Elevation Class":"0-999 m","Tectonic Setting":"Subduction zone / Continental crust (>25 km)","Tectonic Group":"Subduction","Dominant Rock Type":"Basalt / Picro-Basalt"}},{"type":"Feature","geometry":{"type":"Point","coordinates":[-70.262,-54.97]},"properties":{"Volcano Number":358090,"Volcano Name":"Fueguino","Country":"Chile","Volcanic Region Group":"South America Volcanic Regions","Volcanic Region":"Austral Andean Volcanic Arc","Volcano Landform":"Minor (Silicic)","Primary Volcano Type":"Lava dome(s)","Type Group":"Lava domes","Type Description":"Steep mounds built by thick lava that piles up near the vent.","Activity Evidence":"Eruption Observed","Activity Class":"Observed eruption","Last Known Eruption":"1820 CE","Eruption Year":1820.0,"Eruption Period":"1500-1899","Elevation (m)":157,"Elevation Class":"0-999 m","Tectonic Setting":"Subduction zone / Continental crust (>25 km)","Tectonic Group":"Subduction","Dominant Rock Type":"Andesite / Basaltic Andesite"}},{"type":"Feature","geometry":{"type":"Point","coordinates":[-63.23,17.63]},"properties":{"Volcano Number":360010,"Volcano Name":"Saba","Country":"Netherlands","Volcanic Region Group":"Middle America-Caribbean Volcanic Regions","Volcanic Region":"Lesser Antilles Volcanic Arc","Volcano Landform":"Composite","Primary Volcano Type":"Stratovolcano","Type Group":"Cone volcanoes","Type Description":"Tall, steep volcanoes often built by alternating lava and ash layers.","Activity Evidence":"Eruption Observed","Activity Class":"Observed eruption","Last Known Eruption":"1640 CE","Eruption Year":1640.0,"Eruption Period":"1500-1899","Elevation (m)":887,"Elevation Class":"0-999 m","Tectonic Setting":"Subduction zone / Oceanic crust (< 15 km)","Tectonic Group":"Subduction","Dominant Rock Type":"Andesite / Basaltic Andesite"}},{"type":"Feature","geometry":{"type":"Point","coordinates":[-62.96,17.478]},"properties":{"Volcano Number":360020,"Volcano Name":"Quill, The","Country":"Netherlands","Volcanic Region Group":"Middle America-Caribbean Volcanic Regions","Volcanic Region":"Lesser Antilles Volcanic Arc","Volcano Landform":"Composite","Primary Volcano Type":"Stratovolcano","Type Group":"Cone volcanoes","Type Description":"Tall, steep volcanoes often built by alternating lava and ash layers.","Activity Evidence":"Eruption Dated","Activity Class":"Dated eruption","Last Known Eruption":"250 CE","Eruption Year":250.0,"Eruption Period":"1-1499 CE","Elevation (m)":601,"Elevation Class":"0-999 m","Tectonic Setting":"Subduction zone / Oceanic crust (< 15 km)","Tectonic Group":"Subduction","Dominant Rock Type":"Andesite / Basaltic Andesite"}},{"type":"Feature","geometry":{"type":"Point","coordinates":[-62.8,17.37]},"properties":{"Volcano Number":360030,"Volcano Name":"Liamuiga","Country":"Saint Kitts and Nevis","Volcanic Region Group":"Middle America-Caribbean Volcanic Regions","Volcanic Region":"Lesser Antilles Volcanic Arc","Volcano Landform":"Composite","Primary Volcano Type":"Stratovolcano","Type Group":"Cone volcanoes","Type Description":"Tall, steep volcanoes often built by alternating lava and ash layers.","Activity Evidence":"Eruption Dated","Activity Class":"Dated eruption","Last Known Eruption":"160 CE","Eruption Year":160.0,"Eruption Period":"1-1499 CE","Elevation (m)":1156,"Elevation Class":"1,000-2,999 m","Tectonic Setting":"Subduction zone / Oceanic crust (< 15 km)","Tectonic Group":"Subduction","Dominant Rock Type":"Andesite / Basaltic Andesite"}},{"type":"Feature","geometry":{"type":"Point","coordinates":[-62.58,17.15]},"properties":{"Volcano Number":360040,"Volcano Name":"Nevis Peak","Country":"Saint Kitts and Nevis","Volcanic Region Group":"Middle America-Caribbean Volcanic Regions","Volcanic Region":"Lesser Antilles Volcanic Arc","Volcano Landform":"Composite","Primary Volcano Type":"Stratovolcano","Type Group":"Cone volcanoes","Type Description":"Tall, steep volcanoes often built by alternating lava and ash layers.","Activity Evidence":"Evidence Uncertain","Activity Class":"Uncertain evidence","Last Known Eruption":"Unknown","Eruption Year":null,"Eruption Period":"BCE record","Elevation (m)":985,"Elevation Class":"0-999 m","Tectonic Setting":"Subduction zone / Oceanic crust (< 15 km)","Tectonic Group":"Subduction","Dominant Rock Type":"Andesite / Basaltic Andesite"}},{"type":"Feature","geometry":{"type":"Point","coordinates":[-62.18,16.72]},"properties":{"Volcano Number":360050,"Volcano Name":"Soufriere Hills","Country":"United Kingdom","Volcanic Region Group":"Middle America-Caribbean Volcanic Regions","Volcanic Region":"Lesser Antilles Volcanic Arc","Volcano Landform":"Composite","Primary Volcano Type":"Stratovolcano","Type Group":"Cone volcanoes","Type Description":"Tall, steep volcanoes often built by alternating lava and ash layers.","Activity Evidence":"Eruption Observed","Activity Class":"Observed eruption","Last Known Eruption":"2013 CE","Eruption Year":2013.0,"Eruption Period":"Since 1900","Elevation (m)":915,"Elevation Class":"0-999 m","Tectonic Setting":"Subduction zone / Oceanic crust (< 15 km)","Tectonic Group":"Subduction","Dominant Rock Type":"Andesite / Basaltic Andesite"}},{"type":"Feature","geometry":{"type":"Point","coordinates":[-61.664,16.044]},"properties":{"Volcano Number":360060,"Volcano Name":"Soufriere Guadeloupe","Country":"France","Volcanic Region Group":"Middle America-Caribbean Volcanic Regions","Volcanic Region":"Lesser Antilles Volcanic Arc","Volcano Landform":"Composite","Primary Volcano Type":"Stratovolcano","Type Group":"Cone volcanoes","Type Description":"Tall, steep volcanoes often built by alternating lava and ash layers.","Activity Evidence":"Eruption Observed","Activity Class":"Observed eruption","Last Known Eruption":"1977 CE","Eruption Year":1977.0,"Eruption Period":"Since 1900","Elevation (m)":1467,"Elevation Class":"1,000-2,999 m","Tectonic Setting":"Subduction zone / Oceanic crust (< 15 km)","Tectonic Group":"Subduction","Dominant Rock Type":"Andesite / Basaltic Andesite"}},{"type":"Feature","geometry":{"type":"Point","coordinates":[-61.43,15.612]},"properties":{"Volcano Number":360080,"Volcano Name":"Diables, Morne aux","Country":"Dominica","Volcanic Region Group":"Middle America-Caribbean Volcanic Regions","Volcanic Region":"Lesser Antilles Volcanic Arc","Volcano Landform":"Minor","Primary Volcano Type":"Lava dome(s)","Type Group":"Lava domes","Type Description":"Steep mounds built by thick lava that piles up near the vent.","Activity Evidence":"Evidence Credible","Activity Class":"Credible evidence","Last Known Eruption":"Unknown","Eruption Year":null,"Eruption Period":"BCE record","Elevation (m)":861,"Elevation Class":"0-999 m","Tectonic Setting":"Subduction zone / Oceanic crust (< 15 km)","Tectonic Group":"Subduction","Dominant Rock Type":"Andesite / Basaltic Andesite"}},{"type":"Feature","geometry":{"type":"Point","coordinates":[-61.397,15.503]},"properties":{"Volcano Number":360090,"Volcano Name":"Diablotins, Morne","Country":"Dominica","Volcanic Region Group":"Middle America-Caribbean Volcanic Regions","Volcanic Region":"Lesser Antilles Volcanic Arc","Volcano Landform":"Composite","Primary Volcano Type":"Stratovolcano","Type Group":"Cone volcanoes","Type Description":"Tall, steep volcanoes often built by alternating lava and ash layers.","Activity Evidence":"Evidence Uncertain","Activity Class":"Uncertain evidence","Last Known Eruption":"Unknown","Eruption Year":null,"Eruption Period":"BCE record","Elevation (m)":1430,"Elevation Class":"1,000-2,999 m","Tectonic Setting":"Subduction zone / Oceanic crust (< 15 km)","Tectonic Group":"Subduction","Dominant Rock Type":"Andesite / Basaltic Andesite"}},{"type":"Feature","geometry":{"type":"Point","coordinates":[-61.33,15.37]},"properties":{"Volcano Number":360100,"Volcano Name":"Trois Pitons, Morne","Country":"Dominica","Volcanic Region Group":"Middle America-Caribbean Volcanic Regions","Volcanic Region":"Lesser Antilles Volcanic Arc","Volcano Landform":"Composite","Primary Volcano Type":"Complex","Type Group":"Complex volcanoes","Type Description":"Volcanoes with multiple vents, cones, or overlapping eruptive centers.","Activity Evidence":"Eruption Dated","Activity Class":"Dated eruption","Last Known Eruption":"920 CE","Eruption Year":920.0,"Eruption Period":"1-1499 CE","Elevation (m)":1387,"Elevation Class":"1,000-2,999 m","Tectonic Setting":"Subduction zone / Oceanic crust (< 15 km)","Tectonic Group":"Subduction","Dominant Rock Type":"Andesite / Basaltic Andesite"}},{"type":"Feature","geometry":{"type":"Point","coordinates":[-61.305,15.307]},"properties":{"Volcano Number":360101,"Volcano Name":"Watt, Morne","Country":"Dominica","Volcanic Region Group":"Middle America-Caribbean Volcanic Regions","Volcanic Region":"Lesser Antilles Volcanic Arc","Volcano Landform":"Composite","Primary Volcano Type":"Stratovolcano(es)","Type Group":"Cone volcanoes","Type Description":"Tall, steep volcanoes often built by alternating lava and ash layers.","Activity Evidence":"Eruption Observed","Activity Class":"Observed eruption","Last Known Eruption":"1997 CE","Eruption Year":1997.0,"Eruption Period":"Since 1900","Elevation (m)":1224,"Elevation Class":"1,000-2,999 m","Tectonic Setting":"Subduction zone / Oceanic crust (< 15 km)","Tectonic Group":"Subduction","Dominant Rock Type":"Andesite / Basaltic Andesite"}},{"type":"Feature","geometry":{"type":"Point","coordinates":[-61.341,15.255]},"properties":{"Volcano Number":360110,"Volcano Name":"Plat Pays, Morne","Country":"Dominica","Volcanic Region Group":"Middle America-Caribbean Volcanic Regions","Volcanic Region":"Lesser Antilles Volcanic Arc","Volcano Landform":"Composite","Primary Volcano Type":"Stratovolcano","Type Group":"Cone volcanoes","Type Description":"Tall, steep volcanoes often built by alternating lava and ash layers.","Activity Evidence":"Eruption Dated","Activity Class":"Dated eruption","Last Known Eruption":"1270 CE","Eruption Year":1270.0,"Eruption Period":"1-1499 CE","Elevation (m)":940,"Elevation Class":"0-999 m","Tectonic Setting":"Subduction zone / Oceanic crust (< 15 km)","Tectonic Group":"Subduction","Dominant Rock Type":"Dacite"}},{"type":"Feature","geometry":{"type":"Point","coordinates":[-61.166,14.809]},"properties":{"Volcano Number":360120,"Volcano Name":"Pelee","Country":"France","Volcanic Region Group":"Middle America-Caribbean Volcanic Regions","Volcanic Region":"Lesser Antilles Volcanic Arc","Volcano Landform":"Composite","Primary Volcano Type":"Stratovolcano","Type Group":"Cone volcanoes","Type Description":"Tall, steep volcanoes often built by alternating lava and ash layers.","Activity Evidence":"Eruption Observed","Activity Class":"Observed eruption","Last Known Eruption":"1932 CE","Eruption Year":1932.0,"Eruption Period":"Since 1900","Elevation (m)":1372,"Elevation Class":"1,000-2,999 m","Tectonic Setting":"Subduction zone / Oceanic crust (< 15 km)","Tectonic Group":"Subduction","Dominant Rock Type":"Andesite / Basaltic Andesite"}},{"type":"Feature","geometry":{"type":"Point","coordinates":[-61.05,13.83]},"properties":{"Volcano Number":360140,"Volcano Name":"Qualibou","Country":"Saint Lucia","Volcanic Region Group":"Middle America-Caribbean Volcanic Regions","Volcanic Region":"Lesser Antilles Volcanic Arc","Volcano Landform":"Caldera","Primary Volcano Type":"Caldera","Type Group":"Calderas","Type Description":"Large collapse basins that can form after major eruptions empty magma chambers.","Activity Evidence":"Eruption Observed","Activity Class":"Observed eruption","Last Known Eruption":"1766 CE","Eruption Year":1766.0,"Eruption Period":"1500-1899","Elevation (m)":777,"Elevation Class":"0-999 m","Tectonic Setting":"Subduction zone / Oceanic crust (< 15 km)","Tectonic Group":"Subduction","Dominant Rock Type":"Andesite / Basaltic Andesite"}},{"type":"Feature","geometry":{"type":"Point","coordinates":[-61.18,13.33]},"properties":{"Volcano Number":360150,"Volcano Name":"Soufriere St. Vincent","Country":"Saint Vincent and the Grenadines","Volcanic Region Group":"Middle America-Caribbean Volcanic Regions","Volcanic Region":"Lesser Antilles Volcanic Arc","Volcano Landform":"Composite","Primary Volcano Type":"Stratovolcano","Type Group":"Cone volcanoes","Type Description":"Tall, steep volcanoes often built by alternating lava and ash layers.","Activity Evidence":"Eruption Observed","Activity Class":"Observed eruption","Last Known Eruption":"2021 CE","Eruption Year":2021.0,"Eruption Period":"Since 1900","Elevation (m)":1220,"Elevation Class":"1,000-2,999 m","Tectonic Setting":"Subduction zone / Oceanic crust (< 15 km)","Tectonic Group":"Subduction","Dominant Rock Type":"Andesite / Basaltic Andesite"}},{"type":"Feature","geometry":{"type":"Point","coordinates":[-61.64,12.3]},"properties":{"Volcano Number":360160,"Volcano Name":"Kick 'em Jenny","Country":"Grenada","Volcanic Region Group":"Middle America-Caribbean Volcanic Regions","Volcanic Region":"Lesser Antilles Volcanic Arc","Volcano Landform":"Composite","Primary Volcano Type":"Complex","Type Group":"Complex volcanoes","Type Description":"Volcanoes with multiple vents, cones, or overlapping eruptive centers.","Activity Evidence":"Eruption Observed","Activity Class":"Observed eruption","Last Known Eruption":"2017 CE","Eruption Year":2017.0,"Eruption Period":"Since 1900","Elevation (m)":-185,"Elevation Class":"Below sea level","Tectonic Setting":"Subduction zone / Oceanic crust (< 15 km)","Tectonic Group":"Subduction","Dominant Rock Type":"Basalt / Picro-Basalt"}},{"type":"Feature","geometry":{"type":"Point","coordinates":[-61.67,12.15]},"properties":{"Volcano Number":360170,"Volcano Name":"St. Catherine","Country":"Grenada","Volcanic Region Group":"Middle America-Caribbean Volcanic Regions","Volcanic Region":"Lesser Antilles Volcanic Arc","Volcano Landform":"Composite","Primary Volcano Type":"Stratovolcano","Type Group":"Cone volcanoes","Type Description":"Tall, steep volcanoes often built by alternating lava and ash layers.","Activity Evidence":"Evidence Credible","Activity Class":"Credible evidence","Last Known Eruption":"Unknown","Eruption Year":null,"Eruption Period":"BCE record","Elevation (m)":840,"Elevation Class":"0-999 m","Tectonic Setting":"Subduction zone / Oceanic crust (< 15 km)","Tectonic Group":"Subduction","Dominant Rock Type":"Andesite / Basaltic Andesite"}},{"type":"Feature","geometry":{"type":"Point","coordinates":[-23.783,64.8]},"properties":{"Volcano Number":370010,"Volcano Name":"Snaefellsjokull","Country":"Iceland","Volcanic Region Group":"Atlantic Ocean Volcanic Regions","Volcanic Region":"Iceland Neovolcanic Rift Volcanic Province","Volcano Landform":"Composite","Primary Volcano Type":"Stratovolcano","Type Group":"Cone volcanoes","Type Description":"Tall, steep volcanoes often built by alternating lava and ash layers.","Activity Evidence":"Eruption Dated","Activity Class":"Dated eruption","Last Known Eruption":"200 CE","Eruption Year":200.0,"Eruption Period":"1-1499 CE","Elevation (m)":1446,"Elevation Class":"1,000-2,999 m","Tectonic Setting":"Rift zone / Oceanic crust (< 15 km)","Tectonic Group":"Rift","Dominant Rock Type":null}},{"type":"Feature","geometry":{"type":"Point","coordinates":[-23.283,64.866]},"properties":{"Volcano Number":370020,"Volcano Name":"Helgrindur","Country":"Iceland","Volcanic Region Group":"Atlantic Ocean Volcanic Regions","Volcanic Region":"Iceland Neovolcanic Rift Volcanic Province","Volcano Landform":"Cluster","Primary Volcano Type":"Volcanic field","Type Group":"Volcanic fields","Type Description":"Areas with many vents spread across a wider landscape.","Activity Evidence":"Evidence Credible","Activity Class":"Credible evidence","Last Known Eruption":"Unknown","Eruption Year":null,"Eruption Period":"BCE record","Elevation (m)":986,"Elevation Class":"0-999 m","Tectonic Setting":"Rift zone / Oceanic crust (< 15 km)","Tectonic Group":"Rift","Dominant Rock Type":"Basalt / Picro-Basalt"}},{"type":"Feature","geometry":{"type":"Point","coordinates":[-22.483,64.9]},"properties":{"Volcano Number":370030,"Volcano Name":"Ljosufjoll","Country":"Iceland","Volcanic Region Group":"Atlantic Ocean Volcanic Regions","Volcanic Region":"Iceland Neovolcanic Rift Volcanic Province","Volcano Landform":"Cluster","Primary Volcano Type":"Volcanic field","Type Group":"Volcanic fields","Type Description":"Areas with many vents spread across a wider landscape.","Activity Evidence":"Eruption Dated","Activity Class":"Dated eruption","Last Known Eruption":"960 CE","Eruption Year":960.0,"Eruption Period":"1-1499 CE","Elevation (m)":1063,"Elevation Class":"1,000-2,999 m","Tectonic Setting":"Rift zone / Oceanic crust (< 15 km)","Tectonic Group":"Rift","Dominant Rock Type":"Basalt / Picro-Basalt"}},{"type":"Feature","geometry":{"type":"Point","coordinates":[-22.717,63.817]},"properties":{"Volcano Number":371020,"Volcano Name":"Reykjanes","Country":"Iceland","Volcanic Region Group":"Atlantic Ocean Volcanic Regions","Volcanic Region":"Iceland Neovolcanic Rift Volcanic Province","Volcano Landform":"Cluster","Primary Volcano Type":"Crater rows","Type Group":"Other or unknown","Type Description":"The database lists a less common or unspecified volcano form.","Activity Evidence":"Eruption Observed","Activity Class":"Observed eruption","Last Known Eruption":"2025 CE","Eruption Year":2025.0,"Eruption Period":"Since 1900","Elevation (m)":140,"Elevation Class":"0-999 m","Tectonic Setting":"Rift zone / Oceanic crust (< 15 km)","Tectonic Group":"Rift","Dominant Rock Type":"Basalt / Picro-Basalt"}},{"type":"Feature","geometry":{"type":"Point","coordinates":[-23.0,63.733]},"properties":{"Volcano Number":371022,"Volcano Name":"Eldey","Country":"Iceland","Volcanic Region Group":"Atlantic Ocean Volcanic Regions","Volcanic Region":"Iceland Neovolcanic Rift Volcanic Province","Volcano Landform":"Cluster","Primary Volcano Type":"Fissure vent","Type Group":"Other or unknown","Type Description":"The database lists a less common or unspecified volcano form.","Activity Evidence":"Eruption Observed","Activity Class":"Observed eruption","Last Known Eruption":"1926 CE","Eruption Year":1926.0,"Eruption Period":"Since 1900","Elevation (m)":70,"Elevation Class":"0-999 m","Tectonic Setting":"Rift zone / Oceanic crust (< 15 km)","Tectonic Group":"Rift","Dominant Rock Type":null}},{"type":"Feature","geometry":{"type":"Point","coordinates":[-22.067,63.917]},"properties":{"Volcano Number":371030,"Volcano Name":"Krysuvik-Trolladyngja","Country":"Iceland","Volcanic Region Group":"Atlantic Ocean Volcanic Regions","Volcanic Region":"Iceland Neovolcanic Rift Volcanic Province","Volcano Landform":"Cluster","Primary Volcano Type":"Crater rows","Type Group":"Other or unknown","Type Description":"The database lists a less common or unspecified volcano form.","Activity Evidence":"Eruption Observed","Activity Class":"Observed eruption","Last Known Eruption":"1340 CE","Eruption Year":1340.0,"Eruption Period":"1-1499 CE","Elevation (m)":360,"Elevation Class":"0-999 m","Tectonic Setting":"Rift zone / Oceanic crust (< 15 km)","Tectonic Group":"Rift","Dominant Rock Type":"Basalt / Picro-Basalt"}},{"type":"Feature","geometry":{"type":"Point","coordinates":[-22.258,63.895]},"properties":{"Volcano Number":371032,"Volcano Name":"Fagradalsfjall","Country":"Iceland","Volcanic Region Group":"Atlantic Ocean Volcanic Regions","Volcanic Region":"Iceland Neovolcanic Rift Volcanic Province","Volcano Landform":"Cluster","Primary Volcano Type":"Fissure vent","Type Group":"Other or unknown","Type Description":"The database lists a less common or unspecified volcano form.","Activity Evidence":"Eruption Observed","Activity Class":"Observed eruption","Last Known Eruption":"2023 CE","Eruption Year":2023.0,"Eruption Period":"Since 1900","Elevation (m)":250,"Elevation Class":"0-999 m","Tectonic Setting":"Rift zone / Oceanic crust (< 15 km)","Tectonic Group":"Rift","Dominant Rock Type":null}},{"type":"Feature","geometry":{"type":"Point","coordinates":[-21.783,63.933]},"properties":{"Volcano Number":371040,"Volcano Name":"Brennisteinsfjoll","Country":"Iceland","Volcanic Region Group":"Atlantic Ocean Volcanic Regions","Volcanic Region":"Iceland Neovolcanic Rift Volcanic Province","Volcano Landform":"Cluster","Primary Volcano Type":"Crater rows","Type Group":"Other or unknown","Type Description":"The database lists a less common or unspecified volcano form.","Activity Evidence":"Eruption Observed","Activity Class":"Observed eruption","Last Known Eruption":"1341 CE","Eruption Year":1341.0,"Eruption Period":"1-1499 CE","Elevation (m)":610,"Elevation Class":"0-999 m","Tectonic Setting":"Rift zone / Oceanic crust (< 15 km)","Tectonic Group":"Rift","Dominant Rock Type":"Basalt / Picro-Basalt"}},{"type":"Feature","geometry":{"type":"Point","coordinates":[-21.416,64.083]},"properties":{"Volcano Number":371050,"Volcano Name":"Hengill","Country":"Iceland","Volcanic Region Group":"Atlantic Ocean Volcanic Regions","Volcanic Region":"Iceland Neovolcanic Rift Volcanic Province","Volcano Landform":"Cluster","Primary Volcano Type":"Crater rows","Type Group":"Other or unknown","Type Description":"The database lists a less common or unspecified volcano form.","Activity Evidence":"Eruption Dated","Activity Class":"Dated eruption","Last Known Eruption":"150 CE","Eruption Year":150.0,"Eruption Period":"1-1499 CE","Elevation (m)":803,"Elevation Class":"0-999 m","Tectonic Setting":"Rift zone / Oceanic crust (< 15 km)","Tectonic Group":"Rift","Dominant Rock Type":"Basalt / Picro-Basalt"}},{"type":"Feature","geometry":{"type":"Point","coordinates":[-21.333,64.083]},"properties":{"Volcano Number":371051,"Volcano Name":"Hromundartindur","Country":"Iceland","Volcanic Region Group":"Atlantic Ocean Volcanic Regions","Volcanic Region":"Iceland Neovolcanic Rift Volcanic Province","Volcano Landform":"Composite","Primary Volcano Type":"Stratovolcano","Type Group":"Cone volcanoes","Type Description":"Tall, steep volcanoes often built by alternating lava and ash layers.","Activity Evidence":"Evidence Uncertain","Activity Class":"Uncertain evidence","Last Known Eruption":"Unknown","Eruption Year":null,"Eruption Period":"BCE record","Elevation (m)":550,"Elevation Class":"0-999 m","Tectonic Setting":"Rift zone / Oceanic crust (< 15 km)","Tectonic Group":"Rift","Dominant Rock Type":"Basalt / Picro-Basalt"}},{"type":"Feature","geometry":{"type":"Point","coordinates":[-20.883,64.05]},"properties":{"Volcano Number":371060,"Volcano Name":"Grimsnes","Country":"Iceland","Volcanic Region Group":"Atlantic Ocean Volcanic Regions","Volcanic Region":"Iceland Neovolcanic Rift Volcanic Province","Volcano Landform":"Cluster","Primary Volcano Type":"Volcanic field","Type Group":"Volcanic fields","Type Description":"Areas with many vents spread across a wider landscape.","Activity Evidence":"Eruption Dated","Activity Class":"Dated eruption","Last Known Eruption":"3500 BCE","Eruption Year":-3500.0,"Eruption Period":"BCE record","Elevation (m)":200,"Elevation Class":"0-999 m","Tectonic Setting":"Rift zone / Oceanic crust (< 15 km)","Tectonic Group":"Rift","Dominant Rock Type":"Basalt / Picro-Basalt"}},{"type":"Feature","geometry":{"type":"Point","coordinates":[-20.666,64.583]},"properties":{"Volcano Number":371070,"Volcano Name":"Prestahnukur","Country":"Iceland","Volcanic Region Group":"Atlantic Ocean Volcanic Regions","Volcanic Region":"Iceland Neovolcanic Rift Volcanic Province","Volcano Landform":"Cluster","Primary Volcano Type":"Fissure vent(s)","Type Group":"Fissure vents","Type Description":"Linear cracks where lava erupts along a line rather than from one central cone.","Activity Evidence":"Eruption Dated","Activity Class":"Dated eruption","Last Known Eruption":"3350 BCE","Eruption Year":-3350.0,"Eruption Period":"BCE record","Elevation (m)":1385,"Elevation Class":"1,000-2,999 m","Tectonic Setting":"Rift zone / Oceanic crust (< 15 km)","Tectonic Group":"Rift","Dominant Rock Type":"Basalt / Picro-Basalt"}},{"type":"Feature","geometry":{"type":"Point","coordinates":[-19.7,64.85]},"properties":{"Volcano Number":371080,"Volcano Name":"Oddnyjarhnjukur-Langjokull","Country":"Iceland","Volcanic Region Group":"Atlantic Ocean Volcanic Regions","Volcanic Region":"Iceland Neovolcanic Rift Volcanic Province","Volcano Landform":"Cluster","Primary Volcano Type":"Fissure vent(s)","Type Group":"Fissure vents","Type Description":"Linear cracks where lava erupts along a line rather than from one central cone.","Activity Evidence":"Eruption Dated","Activity Class":"Dated eruption","Last Known Eruption":"950 CE","Eruption Year":950.0,"Eruption Period":"1-1499 CE","Elevation (m)":1100,"Elevation Class":"1,000-2,999 m","Tectonic Setting":"Rift zone / Oceanic crust (< 15 km)","Tectonic Group":"Rift","Dominant Rock Type":"Basalt / Picro-Basalt"}},{"type":"Feature","geometry":{"type":"Point","coordinates":[-18.766,64.833]},"properties":{"Volcano Number":371090,"Volcano Name":"Hofsjokull","Country":"Iceland","Volcanic Region Group":"Atlantic Ocean Volcanic Regions","Volcanic Region":"Iceland Neovolcanic Rift Volcanic Province","Volcano Landform":"Cluster","Primary Volcano Type":"Fissure vent(s)","Type Group":"Fissure vents","Type Description":"Linear cracks where lava erupts along a line rather than from one central cone.","Activity Evidence":"Evidence Credible","Activity Class":"Credible evidence","Last Known Eruption":"Unknown","Eruption Year":null,"Eruption Period":"BCE record","Elevation (m)":1765,"Elevation Class":"1,000-2,999 m","Tectonic Setting":"Rift zone / Oceanic crust (< 15 km)","Tectonic Group":"Rift","Dominant Rock Type":"Basalt / Picro-Basalt"}},{"type":"Feature","geometry":{"type":"Point","coordinates":[-20.266,63.416]},"properties":{"Volcano Number":372010,"Volcano Name":"Vestmannaeyjar","Country":"Iceland","Volcanic Region Group":"Atlantic Ocean Volcanic Regions","Volcanic Region":"Iceland Neovolcanic Rift Volcanic Province","Volcano Landform":"Cluster","Primary Volcano Type":"Fissure vent(s)","Type Group":"Fissure vents","Type Description":"Linear cracks where lava erupts along a line rather than from one central cone.","Activity Evidence":"Eruption Observed","Activity Class":"Observed eruption","Last Known Eruption":"1973 CE","Eruption Year":1973.0,"Eruption Period":"Since 1900","Elevation (m)":283,"Elevation Class":"0-999 m","Tectonic Setting":"Rift zone / Oceanic crust (< 15 km)","Tectonic Group":"Rift","Dominant Rock Type":"Basalt / Picro-Basalt"}},{"type":"Feature","geometry":{"type":"Point","coordinates":[-19.633,63.633]},"properties":{"Volcano Number":372020,"Volcano Name":"Eyjafjallajokull","Country":"Iceland","Volcanic Region Group":"Atlantic Ocean Volcanic Regions","Volcanic Region":"Iceland Neovolcanic Rift Volcanic Province","Volcano Landform":"Composite","Primary Volcano Type":"Stratovolcano","Type Group":"Cone volcanoes","Type Description":"Tall, steep volcanoes often built by alternating lava and ash layers.","Activity Evidence":"Eruption Observed","Activity Class":"Observed eruption","Last Known Eruption":"2010 CE","Eruption Year":2010.0,"Eruption Period":"Since 1900","Elevation (m)":1651,"Elevation Class":"1,000-2,999 m","Tectonic Setting":"Rift zone / Oceanic crust (< 15 km)","Tectonic Group":"Rift","Dominant Rock Type":"Basalt / Picro-Basalt"}},{"type":"Feature","geometry":{"type":"Point","coordinates":[-19.083,63.633]},"properties":{"Volcano Number":372030,"Volcano Name":"Katla","Country":"Iceland","Volcanic Region Group":"Atlantic Ocean Volcanic Regions","Volcanic Region":"Iceland Neovolcanic Rift Volcanic Province","Volcano Landform":"Cluster","Primary Volcano Type":"Fissure vent(s)","Type Group":"Fissure vents","Type Description":"Linear cracks where lava erupts along a line rather than from one central cone.","Activity Evidence":"Eruption Observed","Activity Class":"Observed eruption","Last Known Eruption":"1918 CE","Eruption Year":1918.0,"Eruption Period":"Since 1900","Elevation (m)":1490,"Elevation Class":"1,000-2,999 m","Tectonic Setting":"Rift zone / Oceanic crust (< 15 km)","Tectonic Group":"Rift","Dominant Rock Type":"Basalt / Picro-Basalt"}},{"type":"Feature","geometry":{"type":"Point","coordinates":[-19.716,63.783]},"properties":{"Volcano Number":372040,"Volcano Name":"Tindfjallajokull","Country":"Iceland","Volcanic Region Group":"Atlantic Ocean Volcanic Regions","Volcanic Region":"Iceland Neovolcanic Rift Volcanic Province","Volcano Landform":"Composite","Primary Volcano Type":"Stratovolcano","Type Group":"Cone volcanoes","Type Description":"Tall, steep volcanoes often built by alternating lava and ash layers.","Activity Evidence":"Evidence Uncertain","Activity Class":"Uncertain evidence","Last Known Eruption":"Unknown","Eruption Year":null,"Eruption Period":"BCE record","Elevation (m)":1464,"Elevation Class":"1,000-2,999 m","Tectonic Setting":"Rift zone / Oceanic crust (< 15 km)","Tectonic Group":"Rift","Dominant Rock Type":"Basalt / Picro-Basalt"}},{"type":"Feature","geometry":{"type":"Point","coordinates":[-19.122,63.892]},"properties":{"Volcano Number":372050,"Volcano Name":"Torfajokull","Country":"Iceland","Volcanic Region Group":"Atlantic Ocean Volcanic Regions","Volcanic Region":"Iceland Neovolcanic Rift Volcanic Province","Volcano Landform":"Composite","Primary Volcano Type":"Stratovolcano","Type Group":"Cone volcanoes","Type Description":"Tall, steep volcanoes often built by alternating lava and ash layers.","Activity Evidence":"Eruption Observed","Activity Class":"Observed eruption","Last Known Eruption":"1477 CE","Eruption Year":1477.0,"Eruption Period":"1-1499 CE","Elevation (m)":1280,"Elevation Class":"1,000-2,999 m","Tectonic Setting":"Rift zone / Oceanic crust (< 15 km)","Tectonic Group":"Rift","Dominant Rock Type":"Rhyolite"}},{"type":"Feature","geometry":{"type":"Point","coordinates":[-19.666,63.983]},"properties":{"Volcano Number":372070,"Volcano Name":"Hekla","Country":"Iceland","Volcanic Region Group":"Atlantic Ocean Volcanic Regions","Volcanic Region":"Iceland Neovolcanic Rift Volcanic Province","Volcano Landform":"Composite","Primary Volcano Type":"Stratovolcano","Type Group":"Cone volcanoes","Type Description":"Tall, steep volcanoes often built by alternating lava and ash layers.","Activity Evidence":"Eruption Observed","Activity Class":"Observed eruption","Last Known Eruption":"2000 CE","Eruption Year":2000.0,"Eruption Period":"Since 1900","Elevation (m)":1490,"Elevation Class":"1,000-2,999 m","Tectonic Setting":"Rift zone / Oceanic crust (< 15 km)","Tectonic Group":"Rift","Dominant Rock Type":"Andesite / Basaltic Andesite"}},{"type":"Feature","geometry":{"type":"Point","coordinates":[-17.316,64.416]},"properties":{"Volcano Number":373010,"Volcano Name":"Grimsvotn","Country":"Iceland","Volcanic Region Group":"Atlantic Ocean Volcanic Regions","Volcanic Region":"Iceland Neovolcanic Rift Volcanic Province","Volcano Landform":"Caldera","Primary Volcano Type":"Caldera","Type Group":"Calderas","Type Description":"Large collapse basins that can form after major eruptions empty magma chambers.","Activity Evidence":"Eruption Observed","Activity Class":"Observed eruption","Last Known Eruption":"2011 CE","Eruption Year":2011.0,"Eruption Period":"Since 1900","Elevation (m)":1719,"Elevation Class":"1,000-2,999 m","Tectonic Setting":"Rift zone / Oceanic crust (< 15 km)","Tectonic Group":"Rift","Dominant Rock Type":"Basalt / Picro-Basalt"}},{"type":"Feature","geometry":{"type":"Point","coordinates":[-17.617,64.267]},"properties":{"Volcano Number":373012,"Volcano Name":"Thordarhyrna","Country":"Iceland","Volcanic Region Group":"Atlantic Ocean Volcanic Regions","Volcanic Region":"Iceland Neovolcanic Rift Volcanic Province","Volcano Landform":"Composite","Primary Volcano Type":"Stratovolcano","Type Group":"Cone volcanoes","Type Description":"Tall, steep volcanoes often built by alternating lava and ash layers.","Activity Evidence":"Eruption Observed","Activity Class":"Observed eruption","Last Known Eruption":"1904 CE","Eruption Year":1904.0,"Eruption Period":"Since 1900","Elevation (m)":1650,"Elevation Class":"1,000-2,999 m","Tectonic Setting":"Rift zone / Oceanic crust (< 15 km)","Tectonic Group":"Rift","Dominant Rock Type":null}},{"type":"Feature","geometry":{"type":"Point","coordinates":[-17.516,64.633]},"properties":{"Volcano Number":373030,"Volcano Name":"Bardarbunga","Country":"Iceland","Volcanic Region Group":"Atlantic Ocean Volcanic Regions","Volcanic Region":"Iceland Neovolcanic Rift Volcanic Province","Volcano Landform":"Composite","Primary Volcano Type":"Stratovolcano","Type Group":"Cone volcanoes","Type Description":"Tall, steep volcanoes often built by alternating lava and ash layers.","Activity Evidence":"Eruption Observed","Activity Class":"Observed eruption","Last Known Eruption":"2015 CE","Eruption Year":2015.0,"Eruption Period":"Since 1900","Elevation (m)":2000,"Elevation Class":"1,000-2,999 m","Tectonic Setting":"Rift zone / Oceanic crust (< 15 km)","Tectonic Group":"Rift","Dominant Rock Type":"Basalt / Picro-Basalt"}},{"type":"Feature","geometry":{"type":"Point","coordinates":[-17.916,64.75]},"properties":{"Volcano Number":373040,"Volcano Name":"Tungnafellsjokull","Country":"Iceland","Volcanic Region Group":"Atlantic Ocean Volcanic Regions","Volcanic Region":"Iceland Neovolcanic Rift Volcanic Province","Volcano Landform":"Composite","Primary Volcano Type":"Stratovolcano","Type Group":"Cone volcanoes","Type Description":"Tall, steep volcanoes often built by alternating lava and ash layers.","Activity Evidence":"Evidence Credible","Activity Class":"Credible evidence","Last Known Eruption":"Unknown","Eruption Year":null,"Eruption Period":"BCE record","Elevation (m)":1523,"Elevation Class":"1,000-2,999 m","Tectonic Setting":"Rift zone / Oceanic crust (< 15 km)","Tectonic Group":"Rift","Dominant Rock Type":"Basalt / Picro-Basalt"}},{"type":"Feature","geometry":{"type":"Point","coordinates":[-16.647,64.653]},"properties":{"Volcano Number":373050,"Volcano Name":"Kverkfjoll","Country":"Iceland","Volcanic Region Group":"Atlantic Ocean Volcanic Regions","Volcanic Region":"Iceland Neovolcanic Rift Volcanic Province","Volcano Landform":"Composite","Primary Volcano Type":"Stratovolcano","Type Group":"Cone volcanoes","Type Description":"Tall, steep volcanoes often built by alternating lava and ash layers.","Activity Evidence":"Eruption Observed","Activity Class":"Observed eruption","Last Known Eruption":"1968 CE","Eruption Year":1968.0,"Eruption Period":"Since 1900","Elevation (m)":1930,"Elevation Class":"1,000-2,999 m","Tectonic Setting":"Rift zone / Oceanic crust (< 15 km)","Tectonic Group":"Rift","Dominant Rock Type":"Basalt / Picro-Basalt"}},{"type":"Feature","geometry":{"type":"Point","coordinates":[-16.783,65.033]},"properties":{"Volcano Number":373060,"Volcano Name":"Askja","Country":"Iceland","Volcanic Region Group":"Atlantic Ocean Volcanic Regions","Volcanic Region":"Iceland Neovolcanic Rift Volcanic Province","Volcano Landform":"Composite","Primary Volcano Type":"Stratovolcano","Type Group":"Cone volcanoes","Type Description":"Tall, steep volcanoes often built by alternating lava and ash layers.","Activity Evidence":"Eruption Observed","Activity Class":"Observed eruption","Last Known Eruption":"1961 CE","Eruption Year":1961.0,"Eruption Period":"Since 1900","Elevation (m)":1080,"Elevation Class":"1,000-2,999 m","Tectonic Setting":"Rift zone / Oceanic crust (< 15 km)","Tectonic Group":"Rift","Dominant Rock Type":"Basalt / Picro-Basalt"}},{"type":"Feature","geometry":{"type":"Point","coordinates":[-16.666,65.416]},"properties":{"Volcano Number":373070,"Volcano Name":"Fremrinamar","Country":"Iceland","Volcanic Region Group":"Atlantic Ocean Volcanic Regions","Volcanic Region":"Iceland Neovolcanic Rift Volcanic Province","Volcano Landform":"Composite","Primary Volcano Type":"Stratovolcano","Type Group":"Cone volcanoes","Type Description":"Tall, steep volcanoes often built by alternating lava and ash layers.","Activity Evidence":"Eruption Dated","Activity Class":"Dated eruption","Last Known Eruption":"1200 BCE","Eruption Year":-1200.0,"Eruption Period":"BCE record","Elevation (m)":970,"Elevation Class":"0-999 m","Tectonic Setting":"Rift zone / Oceanic crust (< 15 km)","Tectonic Group":"Rift","Dominant Rock Type":"Basalt / Picro-Basalt"}},{"type":"Feature","geometry":{"type":"Point","coordinates":[-16.728,65.715]},"properties":{"Volcano Number":373080,"Volcano Name":"Krafla","Country":"Iceland","Volcanic Region Group":"Atlantic Ocean Volcanic Regions","Volcanic Region":"Iceland Neovolcanic Rift Volcanic Province","Volcano Landform":"Cluster","Primary Volcano Type":"Caldera","Type Group":"Calderas","Type Description":"Large collapse basins that can form after major eruptions empty magma chambers.","Activity Evidence":"Eruption Observed","Activity Class":"Observed eruption","Last Known Eruption":"1984 CE","Eruption Year":1984.0,"Eruption Period":"Since 1900","Elevation (m)":800,"Elevation Class":"0-999 m","Tectonic Setting":"Rift zone / Oceanic crust (< 15 km)","Tectonic Group":"Rift","Dominant Rock Type":"Basalt / Picro-Basalt"}},{"type":"Feature","geometry":{"type":"Point","coordinates":[-16.817,65.583]},"properties":{"Volcano Number":373082,"Volcano Name":"Heidarspordar","Country":"Iceland","Volcanic Region Group":"Atlantic Ocean Volcanic Regions","Volcanic Region":"Iceland Neovolcanic Rift Volcanic Province","Volcano Landform":"Cluster","Primary Volcano Type":"Fissure vent","Type Group":"Other or unknown","Type Description":"The database lists a less common or unspecified volcano form.","Activity Evidence":"Eruption Dated","Activity Class":"Dated eruption","Last Known Eruption":"300 BCE","Eruption Year":-300.0,"Eruption Period":"BCE record","Elevation (m)":490,"Elevation Class":"0-999 m","Tectonic Setting":"Rift zone / Oceanic crust (< 15 km)","Tectonic Group":"Rift","Dominant Rock Type":null}},{"type":"Feature","geometry":{"type":"Point","coordinates":[-16.967,65.883]},"properties":{"Volcano Number":373090,"Volcano Name":"Theistareykir","Country":"Iceland","Volcanic Region Group":"Atlantic Ocean Volcanic Regions","Volcanic Region":"Iceland Neovolcanic Rift Volcanic Province","Volcano Landform":"Shield","Primary Volcano Type":"Shield","Type Group":"Shield volcanoes","Type Description":"Broad volcanoes formed by fluid lava flows that can spread far from the vent.","Activity Evidence":"Eruption Dated","Activity Class":"Dated eruption","Last Known Eruption":"900 BCE","Eruption Year":-900.0,"Eruption Period":"BCE record","Elevation (m)":563,"Elevation Class":"0-999 m","Tectonic Setting":"Rift zone / Oceanic crust (< 15 km)","Tectonic Group":"Rift","Dominant Rock Type":"Basalt / Picro-Basalt"}},{"type":"Feature","geometry":{"type":"Point","coordinates":[-17.118,66.309]},"properties":{"Volcano Number":373100,"Volcano Name":"Tjornes Fracture Zone","Country":"Iceland","Volcanic Region Group":"Atlantic Ocean Volcanic Regions","Volcanic Region":"Arctic Ridge Volcanic Province","Volcano Landform":"Cluster","Primary Volcano Type":"Fissure vent","Type Group":"Other or unknown","Type Description":"The database lists a less common or unspecified volcano form.","Activity Evidence":"Eruption Observed","Activity Class":"Observed eruption","Last Known Eruption":"1868 CE","Eruption Year":1868.0,"Eruption Period":"1500-1899","Elevation (m)":-75,"Elevation Class":"Below sea level","Tectonic Setting":"Rift zone / Oceanic crust (< 15 km)","Tectonic Group":"Rift","Dominant Rock Type":"Basalt / Picro-Basalt"}},{"type":"Feature","geometry":{"type":"Point","coordinates":[-16.65,64.0]},"properties":{"Volcano Number":374010,"Volcano Name":"Oraefajokull","Country":"Iceland","Volcanic Region Group":"Atlantic Ocean Volcanic Regions","Volcanic Region":"Iceland Neovolcanic Rift Volcanic Province","Volcano Landform":"Composite","Primary Volcano Type":"Stratovolcano","Type Group":"Cone volcanoes","Type Description":"Tall, steep volcanoes often built by alternating lava and ash layers.","Activity Evidence":"Eruption Observed","Activity Class":"Observed eruption","Last Known Eruption":"1728 CE","Eruption Year":1728.0,"Eruption Period":"1500-1899","Elevation (m)":2010,"Elevation Class":"1,000-2,999 m","Tectonic Setting":"Rift zone / Oceanic crust (< 15 km)","Tectonic Group":"Rift","Dominant Rock Type":"Basalt / Picro-Basalt"}},{"type":"Feature","geometry":{"type":"Point","coordinates":[-16.583,64.25]},"properties":{"Volcano Number":374020,"Volcano Name":"Esjufjoll","Country":"Iceland","Volcanic Region Group":"Atlantic Ocean Volcanic Regions","Volcanic Region":"Iceland Neovolcanic Rift Volcanic Province","Volcano Landform":"Composite","Primary Volcano Type":"Stratovolcano","Type Group":"Cone volcanoes","Type Description":"Tall, steep volcanoes often built by alternating lava and ash layers.","Activity Evidence":"Unrest / Holocene","Activity Class":"Unspecified","Last Known Eruption":"Unknown","Eruption Year":null,"Eruption Period":"BCE record","Elevation (m)":1620,"Elevation Class":"1,000-2,999 m","Tectonic Setting":"Rift zone / Oceanic crust (< 15 km)","Tectonic Group":"Rift","Dominant Rock Type":"Basalt / Picro-Basalt"}},{"type":"Feature","geometry":{"type":"Point","coordinates":[-15.56,64.798]},"properties":{"Volcano Number":374801,"Volcano Name":"Snaefell","Country":"Iceland","Volcanic Region Group":"Atlantic Ocean Volcanic Regions","Volcanic Region":"Iceland Neovolcanic Rift Volcanic Province","Volcano Landform":"Composite","Primary Volcano Type":"Stratovolcano","Type Group":"Cone volcanoes","Type Description":"Tall, steep volcanoes often built by alternating lava and ash layers.","Activity Evidence":"Evidence Uncertain","Activity Class":"Uncertain evidence","Last Known Eruption":"Unknown","Eruption Year":null,"Eruption Period":"BCE record","Elevation (m)":1833,"Elevation Class":"1,000-2,999 m","Tectonic Setting":"Rift zone / Oceanic crust (< 15 km)","Tectonic Group":"Rift","Dominant Rock Type":null}},{"type":"Feature","geometry":{"type":"Point","coordinates":[-18.5,66.67]},"properties":{"Volcano Number":375010,"Volcano Name":"Kolbeinsey Ridge","Country":"Iceland","Volcanic Region Group":"Atlantic Ocean Volcanic Regions","Volcanic Region":"Arctic Ridge Volcanic Province","Volcano Landform":"Cluster","Primary Volcano Type":"Fissure vent","Type Group":"Other or unknown","Type Description":"The database lists a less common or unspecified volcano form.","Activity Evidence":"Eruption Observed","Activity Class":"Observed eruption","Last Known Eruption":"1755 CE","Eruption Year":1755.0,"Eruption Period":"1500-1899","Elevation (m)":5,"Elevation Class":"0-999 m","Tectonic Setting":"Rift zone / Oceanic crust (< 15 km)","Tectonic Group":"Rift","Dominant Rock Type":"Basalt / Picro-Basalt"}},{"type":"Feature","geometry":{"type":"Point","coordinates":[-8.155,71.082]},"properties":{"Volcano Number":376010,"Volcano Name":"Jan Mayen","Country":"Norway","Volcanic Region Group":"Atlantic Ocean Volcanic Regions","Volcanic Region":"Arctic Ridge Volcanic Province","Volcano Landform":"Composite","Primary Volcano Type":"Stratovolcano","Type Group":"Cone volcanoes","Type Description":"Tall, steep volcanoes often built by alternating lava and ash layers.","Activity Evidence":"Eruption Observed","Activity Class":"Observed eruption","Last Known Eruption":"1985 CE","Eruption Year":1985.0,"Eruption Period":"Since 1900","Elevation (m)":2197,"Elevation Class":"1,000-2,999 m","Tectonic Setting":"Rift zone / Oceanic crust (< 15 km)","Tectonic Group":"Rift","Dominant Rock Type":"Basalt / Picro-Basalt"}},{"type":"Feature","geometry":{"type":"Point","coordinates":[85.25,85.608]},"properties":{"Volcano Number":377020,"Volcano Name":"East Gakkel Ridge at 85°E","Country":"Undersea Features","Volcanic Region Group":"Atlantic Ocean Volcanic Regions","Volcanic Region":"Arctic Ridge Volcanic Province","Volcano Landform":"Cluster","Primary Volcano Type":"Fissure vent","Type Group":"Other or unknown","Type Description":"The database lists a less common or unspecified volcano form.","Activity Evidence":"Evidence Credible","Activity Class":"Credible evidence","Last Known Eruption":"1999 CE","Eruption Year":1999.0,"Eruption Period":"Since 1900","Elevation (m)":-3800,"Elevation Class":"Below sea level","Tectonic Setting":"Rift zone / Oceanic crust (< 15 km)","Tectonic Group":"Rift","Dominant Rock Type":"No Data (checked)"}},{"type":"Feature","geometry":{"type":"Point","coordinates":[-38.08,38.75]},"properties":{"Volcano Number":381040,"Volcano Name":"Pico Fracture Zone","Country":"Undersea Features","Volcanic Region Group":"Atlantic Ocean Volcanic Regions","Volcanic Region":"Azores-Terceira Rift Volcanic Province","Volcano Landform":"Cluster","Primary Volcano Type":"Fissure vent","Type Group":"Other or unknown","Type Description":"The database lists a less common or unspecified volcano form.","Activity Evidence":"Eruption Observed","Activity Class":"Observed eruption","Last Known Eruption":"1865 CE","Eruption Year":1865.0,"Eruption Period":"1500-1899","Elevation (m)":-4200,"Elevation Class":"Below sea level","Tectonic Setting":"Intraplate / Oceanic crust (< 15 km)","Tectonic Group":"Intraplate","Dominant Rock Type":"No Data (checked)"}},{"type":"Feature","geometry":{"type":"Point","coordinates":[-31.216,39.462]},"properties":{"Volcano Number":382001,"Volcano Name":"Flores","Country":"Portugal","Volcanic Region Group":"Atlantic Ocean Volcanic Regions","Volcanic Region":"Azores-Terceira Rift Volcanic Province","Volcano Landform":"Composite","Primary Volcano Type":"Stratovolcano(es)","Type Group":"Cone volcanoes","Type Description":"Tall, steep volcanoes often built by alternating lava and ash layers.","Activity Evidence":"Eruption Dated","Activity Class":"Dated eruption","Last Known Eruption":"950 BCE","Eruption Year":-950.0,"Eruption Period":"BCE record","Elevation (m)":914,"Elevation Class":"0-999 m","Tectonic Setting":"Intraplate / Continental crust (>25 km)","Tectonic Group":"Intraplate","Dominant Rock Type":"Basalt / Picro-Basalt"}},{"type":"Feature","geometry":{"type":"Point","coordinates":[-28.713,38.576]},"properties":{"Volcano Number":382010,"Volcano Name":"Fayal","Country":"Portugal","Volcanic Region Group":"Atlantic Ocean Volcanic Regions","Volcanic Region":"Azores-Terceira Rift Volcanic Province","Volcano Landform":"Composite","Primary Volcano Type":"Stratovolcano","Type Group":"Cone volcanoes","Type Description":"Tall, steep volcanoes often built by alternating lava and ash layers.","Activity Evidence":"Eruption Observed","Activity Class":"Observed eruption","Last Known Eruption":"1958 CE","Eruption Year":1958.0,"Eruption Period":"Since 1900","Elevation (m)":1041,"Elevation Class":"1,000-2,999 m","Tectonic Setting":"Rift zone / Oceanic crust (< 15 km)","Tectonic Group":"Rift","Dominant Rock Type":"Andesite / Basaltic Andesite"}},{"type":"Feature","geometry":{"type":"Point","coordinates":[-28.4,38.47]},"properties":{"Volcano Number":382020,"Volcano Name":"Pico","Country":"Portugal","Volcanic Region Group":"Atlantic Ocean Volcanic Regions","Volcanic Region":"Azores-Terceira Rift Volcanic Province","Volcano Landform":"Composite","Primary Volcano Type":"Stratovolcano","Type Group":"Cone volcanoes","Type Description":"Tall, steep volcanoes often built by alternating lava and ash layers.","Activity Evidence":"Eruption Observed","Activity Class":"Observed eruption","Last Known Eruption":"1720 CE","Eruption Year":1720.0,"Eruption Period":"1500-1899","Elevation (m)":2351,"Elevation Class":"1,000-2,999 m","Tectonic Setting":"Rift zone / Oceanic crust (< 15 km)","Tectonic Group":"Rift","Dominant Rock Type":"Basalt / Picro-Basalt"}},{"type":"Feature","geometry":{"type":"Point","coordinates":[-28.08,38.65]},"properties":{"Volcano Number":382030,"Volcano Name":"Sao Jorge","Country":"Portugal","Volcanic Region Group":"Atlantic Ocean Volcanic Regions","Volcanic Region":"Azores-Terceira Rift Volcanic Province","Volcano Landform":"Cluster","Primary Volcano Type":"Fissure vent","Type Group":"Other or unknown","Type Description":"The database lists a less common or unspecified volcano form.","Activity Evidence":"Eruption Observed","Activity Class":"Observed eruption","Last Known Eruption":"1902 CE","Eruption Year":1902.0,"Eruption Period":"Since 1900","Elevation (m)":1053,"Elevation Class":"1,000-2,999 m","Tectonic Setting":"Rift zone / Oceanic crust (< 15 km)","Tectonic Group":"Rift","Dominant Rock Type":"Basalt / Picro-Basalt"}},{"type":"Feature","geometry":{"type":"Point","coordinates":[-27.97,39.02]},"properties":{"Volcano Number":382040,"Volcano Name":"Graciosa","Country":"Portugal","Volcanic Region Group":"Atlantic Ocean Volcanic Regions","Volcanic Region":"Azores-Terceira Rift Volcanic Province","Volcano Landform":"Composite","Primary Volcano Type":"Stratovolcano","Type Group":"Cone volcanoes","Type Description":"Tall, steep volcanoes often built by alternating lava and ash layers.","Activity Evidence":"Eruption Dated","Activity Class":"Dated eruption","Last Known Eruption":"1950 BCE","Eruption Year":-1950.0,"Eruption Period":"BCE record","Elevation (m)":402,"Elevation Class":"0-999 m","Tectonic Setting":"Rift zone / Oceanic crust (< 15 km)","Tectonic Group":"Rift","Dominant Rock Type":"Basalt / Picro-Basalt"}},{"type":"Feature","geometry":{"type":"Point","coordinates":[-27.32,38.73]},"properties":{"Volcano Number":382050,"Volcano Name":"Terceira","Country":"Portugal","Volcanic Region Group":"Atlantic Ocean Volcanic Regions","Volcanic Region":"Azores-Terceira Rift Volcanic Province","Volcano Landform":"Composite","Primary Volcano Type":"Stratovolcano(es)","Type Group":"Cone volcanoes","Type Description":"Tall, steep volcanoes often built by alternating lava and ash layers.","Activity Evidence":"Eruption Observed","Activity Class":"Observed eruption","Last Known Eruption":"2000 CE","Eruption Year":2000.0,"Eruption Period":"Since 1900","Elevation (m)":1023,"Elevation Class":"1,000-2,999 m","Tectonic Setting":"Rift zone / Oceanic crust (< 15 km)","Tectonic Group":"Rift","Dominant Rock Type":"Basalt / Picro-Basalt"}},{"type":"Feature","geometry":{"type":"Point","coordinates":[-26.63,38.23]},"properties":{"Volcano Number":382070,"Volcano Name":"Don Joao de Castro Bank","Country":"Portugal","Volcanic Region Group":"Atlantic Ocean Volcanic Regions","Volcanic Region":"Azores-Terceira Rift Volcanic Province","Volcano Landform":"Shield","Primary Volcano Type":"Shield","Type Group":"Shield volcanoes","Type Description":"Broad volcanoes formed by fluid lava flows that can spread far from the vent.","Activity Evidence":"Eruption Observed","Activity Class":"Observed eruption","Last Known Eruption":"1720 CE","Eruption Year":1720.0,"Eruption Period":"1500-1899","Elevation (m)":-13,"Elevation Class":"Below sea level","Tectonic Setting":"Rift zone / Oceanic crust (< 15 km)","Tectonic Group":"Rift","Dominant Rock Type":"Basalt / Picro-Basalt"}},{"type":"Feature","geometry":{"type":"Point","coordinates":[-25.785,37.865]},"properties":{"Volcano Number":382080,"Volcano Name":"Sete Cidades","Country":"Portugal","Volcanic Region Group":"Atlantic Ocean Volcanic Regions","Volcanic Region":"Azores-Terceira Rift Volcanic Province","Volcano Landform":"Composite","Primary Volcano Type":"Stratovolcano","Type Group":"Cone volcanoes","Type Description":"Tall, steep volcanoes often built by alternating lava and ash layers.","Activity Evidence":"Eruption Observed","Activity Class":"Observed eruption","Last Known Eruption":"1880 CE","Eruption Year":1880.0,"Eruption Period":"1500-1899","Elevation (m)":842,"Elevation Class":"0-999 m","Tectonic Setting":"Rift zone / Oceanic crust (< 15 km)","Tectonic Group":"Rift","Dominant Rock Type":"Trachyte / Trachydacite"}},{"type":"Feature","geometry":{"type":"Point","coordinates":[-25.67,37.78]},"properties":{"Volcano Number":382081,"Volcano Name":"Picos Fissural Volcanic System","Country":"Portugal","Volcanic Region Group":"Atlantic Ocean Volcanic Regions","Volcanic Region":"Azores-Terceira Rift Volcanic Province","Volcano Landform":"Cluster","Primary Volcano Type":"Fissure vent","Type Group":"Other or unknown","Type Description":"The database lists a less common or unspecified volcano form.","Activity Evidence":"Eruption Observed","Activity Class":"Observed eruption","Last Known Eruption":"1652 CE","Eruption Year":1652.0,"Eruption Period":"1500-1899","Elevation (m)":350,"Elevation Class":"0-999 m","Tectonic Setting":"Rift zone / Oceanic crust (< 15 km)","Tectonic Group":"Rift","Dominant Rock Type":"Trachybasalt / Tephrite Basanite"}},{"type":"Feature","geometry":{"type":"Point","coordinates":[-25.47,37.77]},"properties":{"Volcano Number":382090,"Volcano Name":"Agua de Pau","Country":"Portugal","Volcanic Region Group":"Atlantic Ocean Volcanic Regions","Volcanic Region":"Azores-Terceira Rift Volcanic Province","Volcano Landform":"Composite","Primary Volcano Type":"Stratovolcano","Type Group":"Cone volcanoes","Type Description":"Tall, steep volcanoes often built by alternating lava and ash layers.","Activity Evidence":"Eruption Observed","Activity Class":"Observed eruption","Last Known Eruption":"1564 CE","Eruption Year":1564.0,"Eruption Period":"1500-1899","Elevation (m)":947,"Elevation Class":"0-999 m","Tectonic Setting":"Rift zone / Oceanic crust (< 15 km)","Tectonic Group":"Rift","Dominant Rock Type":"Trachyte / Trachydacite"}},{"type":"Feature","geometry":{"type":"Point","coordinates":[-25.32,37.77]},"properties":{"Volcano Number":382100,"Volcano Name":"Furnas","Country":"Portugal","Volcanic Region Group":"Atlantic Ocean Volcanic Regions","Volcanic Region":"Azores-Terceira Rift Volcanic Province","Volcano Landform":"Composite","Primary Volcano Type":"Stratovolcano","Type Group":"Cone volcanoes","Type Description":"Tall, steep volcanoes often built by alternating lava and ash layers.","Activity Evidence":"Eruption Observed","Activity Class":"Observed eruption","Last Known Eruption":"1630 CE","Eruption Year":1630.0,"Eruption Period":"1500-1899","Elevation (m)":805,"Elevation Class":"0-999 m","Tectonic Setting":"Rift zone / Oceanic crust (< 15 km)","Tectonic Group":"Rift","Dominant Rock Type":"Trachyte / Trachydacite"}},{"type":"Feature","geometry":{"type":"Point","coordinates":[-25.88,37.6]},"properties":{"Volcano Number":382110,"Volcano Name":"Monaco Bank","Country":"Portugal","Volcanic Region Group":"Atlantic Ocean Volcanic Regions","Volcanic Region":"Azores-Terceira Rift Volcanic Province","Volcano Landform":"Cluster","Primary Volcano Type":"Fissure vent","Type Group":"Other or unknown","Type Description":"The database lists a less common or unspecified volcano form.","Activity Evidence":"Eruption Observed","Activity Class":"Observed eruption","Last Known Eruption":"1911 CE","Eruption Year":1911.0,"Eruption Period":"Since 1900","Elevation (m)":-197,"Elevation Class":"Below sea level","Tectonic Setting":"Rift zone / Oceanic crust (< 15 km)","Tectonic Group":"Rift","Dominant Rock Type":"No Data (checked)"}},{"type":"Feature","geometry":{"type":"Point","coordinates":[-16.97,32.73]},"properties":{"Volcano Number":382120,"Volcano Name":"Madeira","Country":"Portugal","Volcanic Region Group":"Northern Africa Volcanic Regions","Volcanic Region":"Madeira Hotspot Volcano Group","Volcano Landform":"Shield","Primary Volcano Type":"Shield","Type Group":"Shield volcanoes","Type Description":"Broad volcanoes formed by fluid lava flows that can spread far from the vent.","Activity Evidence":"Eruption Dated","Activity Class":"Dated eruption","Last Known Eruption":"4500 BCE","Eruption Year":-4500.0,"Eruption Period":"BCE record","Elevation (m)":1862,"Elevation Class":"1,000-2,999 m","Tectonic Setting":"Intraplate / Oceanic crust (< 15 km)","Tectonic Group":"Intraplate","Dominant Rock Type":"Basalt / Picro-Basalt"}},{"type":"Feature","geometry":{"type":"Point","coordinates":[-17.83,28.57]},"properties":{"Volcano Number":383010,"Volcano Name":"La Palma","Country":"Spain","Volcanic Region Group":"Northern Africa Volcanic Regions","Volcanic Region":"Canary Volcanic Province","Volcano Landform":"Composite","Primary Volcano Type":"Stratovolcano(es)","Type Group":"Cone volcanoes","Type Description":"Tall, steep volcanoes often built by alternating lava and ash layers.","Activity Evidence":"Eruption Observed","Activity Class":"Observed eruption","Last Known Eruption":"2021 CE","Eruption Year":2021.0,"Eruption Period":"Since 1900","Elevation (m)":2426,"Elevation Class":"1,000-2,999 m","Tectonic Setting":"Intraplate / Oceanic crust (< 15 km)","Tectonic Group":"Intraplate","Dominant Rock Type":"Trachybasalt / Tephrite Basanite"}},{"type":"Feature","geometry":{"type":"Point","coordinates":[-18.03,27.73]},"properties":{"Volcano Number":383020,"Volcano Name":"Hierro","Country":"Spain","Volcanic Region Group":"Northern Africa Volcanic Regions","Volcanic Region":"Canary Volcanic Province","Volcano Landform":"Shield","Primary Volcano Type":"Shield","Type Group":"Shield volcanoes","Type Description":"Broad volcanoes formed by fluid lava flows that can spread far from the vent.","Activity Evidence":"Eruption Observed","Activity Class":"Observed eruption","Last Known Eruption":"2012 CE","Eruption Year":2012.0,"Eruption Period":"Since 1900","Elevation (m)":1500,"Elevation Class":"1,000-2,999 m","Tectonic Setting":"Intraplate / Oceanic crust (< 15 km)","Tectonic Group":"Intraplate","Dominant Rock Type":"Trachybasalt / Tephrite Basanite"}},{"type":"Feature","geometry":{"type":"Point","coordinates":[-16.641,28.271]},"properties":{"Volcano Number":383030,"Volcano Name":"Tenerife","Country":"Spain","Volcanic Region Group":"Northern Africa Volcanic Regions","Volcanic Region":"Canary Volcanic Province","Volcano Landform":"Composite","Primary Volcano Type":"Stratovolcano","Type Group":"Cone volcanoes","Type Description":"Tall, steep volcanoes often built by alternating lava and ash layers.","Activity Evidence":"Eruption Observed","Activity Class":"Observed eruption","Last Known Eruption":"1909 CE","Eruption Year":1909.0,"Eruption Period":"Since 1900","Elevation (m)":3715,"Elevation Class":"3,000 m and above","Tectonic Setting":"Intraplate / Oceanic crust (< 15 km)","Tectonic Group":"Intraplate","Dominant Rock Type":"Phonolite"}},{"type":"Feature","geometry":{"type":"Point","coordinates":[-15.58,28.0]},"properties":{"Volcano Number":383040,"Volcano Name":"Gran Canaria","Country":"Spain","Volcanic Region Group":"Northern Africa Volcanic Regions","Volcanic Region":"Canary Volcanic Province","Volcano Landform":"Cluster","Primary Volcano Type":"Fissure vent(s)","Type Group":"Fissure vents","Type Description":"Linear cracks where lava erupts along a line rather than from one central cone.","Activity Evidence":"Eruption Dated","Activity Class":"Dated eruption","Last Known Eruption":"40 CE","Eruption Year":40.0,"Eruption Period":"1-1499 CE","Elevation (m)":1950,"Elevation Class":"1,000-2,999 m","Tectonic Setting":"Intraplate / Intermediate crust (15-25 km)","Tectonic Group":"Intraplate","Dominant Rock Type":"Trachybasalt / Tephrite Basanite"}},{"type":"Feature","geometry":{"type":"Point","coordinates":[-14.02,28.358]},"properties":{"Volcano Number":383050,"Volcano Name":"Fuerteventura","Country":"Spain","Volcanic Region Group":"Northern Africa Volcanic Regions","Volcanic Region":"Canary Volcanic Province","Volcano Landform":"Cluster","Primary Volcano Type":"Fissure vent(s)","Type Group":"Fissure vents","Type Description":"Linear cracks where lava erupts along a line rather than from one central cone.","Activity Evidence":"Evidence Credible","Activity Class":"Credible evidence","Last Known Eruption":"Unknown","Eruption Year":null,"Eruption Period":"BCE record","Elevation (m)":529,"Elevation Class":"0-999 m","Tectonic Setting":"Intraplate / Intermediate crust (15-25 km)","Tectonic Group":"Intraplate","Dominant Rock Type":"Basalt / Picro-Basalt"}},{"type":"Feature","geometry":{"type":"Point","coordinates":[-13.63,29.03]},"properties":{"Volcano Number":383060,"Volcano Name":"Lanzarote","Country":"Spain","Volcanic Region Group":"Northern Africa Volcanic Regions","Volcanic Region":"Canary Volcanic Province","Volcano Landform":"Cluster","Primary Volcano Type":"Fissure vent(s)","Type Group":"Fissure vents","Type Description":"Linear cracks where lava erupts along a line rather than from one central cone.","Activity Evidence":"Eruption Observed","Activity Class":"Observed eruption","Last Known Eruption":"1824 CE","Eruption Year":1824.0,"Eruption Period":"1500-1899","Elevation (m)":670,"Elevation Class":"0-999 m","Tectonic Setting":"Intraplate / Intermediate crust (15-25 km)","Tectonic Group":"Intraplate","Dominant Rock Type":"Basalt / Picro-Basalt"}},{"type":"Feature","geometry":{"type":"Point","coordinates":[-24.35,14.95]},"properties":{"Volcano Number":384010,"Volcano Name":"Fogo","Country":"Cabo Verde","Volcanic Region Group":"Northern Africa Volcanic Regions","Volcanic Region":"Cape Verde Hotspot Volcano Group","Volcano Landform":"Composite","Primary Volcano Type":"Stratovolcano","Type Group":"Cone volcanoes","Type Description":"Tall, steep volcanoes often built by alternating lava and ash layers.","Activity Evidence":"Eruption Observed","Activity Class":"Observed eruption","Last Known Eruption":"2015 CE","Eruption Year":2015.0,"Eruption Period":"Since 1900","Elevation (m)":2829,"Elevation Class":"1,000-2,999 m","Tectonic Setting":"Intraplate / Intermediate crust (15-25 km)","Tectonic Group":"Intraplate","Dominant Rock Type":"Foidite"}},{"type":"Feature","geometry":{"type":"Point","coordinates":[-24.7041,14.8514]},"properties":{"Volcano Number":384020,"Volcano Name":"Brava","Country":"Cabo Verde","Volcanic Region Group":"Northern Africa Volcanic Regions","Volcanic Region":"Cape Verde Hotspot Volcano Group","Volcano Landform":"Composite","Primary Volcano Type":"Stratovolcano","Type Group":"Cone volcanoes","Type Description":"Tall, steep volcanoes often built by alternating lava and ash layers.","Activity Evidence":"Evidence Credible","Activity Class":"Credible evidence","Last Known Eruption":"Unknown","Eruption Year":null,"Eruption Period":"BCE record","Elevation (m)":956,"Elevation Class":"0-999 m","Tectonic Setting":"Intraplate / Intermediate crust (15-25 km)","Tectonic Group":"Intraplate","Dominant Rock Type":"Foidite"}},{"type":"Feature","geometry":{"type":"Point","coordinates":[-19.596,-0.433]},"properties":{"Volcano Number":385030,"Volcano Name":"Romanche Fracture Zone","Country":"Undersea Features","Volcanic Region Group":"Atlantic Ocean Volcanic Regions","Volcanic Region":"Central Mid-Atlantic Rift Volcanic Province","Volcano Landform":"Cluster","Primary Volcano Type":"Fissure vent","Type Group":"Other or unknown","Type Description":"The database lists a less common or unspecified volcano form.","Activity Evidence":"Evidence Uncertain","Activity Class":"Uncertain evidence","Last Known Eruption":"Unknown","Eruption Year":null,"Eruption Period":"BCE record","Elevation (m)":-1528,"Elevation Class":"Below sea level","Tectonic Setting":"Rift zone / Oceanic crust (< 15 km)","Tectonic Group":"Rift","Dominant Rock Type":"No Data (checked)"}},{"type":"Feature","geometry":{"type":"Point","coordinates":[-14.3667,-7.9458]},"properties":{"Volcano Number":385050,"Volcano Name":"Ascension","Country":"United Kingdom","Volcanic Region Group":"Atlantic Ocean Volcanic Regions","Volcanic Region":"Central Mid-Atlantic Rift Volcanic Province","Volcano Landform":"Composite","Primary Volcano Type":"Stratovolcano","Type Group":"Cone volcanoes","Type Description":"Tall, steep volcanoes often built by alternating lava and ash layers.","Activity Evidence":"Eruption Dated","Activity Class":"Dated eruption","Last Known Eruption":"1508 CE","Eruption Year":1508.0,"Eruption Period":"1500-1899","Elevation (m)":822,"Elevation Class":"0-999 m","Tectonic Setting":"Rift zone / Oceanic crust (< 15 km)","Tectonic Group":"Rift","Dominant Rock Type":"Basalt / Picro-Basalt"}},{"type":"Feature","geometry":{"type":"Point","coordinates":[-5.22,-32.958]},"properties":{"Volcano Number":385052,"Volcano Name":"Walvis Ridge at 33°S","Country":"Undersea Features","Volcanic Region Group":"Atlantic Ocean Volcanic Regions","Volcanic Region":"Southern Atlantic Volcano Group","Volcano Landform":"Minor","Primary Volcano Type":"Cone","Type Group":"Other or unknown","Type Description":"The database lists a less common or unspecified volcano form.","Activity Evidence":"Eruption Observed","Activity Class":"Observed eruption","Last Known Eruption":"2002 CE","Eruption Year":2002.0,"Eruption Period":"Since 1900","Elevation (m)":-1200,"Elevation Class":"Below sea level","Tectonic Setting":"Intraplate / Oceanic crust (< 15 km)","Tectonic Group":"Intraplate","Dominant Rock Type":"No Data (checked)"}},{"type":"Feature","geometry":{"type":"Point","coordinates":[-12.28,-37.092]},"properties":{"Volcano Number":386010,"Volcano Name":"Tristan da Cunha","Country":"United Kingdom","Volcanic Region Group":"Atlantic Ocean Volcanic Regions","Volcanic Region":"Southern Atlantic Volcano Group","Volcano Landform":"Shield","Primary Volcano Type":"Shield","Type Group":"Shield volcanoes","Type Description":"Broad volcanoes formed by fluid lava flows that can spread far from the vent.","Activity Evidence":"Eruption Observed","Activity Class":"Observed eruption","Last Known Eruption":"1962 CE","Eruption Year":1962.0,"Eruption Period":"Since 1900","Elevation (m)":2060,"Elevation Class":"1,000-2,999 m","Tectonic Setting":"Rift zone / Oceanic crust (< 15 km)","Tectonic Group":"Rift","Dominant Rock Type":"Trachybasalt / Tephrite Basanite"}},{"type":"Feature","geometry":{"type":"Point","coordinates":[-12.48,-37.42]},"properties":{"Volcano Number":386011,"Volcano Name":"Nightingale Island","Country":"United Kingdom","Volcanic Region Group":"Atlantic Ocean Volcanic Regions","Volcanic Region":"Southern Atlantic Volcano Group","Volcano Landform":"Composite","Primary Volcano Type":"Stratovolcano","Type Group":"Cone volcanoes","Type Description":"Tall, steep volcanoes often built by alternating lava and ash layers.","Activity Evidence":"Eruption Observed","Activity Class":"Observed eruption","Last Known Eruption":"2004 CE","Eruption Year":2004.0,"Eruption Period":"Since 1900","Elevation (m)":365,"Elevation Class":"0-999 m","Tectonic Setting":"Rift zone / Oceanic crust (< 15 km)","Tectonic Group":"Rift","Dominant Rock Type":"Trachyte / Trachydacite"}},{"type":"Feature","geometry":{"type":"Point","coordinates":[3.351,-54.408]},"properties":{"Volcano Number":386020,"Volcano Name":"Bouvet","Country":"Norway","Volcanic Region Group":"Atlantic Ocean Volcanic Regions","Volcanic Region":"Southern Atlantic Volcano Group","Volcano Landform":"Shield","Primary Volcano Type":"Shield","Type Group":"Shield volcanoes","Type Description":"Broad volcanoes formed by fluid lava flows that can spread far from the vent.","Activity Evidence":"Eruption Dated","Activity Class":"Dated eruption","Last Known Eruption":"50 BCE","Eruption Year":-50.0,"Eruption Period":"BCE record","Elevation (m)":741,"Elevation Class":"0-999 m","Tectonic Setting":"Rift zone / Oceanic crust (< 15 km)","Tectonic Group":"Rift","Dominant Rock Type":"Basalt / Picro-Basalt"}},{"type":"Feature","geometry":{"type":"Point","coordinates":[163.25,-66.78]},"properties":{"Volcano Number":390010,"Volcano Name":"Buckle Island","Country":"Antarctica","Volcanic Region Group":"Antarctic-Scotia Volcanic Regions","Volcanic Region":"Balleny Hotspot Volcano Group","Volcano Landform":"Composite","Primary Volcano Type":"Stratovolcano","Type Group":"Cone volcanoes","Type Description":"Tall, steep volcanoes often built by alternating lava and ash layers.","Activity Evidence":"Eruption Observed","Activity Class":"Observed eruption","Last Known Eruption":"1899 CE","Eruption Year":1899.0,"Eruption Period":"1500-1899","Elevation (m)":1239,"Elevation Class":"1,000-2,999 m","Tectonic Setting":"Rift zone / Oceanic crust (< 15 km)","Tectonic Group":"Rift","Dominant Rock Type":"Trachybasalt / Tephrite Basanite"}},{"type":"Feature","geometry":{"type":"Point","coordinates":[162.47,-66.42]},"properties":{"Volcano Number":390011,"Volcano Name":"Young Island","Country":"Antarctica","Volcanic Region Group":"Antarctic-Scotia Volcanic Regions","Volcanic Region":"Balleny Hotspot Volcano Group","Volcano Landform":"Composite","Primary Volcano Type":"Stratovolcano","Type Group":"Cone volcanoes","Type Description":"Tall, steep volcanoes often built by alternating lava and ash layers.","Activity Evidence":"Evidence Uncertain","Activity Class":"Uncertain evidence","Last Known Eruption":"Unknown","Eruption Year":null,"Eruption Period":"BCE record","Elevation (m)":1340,"Elevation Class":"1,000-2,999 m","Tectonic Setting":"Rift zone / Oceanic crust (< 15 km)","Tectonic Group":"Rift","Dominant Rock Type":"Trachybasalt / Tephrite Basanite"}},{"type":"Feature","geometry":{"type":"Point","coordinates":[164.83,-67.4]},"properties":{"Volcano Number":390012,"Volcano Name":"Sturge Island","Country":"Antarctica","Volcanic Region Group":"Antarctic-Scotia Volcanic Regions","Volcanic Region":"Balleny Hotspot Volcano Group","Volcano Landform":"Composite","Primary Volcano Type":"Stratovolcano","Type Group":"Cone volcanoes","Type Description":"Tall, steep volcanoes often built by alternating lava and ash layers.","Activity Evidence":"Evidence Uncertain","Activity Class":"Uncertain evidence","Last Known Eruption":"Unknown","Eruption Year":null,"Eruption Period":"BCE record","Elevation (m)":1167,"Elevation Class":"1,000-2,999 m","Tectonic Setting":"Rift zone / Oceanic crust (< 15 km)","Tectonic Group":"Rift","Dominant Rock Type":"Trachybasalt / Tephrite Basanite"}},{"type":"Feature","geometry":{"type":"Point","coordinates":[165.5,-72.67]},"properties":{"Volcano Number":390013,"Volcano Name":"Pleiades, The","Country":"Antarctica","Volcanic Region Group":"Antarctic-Scotia Volcanic Regions","Volcanic Region":"McMurdo Volcanic Province","Volcano Landform":"Composite","Primary Volcano Type":"Stratovolcano","Type Group":"Cone volcanoes","Type Description":"Tall, steep volcanoes often built by alternating lava and ash layers.","Activity Evidence":"Eruption Dated","Activity Class":"Dated eruption","Last Known Eruption":"1050 BCE","Eruption Year":-1050.0,"Eruption Period":"BCE record","Elevation (m)":3040,"Elevation Class":"3,000 m and above","Tectonic Setting":"Intraplate / Continental crust (>25 km)","Tectonic Group":"Intraplate","Dominant Rock Type":"Trachyandesite / Basaltic Trachyandesite"}},{"type":"Feature","geometry":{"type":"Point","coordinates":[164.7,-74.35]},"properties":{"Volcano Number":390015,"Volcano Name":"Melbourne","Country":"Antarctica","Volcanic Region Group":"Antarctic-Scotia Volcanic Regions","Volcanic Region":"McMurdo Volcanic Province","Volcano Landform":"Composite","Primary Volcano Type":"Stratovolcano","Type Group":"Cone volcanoes","Type Description":"Tall, steep volcanoes often built by alternating lava and ash layers.","Activity Evidence":"Eruption Dated","Activity Class":"Dated eruption","Last Known Eruption":"1892 CE","Eruption Year":1892.0,"Eruption Period":"1500-1899","Elevation (m)":2732,"Elevation Class":"1,000-2,999 m","Tectonic Setting":"Intraplate / Continental crust (>25 km)","Tectonic Group":"Intraplate","Dominant Rock Type":"Trachyte / Trachydacite"}},{"type":"Feature","geometry":{"type":"Point","coordinates":[163.0,-76.83]},"properties":{"Volcano Number":390016,"Volcano Name":"McMurdo Province at 76.8°S","Country":"Antarctica","Volcanic Region Group":"Antarctic-Scotia Volcanic Regions","Volcanic Region":"McMurdo Volcanic Province","Volcano Landform":"Caldera","Primary Volcano Type":"Caldera","Type Group":"Calderas","Type Description":"Large collapse basins that can form after major eruptions empty magma chambers.","Activity Evidence":"Evidence Uncertain","Activity Class":"Uncertain evidence","Last Known Eruption":"Unknown","Eruption Year":null,"Eruption Period":"BCE record","Elevation (m)":-500,"Elevation Class":"Below sea level","Tectonic Setting":"Intraplate / Continental crust (>25 km)","Tectonic Group":"Intraplate","Dominant Rock Type":"No Data (checked)"}},{"type":"Feature","geometry":{"type":"Point","coordinates":[163.53,-78.5]},"properties":{"Volcano Number":390017,"Volcano Name":"Morning","Country":"Antarctica","Volcanic Region Group":"Antarctic-Scotia Volcanic Regions","Volcanic Region":"McMurdo Volcanic Province","Volcano Landform":"Shield","Primary Volcano Type":"Shield","Type Group":"Shield volcanoes","Type Description":"Broad volcanoes formed by fluid lava flows that can spread far from the vent.","Activity Evidence":"Evidence Uncertain","Activity Class":"Uncertain evidence","Last Known Eruption":"Unknown","Eruption Year":null,"Eruption Period":"BCE record","Elevation (m)":2723,"Elevation Class":"1,000-2,999 m","Tectonic Setting":"Intraplate / Continental crust (>25 km)","Tectonic Group":"Intraplate","Dominant Rock Type":"Phonolite"}},{"type":"Feature","geometry":{"type":"Point","coordinates":[167.17,-77.53]},"properties":{"Volcano Number":390020,"Volcano Name":"Erebus","Country":"Antarctica","Volcanic Region Group":"Antarctic-Scotia Volcanic Regions","Volcanic Region":"McMurdo Volcanic Province","Volcano Landform":"Composite","Primary Volcano Type":"Stratovolcano","Type Group":"Cone volcanoes","Type Description":"Tall, steep volcanoes often built by alternating lava and ash layers.","Activity Evidence":"Eruption Observed","Activity Class":"Observed eruption","Last Known Eruption":"2026 CE","Eruption Year":2026.0,"Eruption Period":"Since 1900","Elevation (m)":3794,"Elevation Class":"3,000 m and above","Tectonic Setting":"Intraplate / Continental crust (>25 km)","Tectonic Group":"Intraplate","Dominant Rock Type":"Phonolite"}},{"type":"Feature","geometry":{"type":"Point","coordinates":[163.33,-78.25]},"properties":{"Volcano Number":390021,"Volcano Name":"Royal Society Range","Country":"Antarctica","Volcanic Region Group":"Antarctic-Scotia Volcanic Regions","Volcanic Region":"McMurdo Volcanic Province","Volcano Landform":"Cluster","Primary Volcano Type":"Pyroclastic cone(s)","Type Group":"Small cones","Type Description":"Smaller volcanic cones or explosion craters formed by ash, cinders, or steam blasts.","Activity Evidence":"Evidence Uncertain","Activity Class":"Uncertain evidence","Last Known Eruption":"Unknown","Eruption Year":null,"Eruption Period":"BCE record","Elevation (m)":3000,"Elevation Class":"3,000 m and above","Tectonic Setting":"Intraplate / Continental crust (>25 km)","Tectonic Group":"Intraplate","Dominant Rock Type":"Trachyandesite / Basaltic Trachyandesite"}},{"type":"Feature","geometry":{"type":"Point","coordinates":[-136.0,-76.05]},"properties":{"Volcano Number":390022,"Volcano Name":"Berlin","Country":"Antarctica","Volcanic Region Group":"Antarctic-Scotia Volcanic Regions","Volcanic Region":"Western Antarctica Volcanic Province","Volcano Landform":"Shield","Primary Volcano Type":"Shield(s)","Type Group":"Shield volcanoes","Type Description":"Broad volcanoes formed by fluid lava flows that can spread far from the vent.","Activity Evidence":"Eruption Dated","Activity Class":"Dated eruption","Last Known Eruption":"8350 BCE","Eruption Year":-8350.0,"Eruption Period":"BCE record","Elevation (m)":3478,"Elevation Class":"3,000 m and above","Tectonic Setting":"Intraplate / Continental crust (>25 km)","Tectonic Group":"Intraplate","Dominant Rock Type":"Trachyte / Trachydacite"}},{"type":"Feature","geometry":{"type":"Point","coordinates":[-132.33,-75.8]},"properties":{"Volcano Number":390023,"Volcano Name":"Andrus","Country":"Antarctica","Volcanic Region Group":"Antarctic-Scotia Volcanic Regions","Volcanic Region":"Western Antarctica Volcanic Province","Volcano Landform":"Shield","Primary Volcano Type":"Shield(s)","Type Group":"Shield volcanoes","Type Description":"Broad volcanoes formed by fluid lava flows that can spread far from the vent.","Activity Evidence":"Evidence Uncertain","Activity Class":"Uncertain evidence","Last Known Eruption":"Unknown","Eruption Year":null,"Eruption Period":"BCE record","Elevation (m)":2978,"Elevation Class":"1,000-2,999 m","Tectonic Setting":"Intraplate / Continental crust (>25 km)","Tectonic Group":"Intraplate","Dominant Rock Type":"Trachyte / Trachydacite"}},{"type":"Feature","geometry":{"type":"Point","coordinates":[-112.08,-76.28]},"properties":{"Volcano Number":390027,"Volcano Name":"Takahe","Country":"Antarctica","Volcanic Region Group":"Antarctic-Scotia Volcanic Regions","Volcanic Region":"Western Antarctica Volcanic Province","Volcano Landform":"Shield","Primary Volcano Type":"Shield","Type Group":"Shield volcanoes","Type Description":"Broad volcanoes formed by fluid lava flows that can spread far from the vent.","Activity Evidence":"Eruption Dated","Activity Class":"Dated eruption","Last Known Eruption":"5550 BCE","Eruption Year":-5550.0,"Eruption Period":"BCE record","Elevation (m)":3460,"Elevation Class":"3,000 m and above","Tectonic Setting":"Intraplate / Continental crust (>25 km)","Tectonic Group":"Intraplate","Dominant Rock Type":"Trachyte / Trachydacite"}},{"type":"Feature","geometry":{"type":"Point","coordinates":[-99.42,-74.33]},"properties":{"Volcano Number":390028,"Volcano Name":"Hudson Mountains","Country":"Antarctica","Volcanic Region Group":"Antarctic-Scotia Volcanic Regions","Volcanic Region":"Western Antarctica Volcanic Province","Volcano Landform":"Composite","Primary Volcano Type":"Stratovolcano(es)","Type Group":"Cone volcanoes","Type Description":"Tall, steep volcanoes often built by alternating lava and ash layers.","Activity Evidence":"Eruption Dated","Activity Class":"Dated eruption","Last Known Eruption":"207 BCE","Eruption Year":-207.0,"Eruption Period":"BCE record","Elevation (m)":749,"Elevation Class":"0-999 m","Tectonic Setting":"Intraplate / Continental crust (>25 km)","Tectonic Group":"Intraplate","Dominant Rock Type":"Basalt / Picro-Basalt"}},{"type":"Feature","geometry":{"type":"Point","coordinates":[-60.6367,-62.9567]},"properties":{"Volcano Number":390030,"Volcano Name":"Deception Island","Country":"Antarctica","Volcanic Region Group":"Antarctic-Scotia Volcanic Regions","Volcanic Region":"South Shetlands Volcanic Arc","Volcano Landform":"Caldera","Primary Volcano Type":"Caldera","Type Group":"Calderas","Type Description":"Large collapse basins that can form after major eruptions empty magma chambers.","Activity Evidence":"Eruption Observed","Activity Class":"Observed eruption","Last Known Eruption":"1970 CE","Eruption Year":1970.0,"Eruption Period":"Since 1900","Elevation (m)":602,"Elevation Class":"0-999 m","Tectonic Setting":"Intraplate / Continental crust (>25 km)","Tectonic Group":"Intraplate","Dominant Rock Type":"Basalt / Picro-Basalt"}},{"type":"Feature","geometry":{"type":"Point","coordinates":[-57.93,-62.1]},"properties":{"Volcano Number":390031,"Volcano Name":"Penguin Island","Country":"Antarctica","Volcanic Region Group":"Antarctic-Scotia Volcanic Regions","Volcanic Region":"South Shetlands Volcanic Arc","Volcano Landform":"Composite","Primary Volcano Type":"Stratovolcano","Type Group":"Cone volcanoes","Type Description":"Tall, steep volcanoes often built by alternating lava and ash layers.","Activity Evidence":"Eruption Observed","Activity Class":"Observed eruption","Last Known Eruption":"1905 CE","Eruption Year":1905.0,"Eruption Period":"Since 1900","Elevation (m)":180,"Elevation Class":"0-999 m","Tectonic Setting":"Intraplate / Continental crust (>25 km)","Tectonic Group":"Intraplate","Dominant Rock Type":"Basalt / Picro-Basalt"}},{"type":"Feature","geometry":{"type":"Point","coordinates":[-56.713,-62.063]},"properties":{"Volcano Number":390040,"Volcano Name":"Bridgeman Island","Country":"Antarctica","Volcanic Region Group":"Antarctic-Scotia Volcanic Regions","Volcanic Region":"South Shetlands Volcanic Arc","Volcano Landform":"Composite","Primary Volcano Type":"Stratovolcano","Type Group":"Cone volcanoes","Type Description":"Tall, steep volcanoes often built by alternating lava and ash layers.","Activity Evidence":"Evidence Uncertain","Activity Class":"Uncertain evidence","Last Known Eruption":"Unknown","Eruption Year":null,"Eruption Period":"BCE record","Elevation (m)":240,"Elevation Class":"0-999 m","Tectonic Setting":"Intraplate / Continental crust (>25 km)","Tectonic Group":"Intraplate","Dominant Rock Type":"Andesite / Basaltic Andesite"}},{"type":"Feature","geometry":{"type":"Point","coordinates":[-55.78,-63.579]},"properties":{"Volcano Number":390041,"Volcano Name":"Paulet","Country":"Antarctica","Volcanic Region Group":"Antarctic-Scotia Volcanic Regions","Volcanic Region":"Antarctic Peninsula Volcanic Province","Volcano Landform":"Minor (Basaltic)","Primary Volcano Type":"Pyroclastic cone","Type Group":"Other or unknown","Type Description":"The database lists a less common or unspecified volcano form.","Activity Evidence":"Evidence Credible","Activity Class":"Credible evidence","Last Known Eruption":"Unknown","Eruption Year":null,"Eruption Period":"BCE record","Elevation (m)":353,"Elevation Class":"0-999 m","Tectonic Setting":"Intraplate / Continental crust (>25 km)","Tectonic Group":"Intraplate","Dominant Rock Type":"Basalt / Picro-Basalt"}},{"type":"Feature","geometry":{"type":"Point","coordinates":[-27.225,-59.442]},"properties":{"Volcano Number":390070,"Volcano Name":"Southern Thule","Country":"United Kingdom","Volcanic Region Group":"Antarctic-Scotia Volcanic Regions","Volcanic Region":"South Sandwich Volcanic Arc","Volcano Landform":"Composite","Primary Volcano Type":"Stratovolcano(es)","Type Group":"Cone volcanoes","Type Description":"Tall, steep volcanoes often built by alternating lava and ash layers.","Activity Evidence":"Eruption Observed","Activity Class":"Observed eruption","Last Known Eruption":"1975 CE","Eruption Year":1975.0,"Eruption Period":"Since 1900","Elevation (m)":1075,"Elevation Class":"1,000-2,999 m","Tectonic Setting":"Subduction zone / Oceanic crust (< 15 km)","Tectonic Group":"Subduction","Dominant Rock Type":"Andesite / Basaltic Andesite"}},{"type":"Feature","geometry":{"type":"Point","coordinates":[-26.533,-59.017]},"properties":{"Volcano Number":390080,"Volcano Name":"Bristol Island","Country":"United Kingdom","Volcanic Region Group":"Antarctic-Scotia Volcanic Regions","Volcanic Region":"South Sandwich Volcanic Arc","Volcano Landform":"Composite","Primary Volcano Type":"Stratovolcano","Type Group":"Cone volcanoes","Type Description":"Tall, steep volcanoes often built by alternating lava and ash layers.","Activity Evidence":"Eruption Observed","Activity Class":"Observed eruption","Last Known Eruption":"2016 CE","Eruption Year":2016.0,"Eruption Period":"Since 1900","Elevation (m)":1100,"Elevation Class":"1,000-2,999 m","Tectonic Setting":"Subduction zone / Oceanic crust (< 15 km)","Tectonic Group":"Subduction","Dominant Rock Type":"Basalt / Picro-Basalt"}},{"type":"Feature","geometry":{"type":"Point","coordinates":[-26.374,-58.445]},"properties":{"Volcano Number":390081,"Volcano Name":"Montagu Island","Country":"United Kingdom","Volcanic Region Group":"Antarctic-Scotia Volcanic Regions","Volcanic Region":"South Sandwich Volcanic Arc","Volcano Landform":"Shield","Primary Volcano Type":"Shield","Type Group":"Shield volcanoes","Type Description":"Broad volcanoes formed by fluid lava flows that can spread far from the vent.","Activity Evidence":"Eruption Observed","Activity Class":"Observed eruption","Last Known Eruption":"2007 CE","Eruption Year":2007.0,"Eruption Period":"Since 1900","Elevation (m)":1370,"Elevation Class":"1,000-2,999 m","Tectonic Setting":"Subduction zone / Oceanic crust (< 15 km)","Tectonic Group":"Subduction","Dominant Rock Type":"Basalt / Picro-Basalt"}},{"type":"Feature","geometry":{"type":"Point","coordinates":[-26.483,-57.8]},"properties":{"Volcano Number":390090,"Volcano Name":"Saunders","Country":"United Kingdom","Volcanic Region Group":"Antarctic-Scotia Volcanic Regions","Volcanic Region":"South Sandwich Volcanic Arc","Volcano Landform":"Composite","Primary Volcano Type":"Stratovolcano","Type Group":"Cone volcanoes","Type Description":"Tall, steep volcanoes often built by alternating lava and ash layers.","Activity Evidence":"Eruption Observed","Activity Class":"Observed eruption","Last Known Eruption":"2026 CE","Eruption Year":2026.0,"Eruption Period":"Since 1900","Elevation (m)":843,"Elevation Class":"0-999 m","Tectonic Setting":"Subduction zone / Oceanic crust (< 15 km)","Tectonic Group":"Subduction","Dominant Rock Type":"Basalt / Picro-Basalt"}},{"type":"Feature","geometry":{"type":"Point","coordinates":[-26.67,-57.08]},"properties":{"Volcano Number":390100,"Volcano Name":"Candlemas Island","Country":"United Kingdom","Volcanic Region Group":"Antarctic-Scotia Volcanic Regions","Volcanic Region":"South Sandwich Volcanic Arc","Volcano Landform":"Composite","Primary Volcano Type":"Stratovolcano","Type Group":"Cone volcanoes","Type Description":"Tall, steep volcanoes often built by alternating lava and ash layers.","Activity Evidence":"Eruption Observed","Activity Class":"Observed eruption","Last Known Eruption":"1911 CE","Eruption Year":1911.0,"Eruption Period":"Since 1900","Elevation (m)":550,"Elevation Class":"0-999 m","Tectonic Setting":"Subduction zone / Oceanic crust (< 15 km)","Tectonic Group":"Subduction","Dominant Rock Type":"Basalt / Picro-Basalt"}},{"type":"Feature","geometry":{"type":"Point","coordinates":[-27.176,-56.712]},"properties":{"Volcano Number":390110,"Volcano Name":"Hodson","Country":"United Kingdom","Volcanic Region Group":"Antarctic-Scotia Volcanic Regions","Volcanic Region":"South Sandwich Volcanic Arc","Volcano Landform":"Composite","Primary Volcano Type":"Stratovolcano","Type Group":"Cone volcanoes","Type Description":"Tall, steep volcanoes often built by alternating lava and ash layers.","Activity Evidence":"Evidence Credible","Activity Class":"Credible evidence","Last Known Eruption":"Unknown","Eruption Year":null,"Eruption Period":"BCE record","Elevation (m)":835,"Elevation Class":"0-999 m","Tectonic Setting":"Subduction zone / Oceanic crust (< 15 km)","Tectonic Group":"Subduction","Dominant Rock Type":"Basalt / Picro-Basalt"}},{"type":"Feature","geometry":{"type":"Point","coordinates":[-28.14,-56.656]},"properties":{"Volcano Number":390120,"Volcano Name":"Leskov Island","Country":"United Kingdom","Volcanic Region Group":"Antarctic-Scotia Volcanic Regions","Volcanic Region":"South Sandwich Volcanic Arc","Volcano Landform":"Composite","Primary Volcano Type":"Stratovolcano","Type Group":"Cone volcanoes","Type Description":"Tall, steep volcanoes often built by alternating lava and ash layers.","Activity Evidence":"Unrest / Holocene","Activity Class":"Unspecified","Last Known Eruption":"Unknown","Eruption Year":null,"Eruption Period":"BCE record","Elevation (m)":190,"Elevation Class":"0-999 m","Tectonic Setting":"Subduction zone / Oceanic crust (< 15 km)","Tectonic Group":"Subduction","Dominant Rock Type":"Andesite / Basaltic Andesite"}},{"type":"Feature","geometry":{"type":"Point","coordinates":[-27.57,-56.3]},"properties":{"Volcano Number":390130,"Volcano Name":"Zavodovski","Country":"United Kingdom","Volcanic Region Group":"Antarctic-Scotia Volcanic Regions","Volcanic Region":"South Sandwich Volcanic Arc","Volcano Landform":"Composite","Primary Volcano Type":"Stratovolcano","Type Group":"Cone volcanoes","Type Description":"Tall, steep volcanoes often built by alternating lava and ash layers.","Activity Evidence":"Eruption Observed","Activity Class":"Observed eruption","Last Known Eruption":"2016 CE","Eruption Year":2016.0,"Eruption Period":"Since 1900","Elevation (m)":551,"Elevation Class":"0-999 m","Tectonic Setting":"Subduction zone / Oceanic crust (< 15 km)","Tectonic Group":"Subduction","Dominant Rock Type":"Basalt / Picro-Basalt"}},{"type":"Feature","geometry":{"type":"Point","coordinates":[-28.167,-55.912]},"properties":{"Volcano Number":390140,"Volcano Name":"Protector Seamounts","Country":"United Kingdom","Volcanic Region Group":"Antarctic-Scotia Volcanic Regions","Volcanic Region":"South Sandwich Volcanic Arc","Volcano Landform":"Cluster","Primary Volcano Type":"Volcanic field","Type Group":"Volcanic fields","Type Description":"Areas with many vents spread across a wider landscape.","Activity Evidence":"Eruption Observed","Activity Class":"Observed eruption","Last Known Eruption":"1962 CE","Eruption Year":1962.0,"Eruption Period":"Since 1900","Elevation (m)":-55,"Elevation Class":"Below sea level","Tectonic Setting":"Subduction zone / Oceanic crust (< 15 km)","Tectonic Group":"Subduction","Dominant Rock Type":"Rhyolite"}},{"type":"Feature","geometry":{"type":"Point","coordinates":[-57.75,-64.15]},"properties":{"Volcano Number":390829,"Volcano Name":"Mount Haddington Volcanic Field","Country":"Antarctica","Volcanic Region Group":"Antarctic-Scotia Volcanic Regions","Volcanic Region":"Antarctic Peninsula Volcanic Province","Volcano Landform":"Shield","Primary Volcano Type":"Shield","Type Group":"Shield volcanoes","Type Description":"Broad volcanoes formed by fluid lava flows that can spread far from the vent.","Activity Evidence":"Evidence Credible","Activity Class":"Credible evidence","Last Known Eruption":"Unknown","Eruption Year":null,"Eruption Period":"BCE record","Elevation (m)":1544,"Elevation Class":"1,000-2,999 m","Tectonic Setting":"Intraplate / Continental crust (>25 km)","Tectonic Group":"Intraplate","Dominant Rock Type":"Basalt / Picro-Basalt"}},{"type":"Feature","geometry":{"type":"Point","coordinates":[-57.67,-62.02]},"properties":{"Volcano Number":390847,"Volcano Name":"Melville","Country":"Antarctica","Volcanic Region Group":"Antarctic-Scotia Volcanic Regions","Volcanic Region":"South Shetlands Volcanic Arc","Volcano Landform":"Composite","Primary Volcano Type":"Stratovolcano","Type Group":"Cone volcanoes","Type Description":"Tall, steep volcanoes often built by alternating lava and ash layers.","Activity Evidence":"Evidence Uncertain","Activity Class":"Uncertain evidence","Last Known Eruption":"Unknown","Eruption Year":null,"Eruption Period":"BCE record","Elevation (m)":549,"Elevation Class":"0-999 m","Tectonic Setting":"Intraplate / Continental crust (>25 km)","Tectonic Group":"Intraplate","Dominant Rock Type":null}}]}